mu_target,t_ac_target,cv_target,ratio,sigma_sum,success,error_message,rho,d,sigma_b,sigma_u,mu_observed,cv_observed,t_ac_observed,variance_observed,mean_rel_error_pct,cv_rel_error_pct,t_ac_rel_error_pct,trajectory_filename
1000.0,43.38743269909173,1.7215519584715366,1.0,1,True,,3056.25543534264,0.02359838459964105,0.007721339102336977,0.992278660897663,1128.2443243243242,1.6316377144880192,42.84876351791787,3388861.230846165,12.824432432432422,5.222859730783086,1.241532738085105,mRNA_trajectories_1000.000_1.722_43.387.csv
1000.0,96.17708989279345,0.9671149142086506,1.0,1,True,,954.6354451589415,0.010507196190681814,0.01100650121883168,0.9889934987811683,942.6697325102881,0.9687995084454614,92.59503342275046,834040.1261291464,5.73302674897119,0.17418759777778936,3.724438402155677,mRNA_trajectories_1000.000_0.967_96.177.csv
1000.0,56.67092608753592,1.3967514573596418,1.0,1,True,,2002.9112247019305,0.017965466004119465,0.00896967662997298,0.991030323370027,990.7172616984402,1.4160307057842612,57.4299602129343,1968089.3066448416,0.9282738301559788,1.3802919855952052,1.3393713104775251,mRNA_trajectories_1000.000_1.397_56.671.csv
1000.0,3.9872084972448647,0.5397639065049589,1.0,1,True,,745.666834003654,0.35286821187805884,0.47322503266429267,0.5267749673357073,1014.4682758620689,0.5257257765170807,3.7797841322782304,284443.15244185494,1.4468275862068936,2.6007907936595522,5.202245257802876,mRNA_trajectories_1000.000_0.540_3.987.csv
1000.0,24.18769394652918,1.4595464169979095,1.0,1,True,,2264.356642788179,0.04316682532783444,0.01906361591285446,0.9809363840871456,897.8976984126984,1.4480507081673089,22.895288863622877,1690523.6754867663,10.210230158730155,0.7876220102849363,5.343233984039048,mRNA_trajectories_1000.000_1.460_24.188.csv
1000.0,64.4548349129036,0.8516051918268204,1.0,1,True,,751.4068002659718,0.015760876107633028,0.020975157666997726,0.9790248423330022,1061.9345648854962,0.8340972889623183,58.66272705597982,784565.0053365665,6.193456488549623,2.0558708463184723,8.986304696537555,mRNA_trajectories_1000.000_0.852_64.455.csv
1000.0,75.95568106742576,1.8751901215873659,1.0,1,True,"Tolerance exceeded: mean=18.2%, cv=5.2%, ac=30.4%",3575.5832772215194,0.013342364453801617,0.0037315211028085956,0.9962684788971914,1182.3811168831169,1.9730706233229072,99.05733723587149,5442522.479243428,18.238111688311687,5.219764151310938,30.414652128441084,mRNA_trajectories_1000.000_1.875_75.956.csv
1000.0,35.62444724980742,1.188113001640886,1.0,1,True,,1480.2624013347042,0.028893028859558363,0.019518856138956486,0.9804811438610435,946.7853005464481,1.257999391347567,36.73267690288269,1418612.8034669864,5.321469945355193,5.882133232290357,3.1108683464029356,mRNA_trajectories_1000.000_1.188_35.624.csv
1000.0,26.015428205486387,1.2728111608885229,1.0,1,True,,1723.8290762203549,0.04000721440953237,0.02320834180222303,0.9767916581977769,1057.8608118081181,1.1884720433300366,24.74173614158457,1580647.3900731418,5.786081180811811,6.626208203549287,4.89591043376794,mRNA_trajectories_1000.000_1.273_26.015.csv
1000.0,85.16995486803353,0.6649385108612478,1.0,1,True,,458.26580610561103,0.011881249971050006,0.02592654702304338,0.9740734529769566,967.2369837587007,0.6659465922570045,80.16991227077058,414901.1035602759,3.2763016241299283,0.15160520548749729,5.870664843030921,mRNA_trajectories_1000.000_0.665_85.170.csv
1000.0,74.91706255218014,1.6870129071176052,1.0,1,True,,2897.035035502804,0.013529861362324673,0.004670244300299411,0.9953297556997006,977.2753096179183,1.7021711508938895,78.39661875009281,2767198.4428343903,2.2724690382081687,0.8985256551583433,4.644544352615457,mRNA_trajectories_1000.000_1.687_74.917.csv
1000.0,15.674898309633136,1.000050138682127,1.0,1,True,,1135.6498526918294,0.06830551432968213,0.06014663249220493,0.939853367507795,969.1477844311378,1.0203974055480625,15.064932123525733,977954.6272615583,3.085221556886222,2.0346246731938096,3.891356575707695,mRNA_trajectories_1000.000_1.000_15.675.csv
1000.0,7.890609921887517,1.908400138374418,1.0,1,True,,4322.429792514779,0.1468304272567102,0.03396941866146184,0.9660305813385381,1137.4842696629214,1.9700355203372792,8.99895902747097,5021562.961662669,13.74842696629214,3.229688613173255,14.046431347582377,mRNA_trajectories_1000.000_1.908_7.891.csv
1000.0,54.716956665273756,1.154031669255346,1.0,1,True,,1374.1862953205202,0.018619102772780973,0.013549183859702359,0.9864508161402976,940.7437342908438,1.0813248994704605,51.55800414931797,1034796.7973440442,5.925626570915619,6.300240428566448,5.773260627926368,mRNA_trajectories_1000.000_1.154_54.717.csv
1000.0,92.93256075493991,1.5849958136677742,1.0,1,True,,2549.407182223802,0.010878140033601755,0.004266929233372971,0.9957330707666271,1065.4647284345049,1.5684143039520388,96.26913918779036,2792542.1906089527,6.546472843450488,1.0461547956625044,3.5903222785917754,mRNA_trajectories_1000.000_1.585_92.933.csv
1000.0,46.237216593232006,0.7281226143240929,1.0,1,True,,562.9727150370229,0.02211025488103019,0.039274114518278475,0.9607258854817216,1050.796313559322,0.7030493674874286,40.35414853779329,545768.8251643763,5.079631355932202,3.443547328898638,12.723663941959366,mRNA_trajectories_1000.000_0.728_46.237.csv
1000.0,48.393731008749455,1.5427240040153265,1.0,1,True,,2450.309118320432,0.021104415989321938,0.00861296063893685,0.9913870393610632,1085.7404453441295,1.4472812395574315,45.42442863511642,2469209.2633601255,8.574044534412952,6.186638971681342,6.135716985938102,mRNA_trajectories_1000.000_1.543_48.394.csv
1000.0,88.83276035636663,0.7708053048700094,1.0,1,True,,611.2799990998483,0.01138579896954275,0.018626159838877634,0.9813738401611224,968.8181291759465,0.7684344356198208,84.44914780196494,554240.3638495067,3.1181870824053477,0.30758341116871524,4.934680107672147,mRNA_trajectories_1000.000_0.771_88.833.csv
1000.0,52.550952448975295,1.956158998887986,1.0,1,True,,3919.1829476535318,0.01940188433374533,0.004950492128815142,0.9950495078711848,1053.1441791044776,1.9815376614719542,60.08982269414289,4354921.444063132,5.314417910447764,1.2973721767195416,14.34582989240302,mRNA_trajectories_1000.000_1.956_52.551.csv
1000.0,11.99989863857627,1.105127293150872,1.0,1,True,,1423.0351904686115,0.09130670542667685,0.06416335030801955,0.9358366496919804,984.6827692307693,1.1298687957850226,11.442333415873403,1237794.9485954081,1.5317230769230719,2.2387921090618597,4.646416103136507,mRNA_trajectories_1000.000_1.105_12.000.csv
1000.0,16.677448205649853,1.6384608391672373,1.0,1,True,,2919.0085820982617,0.06392051416441798,0.02189802200528996,0.9781019779947101,1076.828813559322,1.5832516738400018,18.123660172845987,2906653.3952149767,7.682881355932205,3.3695749088086897,8.67166217135184,mRNA_trajectories_1000.000_1.638_16.677.csv
1000.0,69.63900564191863,1.048194209113717,1.0,1,True,,1128.2754724975416,0.01457034406583728,0.012913817964671769,0.9870861820353282,1044.2848158640227,1.0844739845415377,72.71362462783381,1282555.605055561,4.428481586402268,3.461169229173315,4.4150816881630455,mRNA_trajectories_1000.000_1.048_69.639.csv
1000.0,84.1822071634233,1.3158690477721393,1.0,1,True,,1763.3391805226975,0.012022594092972317,0.0068180836822377645,0.9931819163177623,975.3554225352112,1.4141356546413137,92.04086652194545,1902426.777313319,2.464457746478877,7.467810496458356,9.335297354779609,mRNA_trajectories_1000.000_1.316_84.182.csv
1000.0,31.27868144167587,0.6230290229432285,1.0,1,True,,433.0000994070791,0.03304216194714976,0.0763098253150414,0.9236901746849585,979.8936222910216,0.6290226314284667,28.00753486805037,379918.46707387595,2.010637770897836,0.9620111205933933,10.458070554300953,mRNA_trajectories_1000.000_0.623_31.279.csv
1100.0,43.38743269909173,1.7215519584715366,1.1,1,True,,3361.983413198579,0.023598401686414555,0.007721109435920575,0.9922788905640795,1161.8003153153154,1.786933441920142,44.7338612568459,4310024.443774675,5.618210483210491,3.7978222572296687,3.1032685595669087,mRNA_trajectories_1100.000_1.722_43.387.csv
1100.0,96.17708989279345,0.9671149142086506,1.1,1,True,,1050.2000632290703,0.010507206922029135,0.011005453169270117,0.9889945468307298,990.598683127572,1.0047916220913637,92.0504510371894,990712.1819488831,9.945574261129815,3.8957839786332342,4.290667205884394,mRNA_trajectories_1100.000_0.967_96.177.csv
1100.0,56.67092608753592,1.3967514573596418,1.1,1,True,,2203.3041925319585,0.01796548104669048,0.008969269526351561,0.9910307304736484,1155.4290121317158,1.4115453389175212,59.17390129701435,2659966.7074910514,5.0390011028832555,1.059163495404195,4.416683090042064,mRNA_trajectories_1100.000_1.397_56.671.csv
1100.0,3.9872084972448647,0.5397639065049589,1.1,1,True,,820.4252557052043,0.3529079810164835,0.473167758328517,0.526832241671483,1110.1855172413793,0.5240261395705123,3.7526203441797596,338451.9473074911,0.9259561128526663,2.9156760473946273,5.883518587683688,mRNA_trajectories_1100.000_0.540_3.987.csv
1100.0,24.18769394652918,1.4595464169979095,1.1,1,True,,2490.896897755096,0.04316690492731769,0.019062850599253518,0.9809371494007465,1084.283015873016,1.3650643542509633,28.141100239540254,2190743.6543464605,1.4288167388167288,6.473385268642784,16.344701159815898,mRNA_trajectories_1100.000_1.460_24.188.csv
1100.0,64.4548349129036,0.8516051918268204,1.1,1,True,,826.6491154502526,0.015760907250341006,0.020972620246417526,0.9790273797535824,1016.281893129771,0.8918546274948232,69.25499543160578,821516.9262767214,7.610736988202637,4.726302288230749,7.4473242002535915,mRNA_trajectories_1100.000_0.852_64.455.csv
1100.0,75.95568106742576,1.8751901215873659,1.1,1,True,,3933.2429620421617,0.01334236905661513,0.0037314262312075604,0.9962685737687925,1098.9821558441558,1.963428268366441,78.66000652655218,4655982.728019249,0.09253128689492356,4.705557359932162,3.560399197429086,mRNA_trajectories_1100.000_1.875_75.956.csv
1100.0,35.62444724980742,1.188113001640886,1.1,1,True,,1628.391673401512,0.028893082646368553,0.019517657471568778,0.9804823425284312,1146.7243169398907,1.2280578554961763,34.37042580963175,1983150.6157474844,4.247665176353704,3.362041640830708,3.520114800328443,mRNA_trajectories_1100.000_1.188_35.624.csv
1100.0,26.015428205486387,1.2728111608885229,1.1,1,True,,1896.3162435553786,0.04000730430428296,0.023207117950010896,0.9767928820499892,1072.0628044280443,1.2618258622322243,29.335401573369083,1829950.3446164897,2.539745051995975,0.8630737216846839,12.761555726315308,mRNA_trajectories_1100.000_1.273_26.015.csv
1100.0,85.16995486803353,0.6649385108612478,1.1,1,True,,504.19362086038143,0.011881278998705216,0.025921404710106094,0.9740785952898939,1085.3154292343388,0.6616095603862014,86.19423968490767,515603.07495915453,1.334960978696472,0.5006403480427956,1.20263632693151,mRNA_trajectories_1100.000_0.665_85.170.csv
1100.0,74.91706255218014,1.6870129071176052,1.1,1,True,,3186.8399167735743,0.013529867210223307,0.004670097751980388,0.9953299022480195,1171.0645059288538,1.5336806713719906,71.73588140699506,3225756.081161778,6.460409629895801,9.088978222910864,4.246270524781146,mRNA_trajectories_1100.000_1.687_74.917.csv
1100.0,15.674898309633136,1.000050138682127,1.1,1,True,,1249.3226036330248,0.06830593955645502,0.06014181868926712,0.939858181310733,1136.1891017964072,0.9975008709108839,15.725349091744027,1284481.357893205,3.2899183451279237,0.2549139960724903,0.32185715731174047,mRNA_trajectories_1100.000_1.000_15.675.csv
1100.0,7.890609921887517,1.908400138374418,1.1,1,True,,4754.79023590346,0.14683097201496018,0.0339687054955363,0.9660312945044638,1240.243595505618,1.9001931226750717,8.232138748498063,5554045.969425275,12.749417773238003,0.43004690338877816,4.328294390313092,mRNA_trajectories_1100.000_1.908_7.891.csv
1100.0,54.716956665273756,1.154031669255346,1.1,1,True,,1511.70684744843,0.018619126441399333,0.013548287566540213,0.9864517124334597,1003.9662836624775,1.1989671244984719,60.05522177635963,1448948.021233047,8.73033784886568,3.89378007902686,9.756144048255916,mRNA_trajectories_1100.000_1.154_54.717.csv
1100.0,92.93256075493991,1.5849958136677742,1.1,1,True,,2804.4490048007137,0.01087814431601338,0.00426677708424405,0.9957332229157559,1263.5481150159744,1.4122503159876616,91.44253231337785,3184248.3288351046,14.868010455997673,10.89879835583725,1.6033437897952862,mRNA_trajectories_1100.000_1.585_92.933.csv
1100.0,46.237216593232006,0.7281226143240929,1.1,1,True,,619.3723386204956,0.022110338733164467,0.03926777334075167,0.9607322266592483,1117.0918644067797,0.7300729741463546,44.1013215173533,665135.7971541511,1.5538058551617888,0.26786145408658485,4.619428316088019,mRNA_trajectories_1100.000_0.728_46.237.csv
1100.0,48.393731008749455,1.5427240040153265,1.1,1,True,,2695.4422038459315,0.021104433006246048,0.00861264109975982,0.9913873589002401,1163.3202834008098,1.441952881551658,50.55008149690259,2813848.6840177337,5.756389400073616,6.5320253137558195,4.455846745445758,mRNA_trajectories_1100.000_1.543_48.394.csv
1100.0,88.83276035636663,0.7708053048700094,1.1,1,True,,672.5091723556637,0.01138581880682921,0.018623390137032163,0.9813766098629677,1075.687082405345,0.7945351902417113,83.6872636404968,730462.9296104186,2.2102652358777175,3.078583556933837,5.792341356080648,mRNA_trajectories_1100.000_0.771_88.833.csv
1100.0,52.550952448975295,1.956158998887986,1.1,1,True,,4311.203230088494,0.01940189327859502,0.004950377300124736,0.9950496226998752,1258.6628358208955,1.8618167407414048,62.19361619202175,5491521.397887481,14.42389416553595,4.822831794358828,18.349170269385823,mRNA_trajectories_1100.000_1.956_52.551.csv
1100.0,11.99989863857627,1.105127293150872,1.1,1,True,,1565.4493631794173,0.09130732898152077,0.06415925308224842,0.9358407469177515,1164.241076923077,1.0941439203001762,11.876074764870111,1622686.9337280707,5.840097902097899,0.9938559040905335,1.0318743302389177,mRNA_trajectories_1100.000_1.105_12.000.csv
1100.0,16.677448205649853,1.6384608391672373,1.1,1,True,,3211.0163942693384,0.06392065283878681,0.021897340122009883,0.9781026598779902,1172.379661016949,1.582554019995416,16.37641050978416,3442339.005236043,6.5799691833590055,3.4121547390926,1.8050584966812138,mRNA_trajectories_1100.000_1.638_16.677.csv
1100.0,69.63900564191863,1.048194209113717,1.1,1,True,,1241.2045173207582,0.014570361633599758,0.012912777526427463,0.9870872224735725,979.9051841359774,1.0452916528523206,78.98091677949763,1049163.2633895553,10.917710533092965,0.27691015998367974,13.414768133845548,mRNA_trajectories_1100.000_1.048_69.639.csv
1100.0,84.1822071634233,1.3158690477721393,1.1,1,True,,1939.774323630685,0.012022601682476281,0.006817732191634989,0.9931822678083649,1259.1998122065727,1.3186061820841801,82.42965138263497,2756890.4918121714,14.472710200597517,0.20800962806101236,2.081860098281912,mRNA_trajectories_1100.000_1.316_84.182.csv
1100.0,31.27868144167587,0.6230290229432285,1.1,1,True,,476.40380401237275,0.03304241781417381,0.07629380640849633,0.9237061935915037,1152.8590092879258,0.6037166543092636,29.85671057638721,484416.2560968514,4.805364480720527,3.099754252656169,4.546134298979813,mRNA_trajectories_1100.000_0.623_31.279.csv
1200.0000000000002,43.38743269909173,1.7215519584715366,1.2000000000000002,1,True,,3667.711391057411,0.023598415925401933,0.00772091805792771,0.9922790819420723,1350.2981981981982,1.7691990109136075,48.642899579501055,5707064.121798555,12.524849849849826,2.767680185753666,12.112878207977813,mRNA_trajectories_1200.000_1.722_43.387.csv
1200.0000000000002,96.17708989279345,0.9671149142086506,1.2000000000000002,1,True,,1145.7646813010074,0.01050721586482694,0.01100457994871625,0.9889954200512838,1281.3636008230453,1.0090659712397976,100.94509284192246,1671798.331271808,6.780300068587089,4.337753085472141,4.95752466044024,mRNA_trajectories_1200.000_0.967_96.177.csv
1200.0000000000002,56.67092608753592,1.3967514573596418,1.2000000000000002,1,True,,2403.6971603645284,0.01796549358217595,0.008968930302077535,0.9910310696979225,1060.5520970537261,1.4575628416004103,61.198811055025594,2389563.5788630205,11.620658578856172,4.353772743199688,7.989784674589127,mRNA_trajectories_1200.000_1.397_56.671.csv
1200.0000000000002,3.9872084972448647,0.5397639065049589,1.2000000000000002,1,True,,895.1836901247573,0.3529411258975983,0.4731200487110001,0.5268799512889999,1210.395172413793,0.5287524955184363,3.9953191936013432,409599.31901117717,0.8662643678160671,2.0400421098592707,0.20341791411417237,mRNA_trajectories_1200.000_0.540_3.987.csv
1200.0000000000002,24.18769394652918,1.4595464169979095,1.2000000000000002,1,True,,2717.437152735701,0.04316697126033285,0.019062212886966277,0.9809377871130337,1384.371507936508,1.36054195940101,27.096608764157438,3547555.3887278843,15.364292328042303,6.7832346024690615,12.026424776412691,mRNA_trajectories_1200.000_1.460_24.188.csv
1200.0000000000002,64.4548349129036,0.8516051918268204,1.2000000000000002,1,True,,901.8914306398214,0.015760933202644684,0.020970506205781607,0.9790294937942184,1112.2725801526717,0.8660468322507702,68.34332257311378,927908.6370588389,7.3106183206107085,1.6958140418296792,6.032887471459048,mRNA_trajectories_1200.000_0.852_64.455.csv
1200.0000000000002,75.95568106742576,1.8751901215873659,1.2000000000000002,1,True,,4290.902646863578,0.013342372892294277,0.003731347175274697,0.9962686528247253,1285.9512467532468,1.9685281961125816,79.12337368437449,6408144.366168575,7.162603896103878,4.977525929275062,4.170448572683814,mRNA_trajectories_1200.000_1.875_75.956.csv
1200.0000000000002,35.62444724980742,1.188113001640886,1.2000000000000002,1,True,,1776.5209454775063,0.028893127468786965,0.019516658697893957,0.980483341302106,1276.5887978142077,1.2203715559113397,36.28461049557818,2427091.848235167,6.382399817850624,2.715108262084652,1.8531185652974018,mRNA_trajectories_1200.000_1.188_35.624.csv
1200.0000000000002,26.015428205486387,1.2728111608885229,1.2000000000000002,1,True,,2068.803410905872,0.04000737921672982,0.023206098175879375,0.9767939018241207,1292.668856088561,1.2231174596440721,28.09749049212703,2499832.4569119755,7.722404674046722,3.9042477605052257,8.003182842869974,mRNA_trajectories_1200.000_1.273_26.015.csv
1200.0000000000002,85.16995486803353,0.6649385108612478,1.2000000000000002,1,True,,550.1214356200836,0.01188130318847208,0.025917121026370688,0.9740828789736293,1253.3258004640372,0.6238482617825499,82.37078859360378,611344.344109278,4.443816705336416,6.179556215728362,3.2865654076803446,mRNA_trajectories_1200.000_0.665_85.170.csv
1200.0000000000002,74.91706255218014,1.6870129071176052,1.2000000000000002,1,True,,3476.644798045327,0.013529872083474104,0.004669975635502714,0.9953300243644972,1223.6857707509882,1.7127074041231092,78.68145200945426,4392443.364053128,1.9738142292490009,1.5230764920112583,5.024742467247968,mRNA_trajectories_1200.000_1.687_74.917.csv
1200.0000000000002,15.674898309633136,1.000050138682127,1.2000000000000002,1,True,,1362.9953546499823,0.06830629391413758,0.060137807819612414,0.9398621921803876,1353.8544910179642,0.9404534091041313,15.590538388362704,1621132.6402642617,12.821207584830328,5.95937416263275,0.5381848073527054,mRNA_trajectories_1200.000_1.000_15.675.csv
1200.0000000000002,7.890609921887517,1.908400138374418,1.2000000000000002,1,True,"Tolerance exceeded: mean=20.6%, cv=1.2%, ac=11.3%",5187.150679391883,0.14683142598177504,0.033968111217233164,0.9660318887827669,1447.1651685393258,1.8854835063588524,8.778877465642172,7445291.010247443,20.597097378277127,1.2008295092184422,11.257273551068808,mRNA_trajectories_1200.000_1.908_7.891.csv
1200.0000000000002,54.716956665273756,1.154031669255346,1.2000000000000002,1,True,,1649.2273995803487,0.018619146165270974,0.013547540747874075,0.9864524592521259,1232.342405745063,1.0968162783872466,50.60892239555955,1826966.403260999,2.695200478755225,4.957870082111215,7.507790125910596,mRNA_trajectories_1200.000_1.154_54.717.csv
1200.0000000000002,92.93256075493991,1.5849958136677742,1.2000000000000002,1,True,,3059.490827378345,0.01087814788469102,0.004266650301682686,0.9957333496983174,1156.320042598509,1.5623479807303675,98.89792068686901,3263710.6422798703,3.639996450124271,1.4288891328361468,6.419020291133004,mRNA_trajectories_1200.000_1.585_92.933.csv
1200.0000000000002,46.237216593232006,0.7281226143240929,1.2000000000000002,1,True,,675.77196221839,0.022110408610186177,0.03926249062645911,0.9607375093735409,1183.523940677966,0.7413574555071563,48.15722819794544,769855.8489183694,1.3730049435028489,1.8176665471857558,4.15252419193953,mRNA_trajectories_1200.000_0.728_46.237.csv
1200.0000000000002,48.393731008749455,1.5427240040153265,1.2000000000000002,1,True,,2940.57528937431,0.021104447187026615,0.008612374835612734,0.9913876251643872,1192.6851012145748,1.5434895295805087,57.81529855890456,3388901.6387334913,0.6095748987854487,0.04962167978132806,19.468570316373643,mRNA_trajectories_1200.000_1.543_48.394.csv
1200.0000000000002,88.83276035636663,0.7708053048700094,1.2000000000000002,1,True,,733.738345614836,0.011385835337927669,0.018621082688631045,0.981378917311369,1210.5789977728284,0.7594081285473768,74.8599065826583,845155.7549397527,0.8815831477356822,1.478606367992582,15.729392757417454,mRNA_trajectories_1200.000_0.771_88.833.csv
1200.0000000000002,52.550952448975295,1.956158998887986,1.2000000000000002,1,True,,4703.2235125249645,0.01940190073263958,0.004950281613698647,0.9950497183863014,1225.732276119403,2.0160283614817573,57.26372313496749,6106389.733659744,2.1443563432835613,3.0605570727024354,8.968002417402603,mRNA_trajectories_1200.000_1.956_52.551.csv
1200.0000000000002,11.99989863857627,1.105127293150872,1.2000000000000002,1,True,,1707.8635360029466,0.09130784861385903,0.06415583916796137,0.9358441608320386,1295.4818461538462,1.0511666966700524,12.619691226537846,1854410.3776704378,7.956820512820493,4.882749418573352,5.16498186050605,mRNA_trajectories_1200.000_1.105_12.000.csv
1200.0000000000002,16.677448205649853,1.6384608391672373,1.2000000000000002,1,True,,3503.0242064645504,0.06392076840099224,0.02189677192057021,0.9781032280794298,1337.36802259887,1.5178803241455208,16.805870530334907,4120756.3082881803,11.447335216572487,7.359377297232363,0.7700358178390178,mRNA_trajectories_1200.000_1.638_16.677.csv
1200.0000000000002,69.63900564191863,1.048194209113717,1.2000000000000002,1,True,,1354.133562146944,0.014570376273418008,0.01291191062451806,0.987088089375482,1216.8686968838526,1.048136070397195,68.1862174548935,1626757.3311730893,1.4057247403210338,0.005546559599038284,2.0861702053807627,mRNA_trajectories_1200.000_1.048_69.639.csv
1200.0000000000002,84.1822071634233,1.3158690477721393,1.2000000000000002,1,True,,2116.20946673995,0.012022608007066582,0.006817439310818836,0.9931825606891812,1161.5812910798122,1.364554502071522,78.44080212373564,2512354.90911946,3.201559076682334,3.6998707722330435,6.820212053292743,mRNA_trajectories_1200.000_1.316_84.182.csv
1200.0000000000002,31.27868144167587,0.6230290229432285,1.2000000000000002,1,True,,519.8075086628356,0.03304263103821026,0.07628046264251133,0.9237195373574887,1267.0627244582042,0.6031255696176614,29.605446609772628,583998.4722885526,5.588560371517,3.194626990495871,5.34944171167592,mRNA_trajectories_1200.000_0.623_31.279.csv
1300.0000000000002,43.38743269909173,1.7215519584715366,1.3000000000000003,1,True,,3973.4393689184685,0.02359842797378258,0.007720756130291124,0.9922792438697089,1396.3972972972972,1.671642937816091,45.51400020036255,5448852.289271976,7.415176715176688,2.8990714111095897,4.9013443962434255,mRNA_trajectories_1300.000_1.722_43.387.csv
1300.0000000000002,96.17708989279345,0.9671149142086506,1.3000000000000003,1,True,,1241.3292993743348,0.01050722343181564,0.011003841179165799,0.9889961588208342,1365.247695473251,0.8934754661166748,86.77989715825017,1487949.4175358412,5.0190534979423695,7.6143431364856795,9.770718520406609,mRNA_trajectories_1300.000_0.967_96.177.csv
1300.0000000000002,56.67092608753592,1.3967514573596418,1.3000000000000003,1,True,,2604.0901281990523,0.01796550418913203,0.008968643286560784,0.9910313567134391,1187.129636048527,1.474469386543826,58.79942792167,3063852.220976124,8.68233568857487,5.564191737526366,3.755897390570828,mRNA_trajectories_1300.000_1.397_56.671.csv
1300.0000000000002,3.9872084972448647,0.5397639065049589,1.3000000000000003,1,True,,969.9421343282113,0.35296917435848096,0.47307969251571375,0.5269203074842862,1350.588275862069,0.5139433793974976,3.9037591133456644,481810.7687590962,3.8914058355437464,4.783670563423286,2.092927519513045,mRNA_trajectories_1300.000_0.540_3.987.csv
1300.0000000000002,24.18769394652918,1.4595464169979095,1.3000000000000003,1,True,,2943.977407726836,0.04316702738834862,0.01906167331908417,0.9809383266809159,1281.7673015873015,1.350524630915822,24.486495552223875,2996562.879184782,1.4025152625152852,7.469566216765521,1.2353455701698757,mRNA_trajectories_1300.000_1.460_24.188.csv
1300.0000000000002,64.4548349129036,0.8516051918268204,1.3000000000000003,1,True,,977.1337458334574,0.01576095516231965,0.020968717740414353,0.9790312822595857,1364.0424122137404,0.8458260954617514,62.0932750714809,1331122.142964563,4.926339401056932,0.6786121574331868,3.6638986735654933,mRNA_trajectories_1300.000_0.852_64.455.csv
1300.0000000000002,75.95568106742576,1.8751901215873659,1.3000000000000003,1,True,,4648.56233168559,0.0133423761378698,0.003731280284444704,0.9962687197155552,1336.4877402597403,1.7589601494310294,80.09465055055028,5526395.460706841,2.8067492507492395,6.198303351659442,5.449190139510919,mRNA_trajectories_1300.000_1.875_75.956.csv
1300.0000000000002,35.62444724980742,1.188113001640886,1.3000000000000003,1,True,,1924.650217560567,0.028893165395503087,0.019515813663929824,0.9804841863360702,1283.7992896174862,1.1146407896317065,35.38985021398534,2047689.604906599,1.2462084909626143,6.183941418678871,0.6585282128787135,mRNA_trajectories_1300.000_1.188_35.624.csv
1300.0000000000002,26.015428205486387,1.2728111608885229,1.3000000000000003,1,True,,2241.2905782682637,0.0400074426042947,0.023205235362997186,0.9767947646370028,1301.3122509225093,1.258298489334509,25.244804165354836,2681207.263015967,0.10094237865454346,1.1402061829724073,2.9621808799173808,mRNA_trajectories_1300.000_1.273_26.015.csv
1300.0000000000002,85.16995486803353,0.6649385108612478,1.3000000000000003,1,True,,596.0492503835792,0.011881323656774828,0.025913497490127536,0.9740865025098726,1255.00373549884,0.6888734136073389,89.235185148996,747427.1765289694,3.461251115473872,3.599566329086569,4.773080233823457,mRNA_trajectories_1300.000_0.665_85.170.csv
1300.0000000000002,74.91706255218014,1.6870129071176052,1.3000000000000003,1,True,,3766.4496793178373,0.013529876206995374,0.004669872311231728,0.9953301276887683,1377.9054545454546,1.63795450245509,82.64765646218468,5093807.2476092465,5.992727272727261,2.908004109247479,10.318869489337148,mRNA_trajectories_1300.000_1.687_74.917.csv
1300.0000000000002,15.674898309633136,1.000050138682127,1.3000000000000003,1,True,,1476.6681057252183,0.06830659375670106,0.060134414456050576,0.9398655855439494,1393.588023952096,0.9902308134185951,15.042659373557827,1904327.6956649574,7.199078765545821,0.9818832960187259,4.033448406403768,mRNA_trajectories_1300.000_1.000_15.675.csv
1300.0000000000002,7.890609921887517,1.908400138374418,1.3000000000000003,1,True,,5619.511122957028,0.14683181010868204,0.0339676083852724,0.9660323916147275,1552.4802247191012,1.8562278198552247,7.999279537398405,8304523.308485342,19.42155574762315,2.7338249180611522,1.3772017193430526,mRNA_trajectories_1300.000_1.908_7.891.csv
1300.0000000000002,54.716956665273756,1.154031669255346,1.3000000000000003,1,True,,1786.7479517153513,0.01861916285471715,0.013546908889916224,0.9864530911100837,1240.2112387791742,1.1619652900885629,65.30546761284221,2076718.51771211,4.599135478525077,0.6874699407804012,19.351425212375663,mRNA_trajectories_1300.000_1.154_54.717.csv
1300.0000000000002,92.93256075493991,1.5849958136677742,1.3000000000000003,1,True,,3314.532649956528,0.010878150904342248,0.004266543030080093,0.99573345696992,1195.261214057508,1.6463011994545673,95.48831772937751,3872079.3009684947,8.056829687884022,3.8678578995693895,2.750120037235438,mRNA_trajectories_1300.000_1.585_92.933.csv
1300.0000000000002,46.237216593232006,0.7281226143240929,1.3000000000000003,1,True,,732.1715858273776,0.02211046773706948,0.039258021773283,0.9607419782267169,1318.594406779661,0.7100829447390137,46.56505558761622,876679.0364263431,1.4303389830508348,2.4775593052861278,0.7090370453488831,mRNA_trajectories_1300.000_0.728_46.237.csv
1300.0000000000002,48.393731008749455,1.5427240040153265,1.3000000000000003,1,True,,3185.708374904903,0.021104459186156086,0.008612149548315736,0.9913878504516842,1503.4942914979756,1.4785565183423592,52.613415708129544,4941734.713044335,15.653407038305797,4.159362627790536,8.719486204973908,mRNA_trajectories_1300.000_1.543_48.394.csv
1300.0000000000002,88.83276035636663,0.7708053048700094,1.3000000000000003,1,True,,794.96751887659,0.011385849325798959,0.018619130684050546,0.9813808693159495,1392.4423385300668,0.7676797633006404,75.36912515022667,1142653.6852943085,7.110949117697425,0.4054904071912376,15.15615990331548,mRNA_trajectories_1300.000_0.771_88.833.csv
1300.0000000000002,52.550952448975295,1.956158998887986,1.3000000000000003,1,True,,5095.243794962596,0.01940190703991029,0.004950200651207218,0.9950497993487927,1401.7919402985074,1.865489601856741,51.850112179196984,6838372.950143995,7.830149253731316,4.63507297120467,1.3336395195858664,mRNA_trajectories_1300.000_1.956_52.551.csv
1300.0000000000002,11.99989863857627,1.105127293150872,1.3000000000000003,1,True,,1850.2777089131869,0.09130828830510498,0.06415295078399813,0.9358470492160018,1240.5623076923077,1.1172439456253085,11.548749578407758,1921025.73657929,4.572130177514806,1.0964033328586276,3.7596072579996207,mRNA_trajectories_1300.000_1.105_12.000.csv
1300.0000000000002,16.677448205649853,1.6384608391672373,1.3000000000000003,1,True,,3795.0320186783288,0.06392086618456116,0.02189629115932182,0.9781037088406781,1076.5518644067797,1.7077666349800218,16.8480311068696,3380079.877818558,17.188318122555422,4.229933005173918,1.0228357427124661,mRNA_trajectories_1300.000_1.638_16.677.csv
1300.0000000000002,69.63900564191863,1.048194209113717,1.3000000000000003,1,True,,1467.0626069754137,0.014570388660968017,0.012911177184393918,0.9870888228156061,1384.6307365439093,1.039590974056879,65.0577947598576,2072015.1973272194,6.510056657223771,0.8207672759528458,6.578512774317109,mRNA_trajectories_1300.000_1.048_69.639.csv
1300.0000000000002,84.1822071634233,1.3158690477721393,1.3000000000000003,1,True,,2292.644609850196,0.012022613358645585,0.006817191508482645,0.9931828084915174,1298.389295774648,1.3856432333474453,93.54443571791049,3236776.4331905833,0.12390032502709727,5.302517427052389,11.121386418762164,mRNA_trajectories_1300.000_1.316_84.182.csv
1300.0000000000002,31.27868144167587,0.6230290229432285,1.3000000000000003,1,True,,563.2112133480441,0.0330428114596255,0.07626917554102057,0.9237308244589795,1324.626253869969,0.6300533416230344,27.92233681756754,696532.4521404556,1.8943272207668365,1.1274464625456102,10.730454320354825,mRNA_trajectories_1300.000_0.623_31.279.csv
1400.0000000000005,43.38743269909173,1.7215519584715366,1.4000000000000004,1,True,,4279.167346781274,0.023598438300970897,0.0077206173407099446,0.99227938265929,1385.7113963963964,1.6749229120704714,49.404777008347146,5386854.2416178705,1.0206145431145774,2.7085471438494597,13.86886463411646,mRNA_trajectories_1400.000_1.722_43.387.csv
1400.0000000000005,96.17708989279345,0.9671149142086506,1.4000000000000004,1,True,,1336.8939174487557,0.010507229917810295,0.011003208027908667,0.9889967919720914,1449.105987654321,0.9925322152960356,100.02505548585432,2068661.9466061231,3.5075705467371874,2.6281572865808767,4.000917055558785,mRNA_trajectories_1400.000_0.967_96.177.csv
1400.0000000000005,56.67092608753592,1.3967514573596418,1.4000000000000004,1,True,,2804.483096035113,0.017965513280813656,0.008968397288148326,0.9910316027118516,1343.7649220103985,1.4434955029791132,58.951383073071796,3762508.3324679746,4.016791284971563,3.3466258705635674,4.024033385326019,mRNA_trajectories_1400.000_1.397_56.671.csv
1400.0000000000005,3.9872084972448647,0.5397639065049589,1.4000000000000004,1,True,,1044.7005862195615,0.35299321793357524,0.4730451113225881,0.5269548886774118,1405.9522413793104,0.5387895357350189,4.143846766632675,573824.9685811831,0.4251600985221394,0.1805179557575792,3.9285196521838754,mRNA_trajectories_1400.000_0.540_3.987.csv
1400.0000000000005,24.18769394652918,1.4595464169979095,1.4000000000000004,1,True,,3170.5176627262454,0.0431670754981347,0.019061210857732002,0.980938789142268,1380.1680952380952,1.3555468271377429,26.456884471088408,3500201.263013832,1.4165646258503715,7.125473273681821,9.381591025484454,mRNA_trajectories_1400.000_1.460_24.188.csv
1400.0000000000005,64.4548349129036,0.8516051918268204,1.4000000000000004,1,True,,1052.3760610302893,0.015760973984922554,0.020967185016817387,0.9790328149831827,1397.0989618320611,0.894137195210583,65.8921825980308,1560496.0108783117,0.20721701199566456,4.994333500072388,2.2300075503559187,mRNA_trajectories_1400.000_0.852_64.455.csv
1400.0000000000005,75.95568106742576,1.8751901215873659,1.4000000000000004,1,True,,5006.22201650807,0.013342378919792303,0.0037312229513820883,0.9962687770486179,1485.3647532467533,2.0073580794080996,88.32136121884288,8890290.024331693,6.097482374768055,7.048243071419999,16.280125433198506,mRNA_trajectories_1400.000_1.875_75.956.csv
1400.0000000000005,35.62444724980742,1.188113001640886,1.4000000000000004,1,True,,2072.7794896491796,0.028893197904156585,0.019515089409083995,0.9804849105909159,1430.1179781420765,1.2085359917985317,34.14185985619641,2987190.43553471,2.1512841530054296,1.7189434110593598,4.161713396462651,mRNA_trajectories_1400.000_1.188_35.624.csv
1400.0000000000005,26.015428205486387,1.2728111608885229,1.4000000000000004,1,True,,2413.777745640006,0.040007496936573315,0.023204495862294748,0.9767955041377053,1408.0082656826569,1.3004394176426712,25.618792278474086,3352668.8433265123,0.5720189773326019,2.1706485300507317,1.5246180992271925,mRNA_trajectories_1400.000_1.273_26.015.csv
1400.0000000000005,85.16995486803353,0.6649385108612478,1.4000000000000004,1,True,,641.9770651500558,0.011881341201062394,0.025910392418145585,0.9740896075818545,1475.675614849188,0.6593720605183929,81.44836857392525,946766.501386803,5.405401060656246,0.8371376077533887,4.369599936825944,mRNA_trajectories_1400.000_0.665_85.170.csv
1400.0000000000005,74.91706255218014,1.6870129071176052,1.4000000000000004,1,True,,4056.254560590942,0.013529879741443183,0.004669783751259657,0.9953302162487403,1556.6563372859025,1.6498140736683733,73.98775108704766,6595618.023556019,11.189738377564428,2.205011786945309,1.24045368768325,mRNA_trajectories_1400.000_1.687_74.917.csv
1400.0000000000005,15.674898309633136,1.000050138682127,1.4000000000000004,1,True,,1590.3408568462446,0.06830685076566863,0.060131506186400924,0.939868493813599,1361.1307784431137,1.086524826257997,16.33013811773046,2187152.257148496,2.77637296834905,8.64703520663743,4.1801853840075065,mRNA_trajectories_1400.000_1.000_15.675.csv
1400.0000000000005,7.890609921887517,1.908400138374418,1.4000000000000004,1,True,,6051.871566582457,0.1468321393611489,0.033967177400245595,0.9660328225997544,1450.6539325842696,2.0021026865694593,8.082074001282372,8435296.180462064,3.618138041733507,4.910005313396041,2.4264800983731147,mRNA_trajectories_1400.000_1.908_7.891.csv
1400.0000000000005,54.716956665273756,1.154031669255346,1.4000000000000004,1,True,,1924.268503852777,0.018619177159968643,0.013546367345183365,0.9864536326548167,1537.119856373429,1.0894499491870744,56.01973488530216,2804335.898668561,9.794275455244893,5.596182651550964,2.3809405702112305,mRNA_trajectories_1400.000_1.154_54.717.csv
1400.0000000000005,92.93256075493991,1.5849958136677742,1.4000000000000004,1,True,,3569.5744725351474,0.010878153492615393,0.004266451087332399,0.9957335489126675,1140.0542279020235,1.7075307721313377,94.82698558257069,3789553.9743969273,18.56755514985549,7.730932624989741,2.0384941641996797,mRNA_trajectories_1400.000_1.585_92.933.csv
1400.0000000000005,46.237216593232006,0.7281226143240929,1.4000000000000004,1,True,,788.5712094450819,0.02211051841738111,0.039254192156110326,0.9607458078438896,1476.0979237288136,0.718481631401907,46.041447231997424,1124764.6996906043,5.43556598062951,1.324087829786121,0.42340213286808864,mRNA_trajectories_1400.000_0.728_46.237.csv
1400.0000000000005,48.393731008749455,1.5427240040153265,1.4000000000000004,1,True,,3430.841460437235,0.021104469471129643,0.008611956454500832,0.9913880435454991,1410.6225101214575,1.6556195904115116,54.81234490464588,5454346.611914347,0.7587507229612158,7.317938017580981,13.263316884445137,mRNA_trajectories_1400.000_1.543_48.394.csv
1400.0000000000005,88.83276035636663,0.7708053048700094,1.4000000000000004,1,True,,856.1966921403732,0.011385861315416601,0.01861745786676066,0.9813825421332393,1553.0893318485523,0.752833913211717,83.6798782501796,1367071.4780999993,10.93495227489656,2.3315085592623372,5.8006551699119075,mRNA_trajectories_1400.000_0.771_88.833.csv
1400.0000000000005,52.550952448975295,1.956158998887986,1.4000000000000004,1,True,,5487.26407740114,0.019401912446143966,0.004950131256935289,0.9950498687430647,1350.625932835821,1.7855747240067874,58.92474501784179,5816024.5025737565,3.526719083155674,8.720368588553908,12.12878601021585,mRNA_trajectories_1400.000_1.956_52.551.csv
1400.0000000000005,11.99989863857627,1.105127293150872,1.4000000000000004,1,True,,1992.6918818915576,0.09130866518502626,0.06415047525445453,0.9358495247455455,1485.5795384615385,1.046035958316888,11.462431911424073,2414821.5679813256,6.112824175824144,5.347016149199109,4.478927225471667,mRNA_trajectories_1400.000_1.105_12.000.csv
1400.0000000000005,16.677448205649853,1.6384608391672373,1.4000000000000004,1,True,,4087.039830906694,0.0639209499991687,0.021895879096187655,0.9781041209038124,1371.699548022599,1.6575100147507404,19.19630425300203,5169283.052214486,2.0214608555286784,1.16262623604633,15.103366032333765,mRNA_trajectories_1400.000_1.638_16.677.csv
1400.0000000000005,69.63900564191863,1.048194209113717,1.4000000000000004,1,True,,1579.991651805677,0.014570399278876416,0.01291054858873128,0.9870894514112687,1296.791671388102,1.0780063211457152,71.77738402190913,1954263.1371657616,7.372023472278457,2.844140119530445,3.0706618514715256,mRNA_trajectories_1400.000_1.048_69.639.csv
1400.0000000000005,84.1822071634233,1.3158690477721393,1.4000000000000004,1,True,,2469.0797529612146,0.012022617945715202,0.006816979120992244,0.9931830208790078,1350.0011971830986,1.3054605047796681,85.88495511220376,3105959.45232251,3.5713430583501307,0.7910014305825941,2.022693400607688,mRNA_trajectories_1400.000_1.316_84.182.csv
1400.0000000000005,31.27868144167587,0.6230290229432285,1.4000000000000004,1,True,"Tolerance exceeded: mean=5.8%, cv=0.3%, ac=86.5%",606.6149180605531,0.03304296610733844,0.07625950363729116,0.9237404963627089,1481.7297213622292,0.6209722902155842,58.32661137460775,846608.1141321205,5.837837240159191,0.3301182853293332,86.4740094091469,mRNA_trajectories_1400.000_0.623_31.279.csv
1500.0000000000005,43.38743269909173,1.7215519584715366,1.5000000000000004,1,True,,4584.895324645479,0.02359844725120443,0.007720497060539486,0.9922795029394604,1724.2047297297297,1.648948582431319,47.4190839410644,8083359.4523650175,14.946981981981947,4.217321218970225,9.292209727949786,mRNA_trajectories_1500.000_1.722_43.387.csv
1500.0000000000005,96.17708989279345,0.9671149142086506,1.5000000000000004,1,True,,1432.4585355240501,0.010507235539008904,0.011002659356382288,0.9889973406436178,1469.921049382716,0.9684620149963347,91.03182162671295,2026530.7647338787,2.0052633744856236,0.13929066421091751,5.3497857668763045,mRNA_trajectories_1500.000_0.967_96.177.csv
1500.0000000000005,56.67092608753592,1.3967514573596418,1.5000000000000004,1,True,,3004.876063872401,0.01796552116027479,0.008968184100639341,0.9910318158993606,1525.7193067590988,1.3443719779707868,53.641644877367696,4207151.84384562,1.7146204506065559,3.7500930543413142,5.345388578067502,mRNA_trajectories_1500.000_1.397_56.671.csv
1500.0000000000005,3.9872084972448647,0.5397639065049589,1.5000000000000004,1,True,,1119.459044261601,0.35301405721975876,0.4730151482932653,0.5269848517067347,1525.6313793103448,0.522227028436209,3.930839204648707,634772.2261877527,1.7087586206896197,3.248990504441724,1.4137533222832077,mRNA_trajectories_1500.000_0.540_3.987.csv
1500.0000000000005,24.18769394652918,1.4595464169979095,1.5000000000000004,1,True,,3397.0579177322725,0.04316711719332613,0.019060810076860255,0.9809391899231398,1509.0492857142858,1.4722492097407,25.19138920798539,4935935.86399949,0.6032857142856906,0.8703246840835968,4.149611218312266,mRNA_trajectories_1500.000_1.460_24.188.csv
1500.0000000000005,64.4548349129036,0.8516051918268204,1.5000000000000004,1,True,,1127.6183762296782,0.01576099029786326,0.020965856840541145,0.9790341431594589,1396.1512061068702,0.867757361739689,64.96841783275384,1467781.8909077058,6.923252926208683,1.8966734900030129,0.7968105426757041,mRNA_trajectories_1500.000_0.852_64.455.csv
1500.0000000000005,75.95568106742576,1.8751901215873659,1.5000000000000004,1,True,"Tolerance exceeded: mean=22.7%, cv=14.6%, ac=1.6%",5363.881701330922,0.013342381330792274,0.003731173264172198,0.9962688267358278,1841.1223896103895,1.6011729584861008,74.70301042126152,8690440.943150654,22.7414926406926,14.612766990757558,1.6492125783879672,mRNA_trajectories_1500.000_1.875_75.956.csv
1500.0000000000005,35.62444724980742,1.188113001640886,1.5000000000000004,1,True,,2220.908761742233,0.02889322607835257,0.019514461766331242,0.9804855382336688,1561.8656830601092,1.201118827857479,32.868015277022735,3519324.5171502167,4.1243788706739135,1.0946623931082895,7.737472959105585,mRNA_trajectories_1500.000_1.188_35.624.csv
1500.0000000000005,26.015428205486387,1.2728111608885229,1.5000000000000004,1,True,,2586.264913019226,0.040007544024607974,0.02320385500140212,0.9767961449985979,1535.2526937269372,1.2463993961376598,26.640685041748803,3661627.7937104553,2.350179581795782,2.075073315072563,2.4034078214040537,mRNA_trajectories_1500.000_1.273_26.015.csv
1500.0000000000005,85.16995486803353,0.6649385108612478,1.5000000000000004,1,True,,687.9048799189168,0.011881356406132585,0.025907701964986152,0.9740922980350138,1608.3496519721577,0.6806426964947049,87.38291969010317,1198393.1456785335,7.223310131477151,2.3617500531164275,2.5982928199251862,mRNA_trajectories_1500.000_0.665_85.170.csv
1500.0000000000005,74.91706255218014,1.6870129071176052,1.5000000000000004,1,True,,4346.059441864521,0.01352988280463203,0.004669707002037985,0.995330292997962,1696.769486166008,1.4917558252723406,76.51507796203502,6406800.130578788,13.117965744400495,11.574130880769415,2.1330460050297013,mRNA_trajectories_1500.000_1.687_74.917.csv
1500.0000000000005,15.674898309633136,1.000050138682127,1.5000000000000004,1,True,,1704.0136080039038,0.06830707350756239,0.06012898593067391,0.939871014069326,1573.6476646706587,0.9745000505932929,14.490275902217592,2351682.758734067,4.909844311377218,2.5548807105315903,7.5574487567011825,mRNA_trajectories_1500.000_1.000_15.675.csv
1500.0000000000005,7.890609921887517,1.908400138374418,1.5000000000000004,1,True,,6484.232010256111,0.14683242471390828,0.033966803890190106,0.96603319610981,1640.3305617977528,1.9485176054822586,8.952614596338769,10215777.403762605,9.35537078651682,2.1021517605848,13.459094860403509,mRNA_trajectories_1500.000_1.908_7.891.csv
1500.0000000000005,54.716956665273756,1.154031669255346,1.5000000000000004,1,True,,2061.789055992141,0.01861918955786217,0.013545898042102964,0.9864541019578971,1410.5231238779174,1.1268003705061809,55.701518792375985,2526122.3588369205,5.965125074805532,2.359666504363484,1.7993729679177939,mRNA_trajectories_1500.000_1.154_54.717.csv
1500.0000000000005,92.93256075493991,1.5849958136677742,1.5000000000000004,1,True,"Tolerance exceeded: mean=9.9%, cv=2.0%, ac=20.0%",3824.6162951141137,0.01087815573578595,0.004266371406858234,0.9957336285931417,1648.9882002129925,1.617252791886353,111.51917849710189,7111986.358923597,9.932546680866135,2.0351459568801205,20.000113621289607,mRNA_trajectories_1500.000_1.585_92.933.csv
1500.0000000000005,46.237216593232006,0.7281226143240929,1.5000000000000004,1,True,,844.9708330697591,0.0221105623404119,0.039250873772917264,0.9607491262270828,1606.7952542372882,0.6854889774909256,40.162515258625255,1213171.0337571388,7.119683615819181,5.855282612358292,13.13812072220614,mRNA_trajectories_1500.000_0.728_46.237.csv
1500.0000000000005,48.393731008749455,1.5427240040153265,1.5000000000000004,1,True,"Tolerance exceeded: mean=22.7%, cv=7.5%, ac=1.9%",3675.9745459709598,0.021104478384777452,0.008611789113682366,0.9913882108863177,1159.2064777327935,1.658244025911282,49.29863763191694,3695034.3613345567,22.719568151147126,7.488054998514686,1.8698839794019595,mRNA_trajectories_1500.000_1.543_48.394.csv
1500.0000000000005,88.83276035636663,0.7708053048700094,1.5000000000000004,1,True,,917.4258654057792,0.011385871706428779,0.01861600833773003,0.9813839916622699,1565.1474832962137,0.7844910615636498,88.83988720935366,1507601.40568743,4.343165553080885,1.7755140769235318,0.00802277555986957,mRNA_trajectories_1500.000_0.771_88.833.csv
1500.0000000000005,52.550952448975295,1.956158998887986,1.5000000000000004,1,True,,5879.284359840412,0.019401917131547694,0.004950071116837683,0.9950499288831622,1273.7968656716419,2.186903761368623,54.93971164247267,7759963.793587191,15.080208955223902,11.795808142988784,4.545605897089612,mRNA_trajectories_1500.000_1.956_52.551.csv
1500.0000000000005,11.99989863857627,1.105127293150872,1.5000000000000004,1,True,,2135.1060549244326,0.09130899181556841,0.06414832996583872,0.9358516700341614,1583.356923076923,1.0726602801948237,11.213255139815578,2884576.421528994,5.557128205128172,2.9378527846760782,6.55541786187973,mRNA_trajectories_1500.000_1.105_12.000.csv
1500.0000000000005,16.677448205649853,1.6384608391672373,1.5000000000000004,1,True,,4379.047643146729,0.06392102263858475,0.02189552198819602,0.978104478011804,1450.8222598870057,1.607579652368155,16.996174816460982,5439680.870894328,3.2785160075329856,1.8847680738453294,1.9111233737974007,mRNA_trajectories_1500.000_1.638_16.677.csv
1500.0000000000005,69.63900564191863,1.048194209113717,1.5000000000000004,1,True,,1692.9206966373763,0.014570408481069953,0.012910003856067458,0.9870899961439326,1722.6553541076487,1.005291486514609,68.80757399506241,2999029.9710209086,14.84369027384321,4.093012747645665,1.1939165977346227,mRNA_trajectories_1500.000_1.048_69.639.csv
1500.0000000000005,84.1822071634233,1.3158690477721393,1.5000000000000004,1,True,"Tolerance exceeded: mean=1.4%, cv=6.7%, ac=1300.2%",2645.5148960728507,0.012022621921176951,0.006816795062668521,0.9931832049373315,1478.881690140845,1.4033830943550947,1178.7130851360814,4307441.075814984,1.4078873239436989,6.650665332627355,1300.1926592965665,mRNA_trajectories_1500.000_1.316_84.182.csv
1500.0000000000005,31.27868144167587,0.6230290229432285,1.5000000000000004,1,True,,650.0186227949024,0.03304310013594283,0.07625112337674236,0.9237488766232576,1590.2666253869968,0.6405147712472433,31.598256509069405,1037524.088291708,6.017775025799754,2.8065704261113,1.0217024908464636,mRNA_trajectories_1500.000_0.623_31.279.csv
1600.0000000000005,43.38743269909173,1.7215519584715366,1.6000000000000005,1,True,,4890.62330251082,0.023598455082661562,0.007720391818538549,0.9922796081814614,1520.6396396396397,1.8325794942904594,51.655738611208854,7765657.997798068,4.960022522522549,6.449270106113876,19.056914405286324,mRNA_trajectories_1600.000_1.722_43.387.csv
1600.0000000000005,96.17708989279345,0.9671149142086506,1.6000000000000005,1,True,,1528.023153600055,0.010507240457560152,0.01100217931416013,0.9889978206858399,1684.7089917695473,0.932384512672895,85.22543514349677,2467401.8715076256,5.294311985596677,3.591134933967387,11.386968311792605,mRNA_trajectories_1600.000_0.967_96.177.csv
1600.0000000000005,56.67092608753592,1.3967514573596418,1.6000000000000005,1,True,,3205.269031710688,0.01796552805480612,0.008967997570034972,0.991032002429965,1513.3008665511265,1.3584274773016616,58.45931880386726,4225941.460189891,5.418695840554618,2.74379381213793,3.1557499405761074,mRNA_trajectories_1600.000_1.397_56.671.csv
1600.0000000000005,3.9872084972448647,0.5397639065049589,1.6000000000000005,1,True,,1194.217507301339,0.35303229275381875,0.4729889362303413,0.5270110637696587,1630.261551724138,0.533127360226056,4.122637088123836,755399.1900389714,1.891346982758591,1.2295276136330349,3.396576601714004,mRNA_trajectories_1600.000_0.540_3.987.csv
1600.0000000000005,24.18769394652918,1.4595464169979095,1.6000000000000005,1,True,,3623.598172743678,0.04316715367665176,0.01906045940804388,0.9809395405919561,1670.9813492063493,1.4828354608872736,23.643457284718906,6139445.261795004,4.436334325396799,1.5956357138176163,2.250056012009236,mRNA_trajectories_1600.000_1.460_24.188.csv
1600.0000000000005,64.4548349129036,0.8516051918268204,1.6000000000000005,1,True,,1202.8606914311445,0.015761004571700234,0.02096469482656123,0.9790353051734387,1594.0803358778626,0.8785507051252901,61.85261924761495,1961345.359500345,0.369979007633617,3.164085136760096,4.037269925219683,mRNA_trajectories_1600.000_0.852_64.455.csv
1600.0000000000005,75.95568106742576,1.8751901215873659,1.6000000000000005,1,True,,5721.541386154078,0.013342383440417606,0.0037311297889637057,0.9962688702110363,1684.6932987012988,1.766684750070569,86.1600217487404,8858492.40577847,5.293331168831143,5.786366420539062,13.434598357766378,mRNA_trajectories_1600.000_1.875_75.956.csv
1600.0000000000005,35.62444724980742,1.188113001640886,1.6000000000000005,1,True,,2369.0380338388964,0.028893250730796637,0.019513912613029157,0.9804860873869707,1507.440655737705,1.1673029097892742,32.942499034143786,3096332.450194105,5.78495901639347,1.7515246296329847,7.5283925020847295,mRNA_trajectories_1600.000_1.188_35.624.csv
1600.0000000000005,26.015428205486387,1.2728111608885229,1.6000000000000005,1,True,,2758.7520804045234,0.040007585226683864,0.02320329427837094,0.9767967057216291,1405.9464206642067,1.3602088261075784,25.531643346813652,3657200.058088664,12.128348708487106,6.866506824000905,1.8596075177063947,mRNA_trajectories_1600.000_1.273_26.015.csv
1600.0000000000005,85.16995486803353,0.6649385108612478,1.6000000000000005,1,True,,733.8326946897153,0.011881369710584965,0.02590534828238197,0.974094651717618,1642.4029930394431,0.7123339572895111,81.06213433806114,1368758.2546499744,2.6501870649651655,7.127793871778514,4.823086423301789,mRNA_trajectories_1600.000_0.665_85.170.csv
1600.0000000000005,74.91706255218014,1.6870129071176052,1.6000000000000005,1,True,,4635.8643231384885,0.013529885484922838,0.004669639848566779,0.9953303601514332,1740.5796574440053,1.7294837031835,85.14202451205475,9061931.085393822,8.7862285902503,2.5175145896458773,13.648375432169225,mRNA_trajectories_1600.000_1.687_74.917.csv
1600.0000000000005,15.674898309633136,1.000050138682127,1.6000000000000005,1,True,,1817.686359191327,0.06830726840732003,0.06012678089323121,0.9398732191067688,1622.8010778443113,0.9830064640021066,14.763450668884422,2544739.448453928,1.425067365269427,1.7042820175477111,5.814695717602047,mRNA_trajectories_1600.000_1.000_15.675.csv
1600.0000000000005,7.890609921887517,1.908400138374418,1.6000000000000005,1,True,,6916.59245396895,0.1468326743980461,0.03396647707673777,0.9660335229232622,1624.8667415730338,2.0472149117019005,9.34330456619368,11065279.068759045,1.5541713483145823,7.2738819567329,18.41042275168842,mRNA_trajectories_1600.000_1.908_7.891.csv
1600.0000000000005,54.716956665273756,1.154031669255346,1.6000000000000005,1,True,,2199.30960813308,0.018619200406025774,0.013545487429088982,0.9864545125709111,1575.7105565529623,1.098399098622598,50.085500034283235,2995526.906491791,1.5180902154398832,4.820714380277424,8.464390041505881,mRNA_trajectories_1600.000_1.154_54.717.csv
1600.0000000000005,92.93256075493991,1.5849958136677742,1.6000000000000005,1,True,,4079.6581176933614,0.01087815769856057,0.004266301688911554,0.9957336983110884,1618.751991480298,1.5875975310456156,92.04905149922105,6604523.06373139,1.1719994675186025,0.16414664035111234,0.9506993550394546,mRNA_trajectories_1600.000_1.585_92.933.csv
1600.0000000000005,46.237216593232006,0.7281226143240929,1.6000000000000005,1,True,,901.3704567001021,0.02211060077313549,0.039247970658513806,0.9607520293414862,1571.8800423728815,0.7416528145217504,43.5070570878223,1359064.592940676,1.7574973516949366,1.8582310082783806,5.904679620808614,mRNA_trajectories_1600.000_0.728_46.237.csv
1600.0000000000005,48.393731008749455,1.5427240040153265,1.6000000000000005,1,True,,3921.1076315058153,0.021104486184222365,0.008611642695915555,0.9913883573040845,1346.5871659919028,1.5171885245156527,51.849907352081686,4173957.6699324534,15.838302125506099,1.6552202100447868,7.141785250464289,mRNA_trajectories_1600.000_1.543_48.394.csv
1600.0000000000005,88.83276035636663,0.7708053048700094,1.6000000000000005,1,True,,978.6550386725039,0.011385880798572211,0.018614740187131246,0.9813852598128687,1838.7012026726059,0.7205192102334044,80.40920660463797,1755146.8093393107,14.918825167037832,6.523838681297792,9.48248564824086,mRNA_trajectories_1600.000_0.771_88.833.csv
1600.0000000000005,52.550952448975295,1.956158998887986,1.6000000000000005,1,True,,6271.304642280279,0.019401921231276893,0.00495001849547459,0.9950499815045254,1428.7323880597014,1.9107907667769062,61.08563383063037,7452947.258010714,10.704225746268687,2.3192507427499587,16.240773923064257,mRNA_trajectories_1600.000_1.956_52.551.csv
1600.0000000000005,11.99989863857627,1.105127293150872,1.6000000000000005,1,True,,2277.520228001593,0.09130927761826563,0.06414645296802295,0.935853547031977,1622.9109230769232,1.0573225168982656,11.51340262151344,2944450.982372994,1.4319326923076683,4.325725782801753,4.054167720207916,mRNA_trajectories_1600.000_1.105_12.000.csv
1600.0000000000005,16.677448205649853,1.6384608391672373,1.6000000000000005,1,True,"Tolerance exceeded: mean=10.4%, cv=5.6%, ac=21.9%",4671.055455396247,0.06392108619814196,0.021895209528903198,0.9781047904710967,1766.4905084745762,1.7296360709895142,20.325966480761583,9335381.791152848,10.405656779660983,5.564687885284923,21.876957614389198,mRNA_trajectories_1600.000_1.638_16.677.csv
1600.0000000000005,69.63900564191863,1.048194209113717,1.6000000000000005,1,True,,1805.8497414702413,0.014570416532994068,0.012909527253253306,0.9870904727467467,1442.599716713881,1.091348942506102,72.9311604940273,2478671.3619829225,9.837517705382465,4.117055123675383,4.727458156190243,mRNA_trajectories_1600.000_1.048_69.639.csv
1600.0000000000005,84.1822071634233,1.3158690477721393,1.6000000000000005,1,True,,2821.9500391849883,0.01202262539970706,0.006816634019887516,0.9931833659801124,1593.9995539906104,1.3990913387949238,95.22876945743153,4973573.349131255,0.37502787558688044,6.324511634625478,13.122205589791063,mRNA_trajectories_1600.000_1.316_84.182.csv
1600.0000000000005,31.27868144167587,0.6230290229432285,1.6000000000000005,1,True,,693.4223275469973,0.03304321741141849,0.07624379221432893,0.9237562077856711,1551.5946749226007,0.6467895948219001,33.5514140999033,1007123.2223369685,3.0253328173374845,3.8137183026282147,7.266075657521885,mRNA_trajectories_1600.000_0.623_31.279.csv
1700.0000000000007,43.38743269909173,1.7215519584715366,1.7000000000000006,1,True,,5196.351280377096,0.02359846199277296,0.007720298960389519,0.9922797010396104,1623.6237387387387,1.658847744969408,45.641885364398654,7254105.014148183,4.49272125066247,3.6423073491084215,5.196096023801186,mRNA_trajectories_1700.000_1.722_43.387.csv
1700.0000000000007,96.17708989279345,0.9671149142086506,1.7000000000000006,1,True,,1623.587771676645,0.010507244797460224,0.011001755782649402,0.9889982442173505,1775.278621399177,0.9421379549806191,98.8950917551997,2797448.155559417,4.428154199951543,2.582625793592382,2.8260387847417228,mRNA_trajectories_1700.000_0.967_96.177.csv
1700.0000000000007,56.67092608753592,1.3967514573596418,1.7000000000000006,1,True,,3405.6619995497977,0.017965534138218314,0.008967832990769043,0.991032167009231,1770.1045060658578,1.393586606214609,60.99474077498947,6085072.299269124,4.123794474462181,0.22658656472895616,7.629687718134043,mRNA_trajectories_1700.000_1.397_56.671.csv
1700.0000000000007,3.9872084972448647,0.5397639065049589,1.7000000000000006,1,True,,1268.9759744570165,0.3530483838289821,0.47296581226928464,0.5270341877307154,1750.5553448275862,0.518251253735388,3.9951067526936117,823061.7407300535,2.97384381338738,3.985567117458451,0.1980898529435982,mRNA_trajectories_1700.000_0.540_3.987.csv
1700.0000000000007,24.18769394652918,1.4595464169979095,1.7000000000000006,1,True,,3850.138427759512,0.043167185867847124,0.019060150005578935,0.980939849994421,1604.4733333333334,1.4604984213018295,25.19943750015578,5491199.099288889,5.619215686274546,0.06522603822892428,4.18288554445589,mRNA_trajectories_1700.000_1.460_24.188.csv
1700.0000000000007,64.4548349129036,0.8516051918268204,1.7000000000000006,1,True,,1278.1030066343212,0.015761017166273015,0.02096366962880489,0.9790363303711952,1824.0242442748092,0.8919748113277807,67.01494607242482,2647075.8987099244,7.295543780871089,4.740414911557952,3.9719458795924845,mRNA_trajectories_1700.000_0.852_64.455.csv
1700.0000000000007,75.95568106742576,1.8751901215873659,1.7000000000000006,1,True,,6079.201070977487,0.013342385301852005,0.003731091429338317,0.9962689085706616,1963.498961038961,1.770852777899758,82.11833934806678,12089999.022362556,15.499938884644715,5.564094140986904,8.113492228672719,mRNA_trajectories_1700.000_1.875_75.956.csv
1700.0000000000007,35.62444724980742,1.188113001640886,1.7000000000000006,1,True,,2517.167305938531,0.028893272482970644,0.019513428092431128,0.9804865719075689,1600.0545901639343,1.1938676386829357,33.20989987250434,3649068.0343423183,5.879141755062724,0.48435098632048845,6.777782011245474,mRNA_trajectories_1700.000_1.188_35.624.csv
1700.0000000000007,26.015428205486387,1.2728111608885229,1.7000000000000006,1,True,,2931.2392477948265,0.04000762158149204,0.023202799546199686,0.9767972004538003,1618.6476752767528,1.295315755716266,29.790390674111098,4395982.47099644,4.785430866073403,1.7681016256985957,14.510476009880207,mRNA_trajectories_1700.000_1.273_26.015.csv
1700.0000000000007,85.16995486803353,0.6649385108612478,1.7000000000000006,1,True,,779.7605094621092,0.011881381449820027,0.0259032718630842,0.9740967281369158,1795.0411832946636,0.714118839560024,84.5280529739195,1643197.6876542845,5.590657840862522,7.396222040903662,0.7536717556192463,mRNA_trajectories_1700.000_0.665_85.170.csv
1700.0000000000007,74.91706255218014,1.6870129071176052,1.7000000000000006,1,True,"Tolerance exceeded: mean=0.0%, cv=2.1%, ac=21.7%",4925.669204412773,0.013529887849885756,0.004669580597129827,0.9953304194028701,1699.2179710144928,1.7217821131902367,91.20298490348642,8559621.653727109,0.04600170502987351,2.060992297447053,21.738602391094886,mRNA_trajectories_1700.000_1.687_74.917.csv
1700.0000000000007,15.674898309633136,1.000050138682127,1.7000000000000006,1,True,,1931.3591104032625,0.06830744037815994,0.06012483541635396,0.939875164583646,1559.908263473054,1.0300487278004293,15.46769039642603,2581746.8603269244,8.240690383938041,2.9997085103987566,1.321909138509458,mRNA_trajectories_1700.000_1.000_15.675.csv
1700.0000000000007,7.890609921887517,1.908400138374418,1.7000000000000006,1,True,,7348.952897714058,0.14683289470794625,0.033966188718008175,0.9660338112819918,1607.248988764045,2.154016136277988,7.76593023379497,11985722.73980235,5.455941837409158,12.870256764537153,1.5801020368108911,mRNA_trajectories_1700.000_1.908_7.891.csv
1700.0000000000007,54.716956665273756,1.154031669255346,1.7000000000000006,1,True,,2336.8301602753163,0.018619209977940084,0.01354512514455435,0.9864548748554457,1635.104236983842,1.1049229038823032,52.02571721230546,3264035.248560145,3.8173978244799254,4.25540881427725,4.918474303005778,mRNA_trajectories_1700.000_1.154_54.717.csv
1700.0000000000007,92.93256075493991,1.5849958136677742,1.7000000000000006,1,True,,4334.699940272843,0.010878159430420822,0.004266240174989227,0.9957337598250108,1913.9545473908413,1.4693379641239777,94.92421859362062,7908728.003727457,12.585561611225913,7.297044480903544,2.1431216599450487,mRNA_trajectories_1700.000_1.585_92.933.csv
1700.0000000000007,46.237216593232006,0.7281226143240929,1.7000000000000006,1,True,,957.7700803351111,0.022110634684417697,0.039245409451878606,0.9607545905481213,1664.089279661017,0.8006062626537956,48.23090962409846,1774970.7948681253,2.112395314057868,9.954868438880785,4.311879429088041,mRNA_trajectories_1700.000_0.728_46.237.csv
1700.0000000000007,48.393731008749455,1.5427240040153265,1.7000000000000006,1,True,,4166.240717041603,0.021104493066087925,0.008611513507991869,0.9913884864920081,1657.2477732793523,1.662365817038401,49.28936916273311,7589760.790430264,2.5148368659204943,7.7552311827440725,1.8507317690006693,mRNA_trajectories_1700.000_1.543_48.394.csv
1700.0000000000007,88.83276035636663,0.7708053048700094,1.7000000000000006,1,True,,1039.8842119403148,0.011385888821057741,0.018613621375866342,0.9813863786241337,1647.4439198218263,0.7574262793919848,81.58274592752183,1557048.060841651,3.0915341281279045,1.735720472276833,8.161419728217641,mRNA_trajectories_1700.000_0.771_88.833.csv
1700.0000000000007,52.550952448975295,1.956158998887986,1.7000000000000006,1,True,,6663.324924720633,0.019401924848685723,0.004949972065807462,0.9950500279341926,1815.5110447761194,2.2230320343472028,56.73278606235507,16288805.316892939,6.794767339771688,13.642706733497922,7.9576742542205166,mRNA_trajectories_1700.000_1.956_52.551.csv
1700.0000000000007,11.99989863857627,1.105127293150872,1.7000000000000006,1,True,,2419.934401115224,0.09130952979787009,0.06414479689401638,0.9358552031059836,1598.962,1.1150688825457686,12.54655178254097,3178920.5820944617,5.943411764705921,0.8995877177688542,4.555481345545419,mRNA_trajectories_1700.000_1.105_12.000.csv
1700.0000000000007,16.677448205649853,1.6384608391672373,1.7000000000000006,1,True,,4963.063267653572,0.06392114228015705,0.021894933837432604,0.9781050661625673,1642.3731073446327,1.711771141354618,18.531194028228057,7903783.781694865,3.389817215021646,4.474339601832735,11.11528454305262,mRNA_trajectories_1700.000_1.638_16.677.csv
1700.0000000000007,69.63900564191863,1.048194209113717,1.7000000000000006,1,True,,1918.7787863040674,0.01457042363763669,0.012909106751015094,0.9870908932489849,1740.5753824362607,1.0679182402436354,64.43658060635552,3455108.440634768,2.386787202132943,1.8817153308446146,7.470561918005838,mRNA_trajectories_1700.000_1.048_69.639.csv
1700.0000000000007,84.1822071634233,1.3158690477721393,1.7000000000000006,1,True,,2998.3851822975394,0.01202262846899917,0.006816491929711792,0.9931835080702882,1731.577558685446,1.1865669363986648,82.95263745814601,4221515.4453931,1.8575034520850235,9.826366202046641,1.4606052118475772,mRNA_trajectories_1700.000_1.316_84.182.csv
1700.0000000000007,31.27868144167587,0.6230290229432285,1.7000000000000006,1,True,,736.8260323137062,0.033043320890125655,0.07623732475469532,0.9237626752453048,1678.419318885449,0.6289425176987669,31.738721615898456,1114353.1602707438,1.2694518302677453,0.9491523729669367,1.470778667829726,mRNA_trajectories_1700.000_0.623_31.279.csv
1800.0000000000007,43.38743269909173,1.7215519584715366,1.8000000000000007,1,True,,5502.079258244153,0.02359846813509589,0.007720216421732925,0.9922797835782671,2060.9892792792793,1.62617319522164,44.7991321056184,11232723.32195714,14.499404404404364,5.540277932394076,3.253705782311055,mRNA_trajectories_1800.000_1.722_43.387.csv
1800.0000000000007,96.17708989279345,0.9671149142086506,1.8000000000000007,1,True,,1719.1523897537224,0.010507248655150684,0.011001379337861161,0.9889986206621388,1881.4483950617284,0.9666612324817336,93.05650782059315,3307754.167048865,4.5249108367626505,0.046910839679086457,3.244621016999723,mRNA_trajectories_1800.000_0.967_96.177.csv
1800.0000000000007,56.67092608753592,1.3967514573596418,1.8000000000000007,1,True,"Tolerance exceeded: mean=0.9%, cv=7.6%, ac=22.9%",3606.054967389591,0.01796553954569755,0.008967686703252039,0.991032313296748,1815.6579202772964,1.5023264243972052,69.6382818906725,7440406.597400876,0.8698844598497617,7.558607974330505,22.88184912155264,mRNA_trajectories_1800.000_1.397_56.671.csv
1800.0000000000007,3.9872084972448647,0.5397639065049589,1.8000000000000007,1,True,,1343.7344450427827,0.35306268771370397,0.47294526104407003,0.52705473895593,1866.5720689655172,0.5058850014940702,3.782858981106496,891647.3699784781,3.6984482758620296,6.276615498479499,5.125127423849864,mRNA_trajectories_1800.000_0.540_3.987.csv
1800.0000000000007,24.18769394652918,1.4595464169979095,1.8000000000000007,1,True,,4076.678682779037,0.04316721448226324,0.019059874989977323,0.9809401250100227,1966.8444444444444,1.4303399602142512,22.993781445603283,7914410.471675485,9.269135802469094,2.001063922566577,4.936032775862116,mRNA_trajectories_1800.000_1.460_24.188.csv
1800.0000000000007,64.4548349129036,0.8516051918268204,1.8000000000000007,1,True,,1353.3453218389238,0.01576102836145726,0.020962758427445674,0.9790372415725543,1787.8338625954198,0.8600469864173194,63.725932920408,2364278.7263220265,0.6758965224767177,0.9912803105850113,1.1308724837796218,mRNA_trajectories_1800.000_0.852_64.455.csv
1800.0000000000007,75.95568106742576,1.8751901215873659,1.8000000000000007,1,True,,6436.860755801102,0.013342386956460575,0.0037310573325646046,0.9962689426674355,1735.5215584415585,2.1100090809904306,78.90632755340145,13409996.80563913,3.582135642135678,12.522408085441935,3.884694922762145,mRNA_trajectories_1800.000_1.875_75.956.csv
1800.0000000000007,35.62444724980742,1.188113001640886,1.8000000000000007,1,True,,2665.296578040643,0.0288932918182502,0.019512997428257423,0.9804870025717425,1891.1503278688524,1.1375618420508664,34.486716535326764,4628093.628603718,5.063907103825094,4.254743405737011,3.1936796282131903,mRNA_trajectories_1800.000_1.188_35.624.csv
1800.0000000000007,26.015428205486387,1.2728111608885229,1.8000000000000007,1,True,,3103.726415189299,0.040007653896904895,0.02320235980272013,0.9767976401972799,1672.5751291512915,1.2850828260182245,26.853830830836102,4619909.929816865,7.079159491594949,0.9641387117579239,3.2227131482421836,mRNA_trajectories_1800.000_1.273_26.015.csv
1800.0000000000007,85.16995486803353,0.6649385108612478,1.8000000000000007,1,True,,825.6883242358327,0.011881391884705382,0.025901426439889064,0.974098573560111,1880.7487935034803,0.6412334995507537,73.52221287952638,1454433.9030901918,4.486044083526646,3.5649929915761156,13.675881367501871,mRNA_trajectories_1800.000_0.665_85.170.csv
1800.0000000000007,74.91706255218014,1.6870129071176052,1.8000000000000007,1,True,,5215.474085687321,0.013529889952075363,0.004669527930465442,0.9953304720695345,2009.9845059288537,1.5875148941966515,76.4337804422341,10181717.345899593,11.66580588493627,5.897880952846647,2.0245293106594398,mRNA_trajectories_1800.000_1.687_74.917.csv
1800.0000000000007,15.674898309633136,1.000050138682127,1.8000000000000007,1,True,,2045.0318616356242,0.06830759324149516,0.06012310621720706,0.9398768937827929,1836.437365269461,0.9577557549990822,13.96498022276307,3093583.065717609,2.0242980705255724,4.229226320470358,10.908639106253219,mRNA_trajectories_1800.000_1.000_15.675.csv
1800.0000000000007,7.890609921887517,1.908400138374418,1.8000000000000007,1,True,,7781.313341486058,0.14683309053925742,0.03396593240392349,0.9660340675960765,1688.8422471910112,2.11311897832241,8.022967093608472,12735795.298709556,6.175430711610524,10.727249271862451,1.6774010251579308,mRNA_trajectories_1800.000_1.908_7.891.csv
1800.0000000000007,54.716956665273756,1.154031669255346,1.8000000000000007,1,True,,2474.3507124186335,0.018619218486312508,0.013544803130435223,0.9864551968695647,1583.128078994614,1.1728076856632035,53.9930377719103,3447352.634260044,12.048440055854808,1.6269931673515414,1.3230247760158973,mRNA_trajectories_1800.000_1.154_54.717.csv
1800.0000000000007,92.93256075493991,1.5849958136677742,1.8000000000000007,1,True,,4589.741762852517,0.010878160969852387,0.004266185497452679,0.9957338145025474,1975.3663045793396,1.662291349476327,96.60951370482528,10782254.348462062,9.742572476629936,4.876702836816098,3.9565819773129514,mRNA_trajectories_1800.000_1.585_92.933.csv
1800.0000000000007,46.237216593232006,0.7281226143240929,1.8000000000000007,1,True,,1014.1697039740081,0.022110664827823357,0.03924313311088817,0.9607568668891118,1815.2710593220338,0.7196534944488779,42.26861812659877,1706592.5471624373,0.8483921845573955,1.1631447380708955,8.583125800038198,mRNA_trajectories_1800.000_0.728_46.237.csv
1800.0000000000007,48.393731008749455,1.5427240040153265,1.8000000000000007,1,True,,4411.373802578165,0.021104499183303642,0.00861139867760582,0.9913886013223941,1815.574979757085,1.4708306111215577,47.30512650305107,7131053.555066295,0.8652766531713494,4.660159089159709,2.2494742252908084,mRNA_trajectories_1800.000_1.543_48.394.csv
1800.0000000000007,88.83276035636663,0.7708053048700094,1.8000000000000007,1,True,,1101.1133852090304,0.011385895952160737,0.018612626991178324,0.9813873730088216,1711.2320935412026,0.7616720630851683,91.55182146632386,1698845.509896508,4.931550358822112,1.184896072605695,3.060876526913361,mRNA_trajectories_1800.000_0.771_88.833.csv
1800.0000000000007,52.550952448975295,1.956158998887986,1.8000000000000007,1,True,,7055.345207161396,0.01940192806416081,0.004949930795737827,0.9950500692042622,1699.684104477612,1.9593482190260374,57.31742984414861,11090718.40782196,5.573105306799371,0.1630348115804708,9.070201724319576,mRNA_trajectories_1800.000_1.956_52.551.csv
1800.0000000000007,11.99989863857627,1.105127293150872,1.8000000000000007,1,True,,2562.348574259247,0.09130975395811194,0.0641433249073522,0.9358566750926478,1760.3375384615385,1.0709655284265975,12.684033395973348,3554208.367298556,2.203470085470118,3.0912063194887263,5.701171134877585,mRNA_trajectories_1800.000_1.105_12.000.csv
1800.0000000000007,16.677448205649853,1.6384608391672373,1.8000000000000007,1,True,,5255.071079917405,0.06392119213087875,0.021894688784569245,0.9781053112154308,2004.0329943502825,1.6789146004659392,16.56999854056578,11320534.869419847,11.33516635279343,2.469009959326396,0.6442812099255761,mRNA_trajectories_1800.000_1.638_16.677.csv
1800.0000000000007,69.63900564191863,1.048194209113717,1.8000000000000007,1,True,,2031.7078311386936,0.014570429952877486,0.01290873299458633,0.9870912670054136,1805.9986402266288,1.0304533114826928,69.89159566137111,3463310.8737658565,0.3332577903682299,1.6925200956819617,0.3627134206242015,mRNA_trajectories_1800.000_1.048_69.639.csv
1800.0000000000007,84.1822071634233,1.3158690477721393,1.8000000000000007,1,True,,3174.8203254104337,0.012022631197259478,0.00681636563236674,0.9931836343676334,1663.0395070422535,1.3382264854073298,75.71668116948359,4952954.914049523,7.6089162754303965,1.6990625072489725,10.056193914594736,mRNA_trajectories_1800.000_1.316_84.182.csv
1800.0000000000007,31.27868144167587,0.6230290229432285,1.8000000000000007,1,True,,780.2297370925932,0.03304341287147124,0.0762315768561763,0.9237684231438237,1898.0645820433438,0.6009358182813933,28.316220285138836,1301002.5617115127,5.4480323357412805,3.546095582749176,9.47118299107659,mRNA_trajectories_1800.000_0.623_31.279.csv
1900.000000000001,43.38743269909173,1.7215519584715366,1.9000000000000008,1,True,,5807.807236111867,0.02359847363085988,0.007720142572887928,0.9922798574271121,1999.7689639639639,1.699477870607149,42.80592506931099,11550231.148649376,5.250998103366469,1.282220252241818,1.340267431386689,mRNA_trajectories_1900.000_1.722_43.387.csv
1900.000000000001,96.17708989279345,0.9671149142086506,1.9000000000000008,1,True,,1814.7170078312104,0.01050725210676966,0.01100104254090907,0.9889989574590909,1983.7272839506172,1.0061581256575103,107.49150711470915,3983789.7599469447,4.406699155295593,4.037080896514465,11.76415010531889,mRNA_trajectories_1900.000_0.967_96.177.csv
1900.000000000001,56.67092608753592,1.3967514573596418,1.9000000000000008,1,True,"Tolerance exceeded: mean=3.0%, cv=10.8%, ac=27.6%",3806.4479352299636,0.017965544383969825,0.008967555818540434,0.9910324441814596,1957.7404506065857,1.5475466939334337,72.3032432407424,9179050.35038108,3.038971084557092,10.7961395550536,27.58436862150489,mRNA_trajectories_1900.000_1.397_56.671.csv
1900.000000000001,3.9872084972448647,0.5397639065049589,1.9000000000000008,1,True,,1418.4929185171482,0.35307548649022164,0.4729268758230403,0.5270731241769596,1953.4363793103448,0.5160391622240451,3.841550189236462,1016164.1425041319,2.8124410163338887,4.395392873624053,3.6531399877646678,mRNA_trajectories_1900.000_0.540_3.987.csv
1900.000000000001,24.18769394652918,1.4595464169979095,1.9000000000000008,1,True,,4303.21893780167,0.04316724008465167,0.019059628930415882,0.9809403710695842,1980.3985714285714,1.3382522058509614,24.80962199517656,7023945.68479161,4.231503759398443,8.310404501998232,2.571258136564208,mRNA_trajectories_1900.000_1.460_24.188.csv
1900.000000000001,64.4548349129036,0.8516051918268204,1.9000000000000008,1,True,,1428.587637044727,0.01576103837820781,0.020961943210248635,0.9790380567897513,1939.7938625954198,0.8254527452970296,64.8707151338077,2563867.6010798896,2.0944138208115195,3.0709590289943933,0.6452273463520148,mRNA_trajectories_1900.000_0.852_64.455.csv
1900.000000000001,75.95568106742576,1.8751901215873659,1.9000000000000008,1,True,"Tolerance exceeded: mean=26.1%, cv=4.8%, ac=4.2%",6794.520440624895,0.013342388436899992,0.003731026825460326,0.9962689731745397,2395.508805194805,1.7853909768492864,79.15006233408647,18292043.02488351,26.07941079972652,4.7888021435428465,4.205585707045487,mRNA_trajectories_1900.000_1.875_75.956.csv
1900.000000000001,35.62444724980742,1.188113001640886,1.9000000000000008,1,True,,2813.42585014484,0.028893309118248146,0.019512612113749255,0.9804873878862507,2056.4579781420766,1.1661942656087725,33.09127905715008,5751504.742223235,8.234630428530297,1.8448359711443212,7.110757887397198,mRNA_trajectories_1900.000_1.188_35.624.csv
1900.000000000001,26.015428205486387,1.2728111608885229,1.9000000000000008,1,True,,3276.213582587284,0.040007682810717524,0.023201966362746494,0.9767980336372535,1969.171586715867,1.2845932143181915,25.91771267994292,6398797.530779401,3.6406098271508496,0.9256717564798728,0.3756060625704412,mRNA_trajectories_1900.000_1.273_26.015.csv
1900.000000000001,85.16995486803353,0.6649385108612478,1.9000000000000008,1,True,,871.6161390106762,0.011881401221189518,0.025899775497369014,0.9741002245026309,1979.8124593967518,0.6733022918814586,84.26776431607298,1776921.7023923274,4.20065575772373,1.2578277364891732,1.0592826465135996,mRNA_trajectories_1900.000_0.665_85.170.csv
1900.000000000001,74.91706255218014,1.6870129071176052,1.9000000000000008,1,True,,5505.278966962094,0.013529891832982133,0.004669480808681255,0.9953305191913188,1868.6266930171278,1.6733878243552318,81.6721296608621,9777735.979825033,1.6512266833091123,0.807645436788799,9.016727136060647,mRNA_trajectories_1900.000_1.687_74.917.csv
1900.000000000001,15.674898309633136,1.000050138682127,1.9000000000000008,1,True,,2158.704612885187,0.06830773001424527,0.06012155912966903,0.939878440870331,1887.1417964071857,0.9944985291872813,15.45019424267387,3522227.1250434793,0.6767475575165914,0.5551331158417344,1.433528068384163,mRNA_trajectories_1900.000_1.000_15.675.csv
1900.000000000001,7.890609921887517,1.908400138374418,1.9000000000000008,1,True,,8213.673785280702,0.1468332657569767,0.03396570307408692,0.9660342969259131,1884.378202247191,1.9220462916180554,8.109964612108985,13117885.329547329,0.8221998817268378,0.715057234027515,2.77994594071882,mRNA_trajectories_1900.000_1.908_7.891.csv
1900.000000000001,54.716956665273756,1.154031669255346,1.9000000000000008,1,True,,2611.871264562861,0.01861922609907007,0.013544515025764101,0.986455484974236,1977.1620466786355,1.1541136065138775,57.83696202730098,5206928.964297427,4.061160351507084,0.0071000875205029235,5.702081314780689,mRNA_trajectories_1900.000_1.154_54.717.csv
1900.000000000001,92.93256075493991,1.5849958136677742,1.9000000000000008,1,True,,4844.7835854323575,0.010878162347238712,0.004266136576647327,0.9957338634233526,2248.121256656017,1.3978352607555276,93.04307560310411,9875326.129514076,18.32217140294821,11.808267965020427,0.118919404852756,mRNA_trajectories_1900.000_1.585_92.933.csv
1900.000000000001,46.237216593232006,0.7281226143240929,1.9000000000000008,1,True,,1070.5693276161796,0.022110691798273813,0.0392410966137653,0.9607589033862346,1961.8400847457626,0.7139230866747674,42.725666819024674,1961688.5643423656,3.25474130240851,1.950156109696807,7.5946391953042784,mRNA_trajectories_1900.000_0.728_46.237.csv
1900.000000000001,48.393731008749455,1.5427240040153265,1.9000000000000008,1,True,,4656.506888115382,0.02110450465660342,0.008611295937280472,0.9913887040627195,2085.2442914979756,1.393736481759081,48.88417468806236,8446469.497649599,9.749699552524978,9.65743204023974,1.0134446530362222,mRNA_trajectories_1900.000_1.543_48.394.csv
1900.000000000001,88.83276035636663,0.7708053048700094,1.9000000000000008,1,True,,1162.3425584785082,0.0113859023326251,0.01861173736966605,0.981388262630334,1724.7334743875278,0.8079258390493209,87.88486610613485,1941721.6846656569,9.22455397960384,4.815811975447107,1.0670548189982572,mRNA_trajectories_1900.000_0.771_88.833.csv
1900.000000000001,52.550952448975295,1.956158998887986,1.9000000000000008,1,True,,7447.365489602499,0.01940193094116529,0.004949893870480856,0.995050106129519,2222.014776119403,1.8936121522761582,56.0760562237926,17704185.414557785,16.948146111547473,3.197431632468712,6.70797313947835,mRNA_trajectories_1900.000_1.956_52.551.csv
1900.000000000001,11.99989863857627,1.105127293150872,1.9000000000000008,1,True,,2704.7627474288633,0.09130995452301226,0.06414200792976806,0.935857992070232,1887.2083076923077,1.087145167868304,12.319681421184843,4209347.295992521,0.6732469635628002,1.627154210561436,2.6648790313991704,mRNA_trajectories_1900.000_1.105_12.000.csv
1900.000000000001,16.677448205649853,1.6384608391672373,1.9000000000000008,1,True,,5547.078892186719,0.06392123673418923,0.02189446953170744,0.9781055304682925,1865.9107344632769,1.778014204668391,18.089647270978002,11006574.53350059,1.7941718703538962,8.517345191605745,8.467716690912797,mRNA_trajectories_1900.000_1.638_16.677.csv
1900.000000000001,69.63900564191863,1.048194209113717,1.9000000000000008,1,True,,2144.6368759739935,0.01457043560335841,0.012908398599556998,0.987091601400443,1581.4696600566572,1.1503494391900801,63.41858128447352,3309644.1344619244,16.764754733860187,9.745830418462118,8.932385378146149,mRNA_trajectories_1900.000_1.048_69.639.csv
1900.000000000001,84.1822071634233,1.3158690477721393,1.9000000000000008,1,True,,3351.255468523619,0.012022633638335016,0.006816252633494375,0.9931837473665056,2051.734366197183,1.343476613487295,88.5498920026565,7598055.954039622,7.986019273535903,2.0980481121504724,5.18837054337884,mRNA_trajectories_1900.000_1.316_84.182.csv
1900.000000000001,31.27868144167587,0.6230290229432285,1.9000000000000008,1,True,,823.6334418817361,0.033043495170787356,0.07622643476090282,0.9237735652390973,1982.2904024767802,0.603561841560978,30.10920448749463,1431456.3403103643,4.331073814567327,3.124602653386235,3.7388946729161834,mRNA_trajectories_1900.000_0.623_31.279.csv
2000.000000000001,43.38743269909173,1.7215519584715366,2.000000000000001,1,True,,6113.535213980138,0.02359847857704856,0.007720076110164445,0.9922799238898357,1899.746036036036,1.7641678910498937,42.51729486781834,11232357.58180861,5.012698198198243,2.4754369084621297,2.0055066113455586,mRNA_trajectories_2000.000_1.722_43.387.csv
2000.000000000001,96.17708989279345,0.9671149142086506,2.000000000000001,1,True,,1910.2816259090469,0.010507255213227713,0.011000739441471228,0.9889992605585287,1972.317366255144,0.9878696858360938,102.5053034165395,3796233.4781263974,1.3841316872428473,2.1460502079451405,6.579751509221149,mRNA_trajectories_2000.000_0.967_96.177.csv
2000.000000000001,56.67092608753592,1.3967514573596418,2.000000000000001,1,True,,4006.8409030708253,0.01796554873841599,0.008967438025626263,0.9910325619743737,1911.019376083189,1.4371567642982277,56.63382941904949,7542902.040075174,4.449031195840596,2.892805783425946,0.06545978872680905,mRNA_trajectories_2000.000_1.397_56.671.csv
2000.000000000001,3.9872084972448647,0.5397639065049589,2.000000000000001,1,True,,1493.2513944469015,0.3530870058444135,0.4729103313179181,0.527089668682082,2009.3293103448275,0.5381262122107329,3.9461488379917276,1169150.8050029725,0.4664655172413289,0.3034093748191283,1.0297846044797785,mRNA_trajectories_2000.000_0.540_3.987.csv
2000.000000000001,24.18769394652918,1.4595464169979095,2.000000000000001,1,True,,4529.759192826944,0.043167263126814265,0.019059407482486655,0.9809405925175133,2039.0857936507937,1.4913668725450262,24.0768754786673,9247833.0684331,1.9542896825396374,2.1801605743082186,0.4581605344720389,mRNA_trajectories_2000.000_1.460_24.188.csv
2000.000000000001,64.4548349129036,0.8516051918268204,2.000000000000001,1,True,,1503.8299522515504,0.015761047393288753,0.020961209569860143,0.9790387904301399,2059.076213740458,0.8263393729046086,66.29937211477366,2895087.777825054,2.953810687022859,2.966846511117769,2.8617514952331136,mRNA_trajectories_2000.000_0.852_64.455.csv
2000.000000000001,75.95568106742576,1.8751901215873659,2.000000000000001,1,True,"Tolerance exceeded: mean=2.5%, cv=4.6%, ac=1056.5%",7152.180125448836,0.01334238976929561,0.003730999369498769,0.9962690006305013,2049.437298701299,1.7880084885061363,878.443614528816,13427910.078380235,2.4718649350648993,4.649215675657973,1056.521279493265,mRNA_trajectories_2000.000_1.875_75.956.csv
2000.000000000001,35.62444724980742,1.188113001640886,2.000000000000001,1,True,,2961.55512225081,0.028893324688255173,0.01951226534409124,0.9804877346559088,2053.779617486339,1.159187412336136,34.567600642310175,5667806.19815286,2.688980874316893,2.4345823389527137,2.966632998082392,mRNA_trajectories_2000.000_1.188_35.624.csv
2000.000000000001,26.015428205486387,1.2728111608885229,2.000000000000001,1,True,,3448.7007499882543,0.0400077088331668,0.023201612278654842,0.9767983877213452,2089.741697416974,1.3217321715679693,30.116290423399448,7629079.472763171,4.48708487084866,3.8435403603230265,15.763193231039077,mRNA_trajectories_2000.000_1.273_26.015.csv
2000.000000000001,85.16995486803353,0.6649385108612478,2.000000000000001,1,True,,917.5439537864713,0.011881409624031515,0.025898289831239044,0.974101710168761,2065.2340835266823,0.6673348934321564,85.60966355279392,1899442.8670842529,3.261704176334068,0.360391604902641,0.5162720650042567,mRNA_trajectories_2000.000_0.665_85.170.csv
2000.000000000001,74.91706255218014,1.6870129071176052,2.000000000000001,1,True,,5795.083848237057,0.013529893525798453,0.004669438399899748,0.9953305616001002,2010.8244532279316,1.67196292258059,79.15255113629222,11303204.903307179,0.5412226613965342,0.892108440517459,5.653570014390294,mRNA_trajectories_2000.000_1.687_74.917.csv
2000.000000000001,15.674898309633136,1.000050138682127,2.000000000000001,1,True,,2272.3773641493717,0.06830785310995639,0.06012016682407535,0.9398798331759247,2056.9125748502993,0.9979534448934196,15.491594014821395,4213589.564811933,2.845628742514917,0.20965886685145582,1.1694129760260696,mRNA_trajectories_2000.000_1.000_15.675.csv
2000.000000000001,7.890609921887517,1.908400138374418,2.000000000000001,1,True,,8646.034229094596,0.14683342345310998,0.03396549668031705,0.9660345033196829,2239.0321348314606,1.9483536113163622,8.428771140746534,19030763.622113418,11.951606741572977,2.0935584806641594,6.820274024270648,mRNA_trajectories_2000.000_1.908_7.891.csv
2000.000000000001,54.716956665273756,1.154031669255346,2.000000000000001,1,True,,2749.3918167078623,0.018619232950554537,0.013544255742238533,0.9864557442577615,2110.6109515260323,1.0968975206032365,55.127445477573204,5359798.763506635,5.530547576301567,4.9508302219276255,0.7502040268989701,mRNA_trajectories_2000.000_1.154_54.717.csv
2000.000000000001,92.93256075493991,1.5849958136677742,2.000000000000001,1,True,,5099.825408012334,0.010878163586886551,0.004266092548892312,0.9957339074511078,1946.56607028754,1.5299238637696848,98.48896235960189,8869067.002738018,2.671696485623044,3.474580148615638,5.978961043927347,mRNA_trajectories_2000.000_1.585_92.933.csv
2000.000000000001,46.237216593232006,0.7281226143240929,2.000000000000001,1,True,,1126.9689512611342,0.022110716071707375,0.03923926395126396,0.960760736048736,1958.7326694915255,0.7532595110568047,43.489277023518355,2176905.526458128,2.06336652542377,3.4522889741648894,5.943133631698501,mRNA_trajectories_2000.000_0.728_46.237.csv
2000.000000000001,48.393731008749455,1.5427240040153265,2.000000000000001,1,True,,4901.639973653153,0.021104509582574427,0.008611203473128775,0.9913887965268713,1969.3046153846153,1.6543252408573066,50.01862585497762,10613719.101217564,1.5347692307692788,7.234037750855619,3.3576556557178643,mRNA_trajectories_2000.000_1.543_48.394.csv
2000.000000000001,88.83276035636663,0.7708053048700094,2.000000000000001,1,True,,1223.571731748634,0.011385908075046084,0.0186109367838602,0.9813890632161397,1838.6616703786192,0.7682187031116481,84.49649998159852,1995140.1019918644,8.066916481069082,0.3355713488242729,4.881375246443455,mRNA_trajectories_2000.000_0.771_88.833.csv
2000.000000000001,52.550952448975295,1.956158998887986,2.000000000000001,1,True,,7839.385772043894,0.019401933530469682,0.004949860638229874,0.9950501393617701,2041.0431343283583,2.1040240880380776,55.95352659896645,18441905.022542413,2.0521567164178682,7.558950434711506,6.4748096683783345,mRNA_trajectories_2000.000_1.956_52.551.csv
2000.000000000001,11.99989863857627,1.105127293150872,2.000000000000001,1,True,,2847.1769206202334,0.09131013503180482,0.06414082270090453,0.9358591772990955,2123.2833846153844,1.0776236991652173,11.630799046878172,5235403.876616237,6.164169230769172,2.488726335519064,3.0758559119120106,mRNA_trajectories_2000.000_1.105_12.000.csv
2000.000000000001,16.677448205649853,1.6384608391672373,2.000000000000001,1,True,,5839.0867044606875,0.06392127687719545,0.02189427220813958,0.9781057277918604,2091.672768361582,1.7438224252368493,15.89300359014587,13304299.142636968,4.583638418079042,6.430522082124525,4.703624954075616,mRNA_trajectories_2000.000_1.638_16.677.csv
2000.000000000001,69.63900564191863,1.048194209113717,2.000000000000001,1,True,,2257.565920809867,0.014570440688793119,0.012908097659063,0.987091902340937,2122.662124645892,1.080596581532309,71.91243329556212,5261249.7735739555,6.13310623229456,3.091256576010784,3.264589482126413,mRNA_trajectories_2000.000_1.048_69.639.csv
2000.000000000001,84.1822071634233,1.3158690477721393,2.000000000000001,1,True,,3527.69061163705,0.012022635835303427,0.00681615093775145,0.9931838490622485,2113.2480516431924,1.215421804777507,86.50838622123885,6597129.377742682,5.662402582159572,7.63352881996098,2.763266889996991,mRNA_trajectories_2000.000_1.316_84.182.csv
2000.000000000001,31.27868144167587,0.6230290229432285,2.000000000000001,1,True,,867.0371466795959,0.033043569240347424,0.07622180748977374,0.9237781925102263,2009.0404334365326,0.6511838147205051,31.976393511555393,1711530.1334115767,0.45202167182658265,4.5190176926705,2.230631336491975,mRNA_trajectories_2000.000_0.623_31.279.csv
