id,group,experiment,4.966666666666667,5.0,5.033333333333333,5.066666666666666,5.1,5.133333333333334,5.166666666666667,5.2,5.233333333333333,5.266666666666667,5.3,5.333333333333333,5.366666666666666,5.4,5.433333333333334,5.466666666666667,5.5,5.533333333333333,5.566666666666666,5.6,5.633333333333334,5.666666666666667,5.7,5.733333333333333,5.766666666666667,5.8,5.833333333333333,5.866666666666666,5.9,5.933333333333334,5.966666666666667,6.0,6.033333333333333,6.066666666666666,6.1,6.133333333333334,6.166666666666667,6.2,6.233333333333333,6.266666666666667,6.3,6.333333333333333,6.366666666666666,6.4,6.433333333333334,6.466666666666667,6.5,6.533333333333333,6.566666666666666,6.6,6.633333333333334,6.666666666666667,6.7,6.733333333333333,6.766666666666667,6.8,6.833333333333333,6.866666666666666,6.9,6.933333333333334,6.966666666666667,7.0,7.033333333333333,7.066666666666666,7.1,7.133333333333334,7.166666666666667,7.2,7.233333333333333
1349_008;100;1,1349,19391_2020_11_12_steadystate_glucose_1345m_2w0p01_00,0.1316421930382173,0.133550280728714,0.1381661487183343,0.1333130758259411,0.1327372072907829,0.1287450430570755,0.1311640240410773,0.1342831285728427,0.1314799307971665,0.1281346343107769,0.1325826425680084,0.1286743032383251,0.1270058859610403,0.1217752293501078,0.1182904205516193,0.1198203045492973,0.1160938676681317,0.1125238589299944,0.112174723600161,0.1046171364788617,0.100158041359808,0.0996842239997299,0.1005901798485021,0.0922999116941687,0.0906728447740711,0.0810732139092581,0.0855559707826271,0.0856856805082619,0.0779565327422055,0.0735712698046258,0.0655731391971482,0.072259905483757,0.0642253607638889,0.065935931095175,0.0630377512901302,0.0604271425345562,0.0646084857674885,0.0652873706732559,0.0669435348814466,0.0614533391806756,0.0636104639952837,0.058142935340003,0.0656076133653352,0.070314545060312,0.0609049725629074,0.064591015536175,0.065775715015046,0.0642011338569271,0.0631676432526883,0.0600542388244972,0.0603310451131939,0.0648646238349033,0.0600323093770871,0.0673836191564465,0.0612169323534447,0.0648331516124636,0.0574830971170763,0.0597282600243886,0.0645098446018356,0.0597316954271805,0.0591379101218907,0.0584218669435691,0.061340761178347,0.0580057015030203,0.0568406846994955,0.0648419569766082,0.0600202342958359,0.0637976348642768,0.0605708377581647
1349_008;14;2,1349,19391_2020_11_12_steadystate_glucose_1345m_2w0p01_00,0.0490264752362669,0.0479707757301359,0.0504308954043279,0.0486159887441276,0.0483601786489472,0.04878645589858,0.0497009314023618,0.0470011339308959,0.0508319358118625,0.0528340305673538,0.0516757475741237,0.0519736119019248,0.0519199993611475,0.0556185381786712,0.0531233904472372,0.0506400771785846,0.0506070013190383,0.0542693169975752,0.050654438326438,0.053182960521131,0.0510304614009111,0.0580709512284943,0.0502308062807561,0.0483317664472419,0.0502154390690228,0.0490955463523176,0.0507488041830832,0.0465073945910437,0.0485027633389839,0.0468513121628588,0.0470106835403015,0.0472061844005163,0.0457987867329312,0.044871973401697,0.0473443142897195,0.0490857529028672,0.0459830504829835,0.0472747333041705,0.0488445211760325,0.0445115253119925,0.0465551224504504,0.0464987665331937,0.0454583678883109,0.0479472964213826,0.0475217110983604,0.0490568678067461,0.0450452841369189,0.04668652546047,0.0500490577713216,0.0499436170128497,0.0488502084187033,0.0517464244731525,0.0473643529318918,0.045311881866971,0.0553861993526513,0.0629414105961415,0.0540854776094664,0.0478030740684866,0.0571831166599812,0.0561161956256978,0.0523116943930189,0.0569216848021038,0.0518245962811292,0.0544401851648502,0.0538519060833318,0.0512121945999838,0.0610239167093805,0.0499404822625806,0.0579640937219279
1349_008;1;1,1349,19391_2020_11_12_steadystate_glucose_1345m_2w0p01_00,0.0515861065342488,0.0593289279217505,0.0560579686172531,0.0590682005293999,0.058281418153175,0.0533541544598685,0.060711874611206,0.0560247903523126,0.056961099114026,0.0571915161551301,0.0549235588679505,0.0605807019167925,0.0597224587748145,0.0574109141864739,0.0575595003737973,0.055201366372945,0.0569751178791982,0.0555068316773664,0.0593007647105422,0.0573188412626973,0.0583677746050744,0.0578573439932995,0.0554447716795337,0.0582699694545789,0.0634961141935009,0.0575773095592386,0.0535801478701654,0.0543005348187665,0.0581224362704775,0.0558005454449664,0.0544636137236886,0.0579826717398371,0.0559081774104949,0.0541050225237792,0.0587774183879019,0.0568832829448812,0.0534772109902403,0.0552904022478114,0.0530187525294137,0.0523257002831221,0.0594182192140277,0.0558437940044445,0.0556775965371569,0.0575925273941042,0.0536332960649029,0.057355670021761,0.0528757726026063,0.0572055932758709,0.0583823052866152,0.0515822339398522,0.0506347109913689,0.053815752312187,0.0510664017532063,0.0534408909243352,0.0506019235995739,0.0521630903115948,0.054497753094203,0.0516417202585996,0.0535798225996587,0.0561452989600716,0.0538366719638677,0.0569566110106904,0.0539022386198388,0.0583164087811784,0.0613093958479155,0.0561242700507808,0.0552487799652991,0.0634634145797384,0.0534271475245101
1349_008;20;2,1349,19391_2020_11_12_steadystate_glucose_1345m_2w0p01_00,0.0528758685169963,0.0655187568057672,0.0587700087520779,0.0593079849171346,0.0594201223898247,0.0637741583647929,0.0629437296458525,0.0566207583071265,0.054805717456861,0.0534459132626036,0.0536176842542981,0.0575424514103427,0.0609658164627079,0.0539016043587678,0.0542764324231427,0.053549009331778,0.0521853760505746,0.0538301505027742,0.0568125841382769,0.0542166128335271,0.0526277837936039,0.0548209991607569,0.0543967216587537,0.0553110938197647,0.0555323409778215,0.0575594932087909,0.0500656220516237,0.0538806995076786,0.0551804318197281,0.0530084896167438,0.0542441316892293,0.0552869140545256,0.0573859542511229,0.0547118332922079,0.0535098702707787,0.0556970572516703,0.0586035289381832,0.0545582893651241,0.0536733664771128,0.0544827648731324,0.0579786313602898,0.0555158639961887,0.0541466925115767,0.0536763126215106,0.0564070075946806,0.0541793417171354,0.0545505124743285,0.0557043111993641,0.0540522230558851,0.0534617322962456,0.0544913197261906,0.062845374514934,0.0541811337341407,0.0580080739193643,0.0521370126621348,0.0555568565946728,0.0536920992534332,0.0525914559014976,0.0506038140752784,0.0507742682127734,0.0513925672700753,0.0536126612064503,0.0522599086169129,0.0507599472368812,0.0509707924076197,0.051292214820704,0.0500942358781233,0.0524514771777202,0.0502619290899859
1349_008;22;1,1349,19391_2020_11_12_steadystate_glucose_1345m_2w0p01_00,0.0583448809505487,0.0558649489659651,0.0547910604084014,0.0571712776262909,0.0604727647932773,0.0583226079832541,0.0581393574595152,0.0587326904102531,0.0556661764632166,0.0566590590433061,0.0608481383121522,0.0539806436106391,0.0566452693396474,0.0685833698434679,0.0642947783679225,0.0626255407302755,0.0627633318906639,0.0660603512505848,0.0586984126870443,0.0572929692351142,0.056978127079837,0.0573560678828974,0.0585232988495451,0.0584785085423849,0.0584076281857419,0.0577028352148903,0.0593592113758262,0.0564168450688498,0.0578995695308529,0.0580710924007808,0.0588697186959234,0.0581486236745674,0.0518630478802934,0.0609025146491628,0.0588060134817133,0.0590216027782541,0.056181643536234,0.0612749562326399,0.0550270027788943,0.0540749632181176,0.0525346571327675,0.0548818938383414,0.0540466420850796,0.0606980442925683,0.056408633504968,0.0534015138104737,0.052733925533047,0.058065842953824,0.0534943210128521,0.0534130892765043,0.0512671008017873,0.0542514977549891,0.0514278117075197,0.0638974034649358,0.0545206403427546,0.0517287865537571,0.0549261412167008,0.0485672163575379,0.0518556109970788,0.04583126311507,0.0480414900953618,0.0509365284715851,0.0490237478888932,0.0543491597561977,0.0522651875380065,0.0519996246425028,0.0533168473813325,0.0524980132203778,0.0541839140527324
1349_008;28;1,1349,19391_2020_11_12_steadystate_glucose_1345m_2w0p01_00,0.0449929603845089,0.0409702584453212,0.040174537180003,0.0430570468741087,0.0445178807240226,0.0432456257039357,0.0437572239103434,0.0427059191324259,0.044631153434391,0.0438675357676897,0.0453673478331138,0.0429284766439782,0.0418223881097449,0.0417392791325221,0.0414858232240167,0.0436446251348731,0.0437166339338843,0.0398635187271772,0.0409636758107455,0.0393355400135582,0.0417997692194048,0.0419823916446384,0.0396320767265226,0.0423408223861031,0.0414539626022102,0.0411030115428318,0.042503229310019,0.0429332220785087,0.0430645427107994,0.0405402062890841,0.043379731363934,0.0409070978552001,0.0437835733884044,0.0425556708839365,0.0443339244478216,0.0448988487227378,0.0433864297311434,0.0427723608620291,0.0440553870586452,0.0458531885768628,0.043162211797623,0.0409589769025941,0.0420114669659667,0.0426841425340194,0.0457092291510278,0.0446602203951556,0.0436294371640892,0.0443169704664447,0.0442906645652151,0.0400379109652306,0.0399387402898843,0.0427188782860491,0.0400848059405819,0.0406839609985187,0.0418029708531204,0.040820192566432,0.0407875760863155,0.0412709227489307,0.0400816458173706,0.0415135901436591,0.0406338701830256,0.0385700381183639,0.0431348426781251,0.0402612506663087,0.0424554749935761,0.0422627567713983,0.0396898041195819,0.0414371311580795,0.0414602866955172
1349_008;31;2,1349,19391_2020_11_12_steadystate_glucose_1345m_2w0p01_00,0.0503867001268319,0.0489582065572514,0.0502697279901311,0.0495979519020856,0.0478393011830372,0.0500142549651424,0.0488724712324084,0.0509695683112232,0.0483897357956702,0.0498890785925081,0.0501842481052083,0.0515530578029148,0.0506221717311229,0.0509319757444618,0.0462708855859476,0.0539850747135531,0.0530395239172939,0.0475082545892492,0.0510309458045517,0.0464698037774459,0.0497084988184987,0.0465559298004581,0.0459480557013175,0.0503924537146855,0.0463783087166747,0.047403243968043,0.0467953967601261,0.0457835739888227,0.0485029325417167,0.0459778224826069,0.0439424182997193,0.0460168209970336,0.0442409656497537,0.0472013542314581,0.0460647630498189,0.0459428701465002,0.0461160658526308,0.0450849629340906,0.0471540299980313,0.0442438381095713,0.0525379919739527,0.0533028409350737,0.0466744706008528,0.0467498841804183,0.0508519809638674,0.0462387937074803,0.0488426437303397,0.0548883714297024,0.0503684908500228,0.0506709307574495,0.0517275458837666,0.0495127764859041,0.0502897357859956,0.0544317721812707,0.0488231753671487,0.0511587474298808,0.0507164950669783,0.0480105535256368,0.0520606115156674,0.0501288019294163,0.0494730018136833,0.0532400107342848,0.0494984751194561,0.0501709575336234,0.0592822545911821,0.0489773338969751,0.0495605011652543,0.0469874980586224,0.0484626219139435
1349_008;32;1,1349,19391_2020_11_12_steadystate_glucose_1345m_2w0p01_00,0.0490260508463101,0.0493786929541897,0.0495551244814326,0.0479270945790516,0.0535451251703433,0.0551418196267158,0.049958753806624,0.0476395893675734,0.0505272917719856,0.0527972954064719,0.0519998816240425,0.0493100835798897,0.0517662622120807,0.0528372626072102,0.0525192547455435,0.0545570031019932,0.0542926707849415,0.0570795343377941,0.0539693067749307,0.0545542827731798,0.0531192126882707,0.0541637819645453,0.0551643883201647,0.0531950396651496,0.0549212941846354,0.0533005224861527,0.0555472675143742,0.0585388760844354,0.0558604144014409,0.0534310581524746,0.0546036881782516,0.056925715646492,0.0569851891283581,0.0526020997636663,0.0561017750796256,0.0601892851976708,0.0539176222864976,0.0534402674077624,0.0544976904143243,0.0523050040673768,0.0572231211141008,0.0557757040725727,0.0557841082632399,0.0551529652060894,0.0548034925468653,0.0583494286873912,0.0543944290002774,0.0515901619715304,0.0525402814238543,0.050779484253641,0.0511649700562042,0.0517133729782175,0.0544831012981407,0.0572248760869496,0.0498498043682113,0.0510941852676013,0.0494652419753805,0.0482385057244469,0.0489188648461288,0.049375950475185,0.0463750553786289,0.0471504599448249,0.0491243247545785,0.0489894727116256,0.0476691327620843,0.0462973748633269,0.047473546947954,0.0485690080221354,0.0484358312259283
1349_008;34;2,1349,19391_2020_11_12_steadystate_glucose_1345m_2w0p01_00,0.0548761234338213,0.0579768136199893,0.0539738878471761,0.0588916289677552,0.0594745773924338,0.0622718151418634,0.058760971357158,0.0553440306659524,0.0544148509509679,0.0531036905762497,0.0535770913853895,0.0509274513457319,0.0525644692458602,0.052336624110026,0.0532847093123987,0.0507417746219796,0.0531121734263593,0.0552694362986444,0.0510918222247227,0.0555623277366882,0.0511125145228078,0.050693451017356,0.0491938614274565,0.0516979733152209,0.0487453994990772,0.0457034466436664,0.0500514618841587,0.0540251174388525,0.0480405214483354,0.0497628817669071,0.0489212805356875,0.056317856542002,0.054568238964866664,0.0638219221425227,0.0523513322999501,0.0514864562990978,0.0554295399572201,0.0511292552944796,0.051004934329481,0.0519504584888227,0.051416262080837,0.0498306487041937,0.0512591776529864,0.0513472043873234,0.0499077678284843,0.0572528274782877,0.064121985882227,0.0609725560666901,0.060715226407326,0.0594422496914925,0.0576558543216545,0.0529729065850016,0.0547362050649924,0.0511495769994034,0.0537927903459217,0.0532371720536754,0.0568874264660637,0.0537564333407926,0.0546843014136198,0.0532963733568337,0.0556982459627892,0.0544326225250264,0.0527586671323225,0.0563084891370838,0.0554520558172546,0.056597361357328,0.0540282228635114,0.0606312562968285,0.0578003858498354
1349_008;36;2,1349,19391_2020_11_12_steadystate_glucose_1345m_2w0p01_00,0.0479183940553724,0.0507872366150101,0.049302043345761,0.0481203234145145,0.0501441013141598,0.0491755543886459,0.0494392306849172,0.050900827884663,0.049648590932672,0.0512395270343511,0.0529541405218666,0.0499113179155569,0.0487621329080761,0.0498388461617224,0.0506861312241081,0.0552915034505486,0.0534679480532111,0.0480434566519501,0.0521444035208268,0.0498204639866107,0.0530104500292176,0.057558323679552,0.049765403124592,0.0501433658426637,0.0542233616747406,0.0493011436056691,0.0596148319145363,0.052418889480352,0.0531513432026425,0.0556884847665952,0.0477879156572824,0.0488603522847549,0.0510564392731534,0.0488155831318835,0.0584015773314516,0.0512892931348055,0.0472359925011991,0.0532620309356388,0.0541775280731148,0.0538063022718593,0.0518635547340703,0.0498086623382071,0.0532991007342992,0.0498404294592037,0.0515633557281585,0.0493451051484848,0.0483289702408375,0.0495447495050983,0.0473109857709855,0.0477797895894016,0.0544909995920587,0.0452623818274411,0.0484689633483674,0.0492319489835961,0.0486847919295971,0.0479052694993245,0.0483230711453971,0.0509887370398547,0.0493057326285374,0.0553320064403395,0.0510947330182741,0.0533003524361607,0.0496398410756816,0.0550524040401314,0.0484340570515771,0.0508973481908465,0.0527074194831216,0.0515531207823231,0.0500952974786354
1349_008;38;2,1349,19391_2020_11_12_steadystate_glucose_1345m_2w0p01_00,0.0451516699549927,0.0484388907265458,0.0476519789378839,0.0466502365771674,0.0497350507094057,0.0505608947272826,0.046988308360307,0.0461776349561328,0.0467956655785596,0.0451813627495269,0.0461714662499966,0.0489879898173705,0.049091363641608,0.0475773225934383,0.0504079066970117,0.0466135397454986,0.0480557241053808,0.0484215953296692,0.0479869942428718,0.0450602796078663,0.0470509321449095,0.0479824304097438,0.0480760097372223,0.0492860505570726,0.0449239088098853,0.0454266136171896,0.0466439794194466,0.0448594424035548,0.0472543728375259,0.0442714840138139,0.0445606515857012,0.045986296078198,0.0454356815733974,0.0440142821048502,0.0473987227484611,0.0455378890177161,0.0470185083049616,0.0435038633321254,0.0486212116585191,0.0448628813880106,0.0460794630820263,0.0473339378751631,0.0467641758276189,0.0467641861636815,0.0485679470367469,0.0482849427613486,0.047804303088239,0.049995726884313,0.0506290607061301,0.047147969857211,0.0496883974846268,0.0484349638939768,0.0497759973152861,0.049272334403835,0.0494032383177128,0.05086803191990596,0.0513898096588837,0.0478747373564335,0.0478940531449856,0.0502598023322353,0.0454383997361777,0.0541201214446169,0.047301943948317,0.0511407467789231,0.05462441452464811,0.0477005156287657,0.0471213524451505,0.0463516255647378,0.0494184095353824
1349_008;39;5,1349,19391_2020_11_12_steadystate_glucose_1345m_2w0p01_00,0.0545099268394231,0.0549412262184244,0.0516844390938072,0.0523253771578233,0.0558622109304867,0.0502807278275941,0.0543262692872791,0.0500544803294187,0.0516977339431552,0.0493932988887352,0.0492649001148144,0.0598227590981427,0.063236059612945,0.0495997275395304,0.053399902486404,0.0616313796962855,0.049400621199509,0.0464180063747021,0.0496275814743198,0.0515204271396304,0.0490630573298639,0.0498726752019778,0.0504524439321726,0.0486405785477508,0.0505823685615241,0.0498957537741908,0.049924068703464,0.0515047094155732,0.0520358977028282,0.0544392696583868,0.0507501713084954,0.0517322235239035,0.0539263282629635,0.0531721049633254,0.0521048762053329,0.0531934708786219,0.0537352834039736,0.0544890226150421,0.0510806587412238,0.055254680238436,0.052601718783718,0.0556997805262189,0.0519096231187136,0.052658312333824,0.0545682773859902,0.0543686904120453,0.0505667817916689,0.0575805368702546,0.0522650377344363,0.0550111779431612,0.0510472084673969,0.0526222657085923,0.0525355776288838,0.0510209361269843,0.0500666071128829,0.0513660670003448,0.0520057043580035,0.0537548012714036,0.053794609298869,0.0590777250541941,0.0590617092258746,0.0543406278018884,0.0495302563819335,0.0474498395038138,0.0577767718711932,0.0502697100952196,0.0588665292921689,0.0528652931889735,0.0498466612944242
1349_008;40;1,1349,19391_2020_11_12_steadystate_glucose_1345m_2w0p01_00,0.0502727772609474,0.053936264633848,0.0540392111542292,0.0545643486839999,0.0562274184716255,0.0562875814114219,0.0545578671815373,0.0562751994227007,0.0564165162192203,0.0578569429218769,0.0592041085099957,0.0582360617392073,0.0581424860669605,0.0572379169739128,0.0569466972791032,0.0572673328644737,0.0564908088679111,0.0549660371381234,0.0576189577858858,0.0591494428895985,0.0557317617367635,0.0568613734160825,0.0557337688537839,0.0563654745213863,0.0561855369809362,0.0571966379744324,0.0581691953433719,0.0609570731296049,0.0577723590030519,0.0591695672813002,0.0570454656071529,0.0591263051239224,0.0565270664356647,0.0595805723845934,0.0613891830538051,0.0595549601081665,0.0568536914255521,0.0606195089590403,0.0578584628316858,0.0576989707081152,0.0585244429884142,0.060086235792914,0.0581937061632526,0.0617178787845172,0.0591056602557126,0.0645763893523157,0.0633217257341636,0.0566034280976221,0.0595731603752732,0.0580521744223626,0.061784213932974,0.0625099477155029,0.0588658085940724,0.0606445729870589,0.0640062786176245,0.059737616252722,0.0594383850103909,0.0588943035286557,0.055849978847787,0.0593149884029245,0.0574018234321159,0.0563059676874766,0.0551908774465976,0.0575779700941128,0.0595784196925451,0.05709807149673,0.0570039663419473,0.0572856761453235,0.0643552335669585
1349_008;41;1,1349,19391_2020_11_12_steadystate_glucose_1345m_2w0p01_00,0.0579635738912936,0.0598047516689131,0.0569369617517411,0.0585569071873306,0.0567270307400485,0.055808432765986,0.0578587167857524,0.0587092597104411,0.0574120348303958,0.0542486797555488,0.0544828689484768,0.0549304599287001,0.053767437608725,0.0553479127788469,0.0531828574286945,0.0507789639761162,0.0522024179996821,0.0550452624409392,0.0509821812337647,0.0513039674434702,0.0538713986631175,0.0534381368580618,0.0513972414037584,0.0531115296084431,0.0500047474725892,0.049156984472538,0.0498857469551524,0.0548204602537626,0.0498101750959135,0.0527277815527985,0.0499540265286062,0.0536391580600738,0.0511773181585692,0.0537095270980367,0.0520491361190695,0.0523200102127021,0.0525632548894934,0.0521155646599452,0.0512227964388158,0.052017207822695,0.0519032297625732,0.0527776704934158,0.0504626349278238,0.0483486972903833,0.0518656066459932,0.056851413693928,0.0468412635095081,0.0483866191601179,0.0491642121698767,0.0494775505588467,0.0507011006314329,0.0571624806690315,0.0467253923884261,0.0480173467669141,0.0511099694413989,0.0471642255748359,0.0478233401912109,0.0465513873091313,0.0485949041042374,0.0465287492855661,0.0460641331011825,0.0474448138699956,0.0464889231391689,0.0546151200175317,0.0452700152048935,0.0481137074757764,0.0529649176430706,0.0486561118487248,0.050829387012116
1349_008;42;2,1349,19391_2020_11_12_steadystate_glucose_1345m_2w0p01_00,0.0535302460207919,0.0589471742132824,0.058181500244344,0.0563969605198302,0.0533147835535383,0.0556420771298065,0.0563454679662459,0.0538328485450173,0.0553179763387537,0.0589462328297012,0.0560316034683982,0.0535850805807582,0.0521164970808247,0.0600254207885425,0.0511371879618928,0.0536349923011103,0.0572815192321957,0.0618986789930602,0.0613900896776217,0.0546965781809212,0.0521206663833059,0.0540715242933109,0.0517198849088334,0.0516517486270087,0.0524554332589259,0.0511955952537966,0.0516151216377896,0.0521447939912114,0.0522899213620727,0.0533881858047074,0.0529374031898287,0.0500079135566698,0.0526032032702542,0.0579487209547026,0.0502719070488601,0.0515907921285607,0.0549599408981407,0.0523902549493738,0.053188792816998,0.0513009773702817,0.0505366230665206,0.0537100074635447,0.053245092177611,0.0489194802566509,0.0505484679627258,0.050614479212789,0.0518616522277449,0.0489897369788974,0.0547659944302635,0.0629248622991745,0.0664125294258816,0.0525118625929311,0.0483917851095117,0.0510880671799676,0.058344511349655,0.0499561769523921,0.0511362180060731,0.0479588602467597,0.0578177346887879,0.0467442056202631,0.0534977483837298,0.0528201154403921,0.0463534467660262,0.0538214904290487,0.0474172310233916,0.0524727181579761,0.0485997032645815,0.0479620544340435,0.0516534234699534
1349_008;45;1,1349,19391_2020_11_12_steadystate_glucose_1345m_2w0p01_00,0.0521619902431053,0.0527279264678585,0.0538935706184632,0.053685361138662,0.0555529950003004,0.0515556886316787,0.0533490627179656,0.0537312305577476,0.0501339039547849,0.052871825706664,0.053083979711316,0.0553161161977184,0.0493858343210504,0.0520338759996532,0.049755727876218,0.049263803577895,0.0508627945369456,0.057829323893437,0.047341361894951,0.0496938081419443,0.051096058568856,0.0464915571922287,0.05208277870978,0.0561783262685581,0.0528334919554488,0.0506332368033937,0.0513868882977416,0.0457601277093233,0.0500104885296713,0.0478555706093259,0.0484611408472332,0.0493906614819536,0.0500723762253447,0.0501367711094826,0.0508879386605391,0.049301958611985,0.0508381741717318,0.0503221431280761,0.0507737660855924,0.0503833333225629,0.0553279918875281,0.0501161229149594,0.051363341955423,0.0508809402843304,0.052551274833943,0.0511795401382566,0.0497698166424654,0.0534317423943223,0.0506084533495648,0.0520298932832921,0.0500774019799211,0.0518302210822208,0.0521489340195446,0.051645810946899,0.0524141774639294,0.0520266905352043,0.0529233161430932,0.0560534065430772,0.0507704119954721,0.0511204312357441,0.0631856335332892,0.0499951286074255,0.0500124096789728,0.0580471189718701,0.0553645566978502,0.0532562879645704,0.0505389614863966,0.0547661802106479,0.0461306069770945
1349_008;46;1,1349,19391_2020_11_12_steadystate_glucose_1345m_2w0p01_00,0.0521874901513513,0.0516203781422236,0.0523614612478364,0.0514029370576038,0.0555409065904045,0.0554367499165386,0.05512609557629,0.0537864240998378,0.0540964744674849,0.0601479024795208,0.0520341542896304,0.0606953483657926,0.0555110466489843,0.0517221169467802,0.0507805360249531,0.055468175392602,0.0529198327255242,0.0555235797537881,0.056702998329568,0.0536002598207491,0.0512144923090282,0.0549739215009772,0.0523585461680169,0.0560824947579942,0.0535502813921066,0.0529082084489649,0.0555097620432656,0.0516611879161543,0.0533739047333366,0.051642838937537,0.0518394452610955,0.0528617636190052,0.0519869846744148,0.0515510432059232,0.0525498427279185,0.0516448102311669,0.0535779818611874,0.0521255595654133,0.0519319925971349,0.0526697944504081,0.055198412109971,0.0535116724003716,0.0537947738246796,0.0541541165578731,0.0548565677213057,0.052025184320152,0.0577982882097773,0.0550055742529111,0.053794610508262,0.0558178612058297,0.0542810934885884,0.0538409797401613,0.0536970123038044,0.0544531809082834,0.0566508059888194,0.057475480352743,0.0495576480427806,0.051503315575997,0.0538476235045295,0.0525521244635706,0.0533262342105006,0.0531848856534944,0.0527547867754728,0.0519277441225236,0.0519149057000008,0.0506358144091023,0.0526298073385245,0.0561773936567807,0.0513907642518582
1349_008;48;2,1349,19391_2020_11_12_steadystate_glucose_1345m_2w0p01_00,0.05680382626483,0.0546832174413134,0.0548545292093766,0.0601778731385002,0.0541070349993426,0.0569119316988632,0.0601180970794756,0.0549758822033875,0.0528825546631606,0.0529733312113461,0.0576847227656972,0.0521915026773259,0.0549685800017457,0.0504851797091841,0.0542633319317538,0.050113757250451,0.0524285526857172,0.0495504424659921,0.0490742540410738,0.0496297192332942,0.0485681866888703,0.047160654146267,0.0467049713610377,0.0453600069541584,0.0573412449491009,0.0475442561868874,0.0474015062829824,0.049766815767515,0.0495266846711515,0.052319152774403,0.0513738004107051,0.0555415379678188,0.0513991029269633,0.052626868677924,0.0566777928029248,0.053678559688121,0.0680476654459292,0.0513926176225522,0.0569768595577815,0.0536804480692061,0.056859244513392,0.0545898042082565,0.053129468384441,0.0544619782350552,0.0579271211440765,0.0539147716913083,0.0528786632720506,0.0548974699314316,0.0535877825073801,0.0579023202579332,0.0594090641721738,0.0562543146212739,0.0558001927121854,0.0637896589470349,0.0517696063600755,0.0538177874615745,0.0509580661433635,0.0485881095888035,0.0484282115490155,0.0477589809178554,0.0515838436635176,0.0499243694172829,0.0480491141710675,0.0476142043717239,0.046786569684538,0.0537242220634615,0.0468902557081988,0.0498739937819934,0.0484147592317093
1349_008;4;2,1349,19391_2020_11_12_steadystate_glucose_1345m_2w0p01_00,0.0511685285633232,0.0513333941415777,0.0499512700060801,0.0512530173150336,0.0549502863731308,0.0532094996273167,0.04976833951293,0.0511905348610575,0.0522063651618561,0.0551533487924532,0.0507462332818803,0.0540571016626061,0.0510474078720649,0.0547413959825354,0.0547569115853369,0.0552696405641701,0.0544619823023607,0.0521662219813469,0.0576349405232841,0.0524421324891184,0.0521450405665459,0.051912421523614,0.0509041102679319,0.0556628937376857,0.0501661287460529,0.0477557818056579,0.0496632613523193,0.0500896708038215,0.0522385855429254,0.0505072537348988,0.0476867902779261,0.0495673644042009,0.0505904210166334,0.0467315010843667,0.0495310246450493,0.0516143547125985,0.0486475956218417,0.0481376971773955,0.0476309258465839,0.0495112165430514,0.0484455494953367,0.0484752894883078,0.0462031174370529,0.0472237340771702,0.048627214580625,0.0491937751418699,0.0490838871524909,0.0488752434079566,0.0523870473793521,0.051715294878235,0.0518836330839678,0.0513803048967393,0.0511719111255473,0.0531648322556607,0.0563700353689992,0.0537009163913319,0.0560621430476799,0.0540242206101133,0.0528758299174845,0.0533325990256126,0.0540483919202273,0.0615223276461584,0.0512527070635821,0.0584183211974364,0.0539478890569754,0.0551646866151218,0.0521761594389084,0.059947269144396,0.0568754048020035
1349_008;53;1,1349,19391_2020_11_12_steadystate_glucose_1345m_2w0p01_00,0.0551193823459505,0.0603355296869544,0.06400593498835,0.0627100239553085,0.0621674922436504,0.06062116227971,0.0559931464043508,0.0604811831270788,0.0578336978613323,0.063595633448239,0.0582403892657554,0.0603181797220452,0.0583304047866831,0.0601854841345991,0.0579260952837177,0.0593701039958642,0.0577908894080851,0.0592976634297296,0.0612111803531462,0.0620876583229494,0.0598641860773303,0.0696451893875018,0.0611353613648559,0.0613025803925664,0.066269469212948,0.0627791769860089,0.0623252905507016,0.0658194479608185,0.0663053408637087,0.0624546913768257,0.0637622273629193,0.0646915860916834,0.0625296846926157,0.0671315521618549,0.0629575958421923,0.0666930809052021,0.0648748147565403,0.0649078422652183,0.0650120799672904,0.0605792244573754,0.0636084543654118,0.060823926219977,0.0789326918083243,0.0632338510941145,0.0669347056643964,0.0624337157630576,0.0604049352831765,0.0668698686508316,0.059236756432445,0.0595264474826529,0.0618628671946257,0.0609527304625759,0.0619371595989561,0.0642796780106044,0.0619461511856692,0.0619518217517513,0.0645943610483479,0.0577782802671221,0.0627879988219741,0.0647351603676281,0.0593115685226518,0.0610516588690888,0.0593103880156987,0.0597062117518875,0.0631402192113423,0.0632079415872481,0.0618997068856804,0.0597828351333609,0.0627894202518102
1349_008;54;1,1349,19391_2020_11_12_steadystate_glucose_1345m_2w0p01_00,0.0495033380821312,0.0511452951053834,0.0490697168467928,0.0489398419316119,0.0534618288833198,0.0568535932286447,0.0583717410286412,0.052740546127512,0.0535993833683955,0.0531470487942154,0.0546982090304041,0.056089578479308,0.0488218733223993,0.0493255420863908,0.0527252791920356,0.048342091894793,0.0504070322550202,0.0538482511199009,0.0546871021967783,0.0525465224929555,0.053681751670344,0.0531632768327673,0.0547659087280156,0.0524841756444353,0.052894656653941,0.0543716338036102,0.0504856458439496,0.0530478697727895,0.0550698985540843,0.0528346210024522,0.0527875914271863,0.0541033399739375,0.0501587554457926,0.0522634072219426,0.0557895321843143,0.0549992501172501,0.0550163889344516,0.0547855039052346,0.0568182641293966,0.0547726035797118,0.0564384899672738,0.0553157678728634,0.058883114124712,0.0542468524320588,0.0536817913716096,0.0542338454455192,0.0547103384286053,0.0565243138213121,0.0586173816511049,0.0564274779539361,0.0542454540444613,0.0624582340115405,0.0564435022152272,0.0573110005102131,0.0609419816671724,0.0548959505077571,0.0555900696696087,0.0585727924322858,0.0545657616479908,0.0541777365882099,0.0564965140526103,0.0573109570677402,0.0575237885899437,0.0518998333358672,0.0594782615107607,0.0522255711208377,0.051825973976684,0.0546076995370918,0.0593004826693305
1349_008;55;2,1349,19391_2020_11_12_steadystate_glucose_1345m_2w0p01_00,0.0535612332952466,0.055397920639272,0.0559492121251838,0.053568230531863,0.0557020027805213,0.061449895203287,0.0533117250459729,0.0575000186266683,0.0585826431419809,0.0547775318268101,0.0507518764524343,0.052801851597643,0.0585032632481474,0.0566673716393712,0.0514226510363944,0.0545343531365118,0.0573118512671539,0.0550275897848652,0.0553616808657883,0.0535158024679226,0.0546611283524381,0.0570478816212115,0.0555568339645472,0.056645346710724,0.0564976090497389,0.0554409187110811,0.0533308117481165,0.0558424341177636,0.055237539223008,0.0573489899961501,0.0548510024224947,0.0572388650832164,0.055557387684086,0.0590179231794329,0.0570402318748951,0.0576030492069113,0.0554715938274485,0.0555308470094082,0.0547942639330915,0.0572110725321733,0.0591718412594142,0.0560472142163672,0.0567672665505237,0.05625330228536,0.0564223401012631,0.062859157884394,0.0570309046026173,0.0596080544921119,0.0606554934295761,0.0631853847260819,0.0657296556569455,0.0554445085084023,0.0543748106191243,0.0543104692656178,0.0541188733176892,0.0531610669844877,0.0520515697855201,0.0523619254732443,0.0515083604819365,0.0486373687224686,0.0540180231505203,0.0553319532356481,0.0516976961477889,0.0494923955554044,0.0482380665874874,0.049364307755557,0.0516220159916276,0.0487419710776886,0.0494037188941186
1349_008;56;1,1349,19391_2020_11_12_steadystate_glucose_1345m_2w0p01_00,0.0542748642211251,0.0551678439167513,0.0533438589195629,0.0558164064885574,0.0502481689162703,0.0554950957425906,0.0539596574302949,0.0535831937849284,0.0516101016308026,0.0548215859380248,0.0523601495706274,0.0545720794282625,0.053954324659291,0.0570454048832225,0.0514315306102323,0.0515212664763975,0.0525194573021945,0.0543241032722435,0.0502637779260152,0.0528166937672577,0.051277154191694,0.0546276343176316,0.0527765936211668,0.0526574980375872,0.0524557034175035,0.0510039572083505,0.0555618162054449,0.0501372869860257,0.0529022252060957,0.0512092453556301,0.0505103812945217,0.0529763471516359,0.0524978066818854,0.0507836609347964,0.056207235631462,0.0502359070939489,0.0527328595628147,0.0489180436182444,0.0550116904475636,0.0536318859903605,0.0508687761069955,0.0541302428773843,0.0530251532604185,0.0537666736028799,0.0534902772574712,0.0536565759816802,0.0521612893497483,0.0535340661833544,0.0524729895296018,0.0519361841665398,0.0535403596314815,0.0513918641832414,0.0541684748120911,0.0540139011141546,0.0520636576676935,0.0513413728740177,0.0528824105419773,0.0540658815634556,0.0501101277171559,0.0512298738531071,0.0495825877225907,0.0492887620537485,0.0498881755529499,0.0527385402289135,0.0503696160053943,0.0595916973860996,0.0478607108830278,0.0480142560859497,0.050181891487391
1349_008;59;2,1349,19391_2020_11_12_steadystate_glucose_1345m_2w0p01_00,0.0506139185650084,0.0523945975992755,0.053164223673589,0.051659870339538,0.0517530087287602,0.0573653118212875,0.0509573617104488,0.0518912412712742,0.0540722887210048,0.0549812187981161,0.049572573017649,0.0507931978478126,0.0565751610142099,0.0627858638644483,0.0489554831919245,0.0473262408582657,0.0521185411640022,0.0518565022652662,0.0477740126798063,0.0448096421863406,0.0471204297042374,0.0453313376546257,0.0476869409951591,0.048203283887552,0.0452622191000534,0.0462979668950434,0.0469822722247043,0.045901334905889,0.0463588175019429,0.0464562252831147,0.0467816375416893,0.0462553864376695,0.0460221766953912,0.0448525204692965,0.0487862104020387,0.0516234379752779,0.047813506599565,0.0510150397653886,0.0490471269422516,0.0497732226027037,0.0510149113776038,0.0499328437825476,0.0529234419191922,0.0516330988974035,0.0536840206782861,0.0520575975461951,0.0493308460531524,0.0559636091874893,0.0487472319850834,0.050311754453035,0.0533959064598419,0.0501705947282636,0.0487167223804605,0.0518145321172071,0.0480345495353597,0.0483469629052262,0.046720288748988,0.0491342996824804,0.048125294949851,0.044929988183448,0.0498378641465137,0.0501776703181727,0.0501642184640432,0.0494169659802185,0.0495957885677103,0.0495720116917644,0.054762520307036,0.0509755066050239,0.0544870859808577
1349_008;61;1,1349,19391_2020_11_12_steadystate_glucose_1345m_2w0p01_00,0.0516994310626678,0.0503702891114646,0.051284091271425,0.0493435574311669,0.0509402781131982,0.052019587923301,0.05103418117259,0.0497952125717421,0.0442761496094746,0.0496391097041642,0.0486517013354685,0.0458985620008006,0.0467234471411786,0.0476330480774199,0.0483585077610147,0.0461947394520002,0.0483915082760778,0.0495859801125928,0.0464561881705213,0.0452113257933772,0.0504412862983916,0.0566765941213827,0.0450902554391652,0.0488229932122668,0.0465411925302111,0.0471038425237261,0.0528604656557072,0.0462205010667107,0.053093817464862,0.0455882420544345,0.0478753394019589,0.0486746524078098,0.0481082807931414,0.043635983112126,0.0476525955791455,0.0439767494430981,0.0500732813883522,0.0462178978620635,0.0525905283012174,0.0459378512151832,0.0474175776812563,0.0542945079584917,0.0466544220944098,0.0455776661134797,0.045895141822252,0.0449847854092833,0.0437762283835116,0.0496845596836462,0.0502102506795981,0.0544917238497076,0.0532134408964056,0.0524564355905816,0.047840885543433,0.0514611860027236,0.048030375446735,0.0477577963940132,0.0474384826427879,0.0468775961421499,0.0507460183920447,0.0493489682758225,0.0511274479472851,0.0515293158944265,0.0500027776260863,0.0490523242291829,0.0537059485421965,0.0469879199570236,0.0502354065411893,0.0491579657918686,0.0481484756282556
1349_008;64;2,1349,19391_2020_11_12_steadystate_glucose_1345m_2w0p01_00,0.042478304609479,0.0420770368894383,0.0444376196649159,0.0442881663798817,0.0443627249672016,0.0442860674598176,0.0437219580080853,0.0445855154920879,0.0435817607389083,0.0425296643903451,0.0427428780528953,0.0437362318345855,0.0433205513466352,0.0458417666165136,0.0488819880095245,0.0548796979783698,0.05584070842191,0.0509286731380505,0.0557634911359538,0.0453857420983835,0.045166291194467,0.0446048957363542,0.049433941527498,0.045507929489643,0.0455807710374428,0.0452061313590526,0.0450895658503539,0.0459951932045971,0.0465763698214972,0.0461561178967471,0.0468737377573866,0.0469804434873768,0.0441988095238345,0.0460169187988322,0.0476424169320208,0.0497912621483646,0.0492641447100655,0.0488016823988527,0.0517956694892031,0.0542928768750097,0.054239401858626,0.0509227444337517,0.0527502474572895,0.0556043065197692,0.0492698802883136,0.0556208287675937,0.0496166704127303,0.0496051251523496,0.0509439056023382,0.0482255818116732,0.0484547286837136,0.0537687866084887,0.0522008052211174,0.0525111718894708,0.0488992801776205,0.050596089916578,0.0482333867889195,0.0462530815355286,0.0498645475169316,0.0495576191206904,0.0493574683681137,0.0503047886383351,0.049876638919963,0.0472369991836031,0.0500692479261484,0.0515784047814932,0.0474487715930653,0.0470853717662861,0.0485407044168756
1349_008;66;1,1349,19391_2020_11_12_steadystate_glucose_1345m_2w0p01_00,0.0559815028423191,0.0535974644902028,0.0559422454036272,0.0562881400219028,0.0629720742126983,0.0557690945077423,0.0577815932672442,0.0545220482156144,0.0532923597606152,0.0549408637591131,0.0560787035456026,0.0599154231005772,0.0554141798245965,0.0589000038063399,0.058125232083529,0.0592091515265643,0.0596451507340375,0.0564469172717839,0.0538198403191566,0.055615891643573,0.0541191272804631,0.0553054132662835,0.0591142703120308,0.0584333026507916,0.0528689788151473,0.0616516197152116,0.053405149096108,0.0573956533259974,0.0567613438546043,0.0582415128469329,0.0504501023417745,0.0564894272650023,0.0530973317604215,0.0536284310878152,0.0598594590778574,0.0514256399081044,0.0608922656982019,0.0510085520488538,0.056623856119948,0.0522173340387545,0.0529949142408208,0.0532429574746179,0.0593167107818564,0.0565910756096491,0.0523729580287382,0.0552379837072013,0.0536642363978484,0.0536681731720314,0.0572055745878867,0.054569548174324,0.0587758720009708,0.056440811261174,0.0569314037880441,0.0587216408547195,0.0534360075897861,0.0572086451364863,0.0539375716037563,0.0544190335900748,0.0529962934431428,0.0566622218928394,0.055993824914303,0.0527144100506024,0.0549315357934159,0.0542054086642387,0.0511972659013772,0.0545318254771512,0.0530572448629883,0.0574796382440657,0.0554860313550871
1349_008;67;2,1349,19391_2020_11_12_steadystate_glucose_1345m_2w0p01_00,0.0537690955657041,0.0540296415425414,0.0514058163538958,0.0508557294748098,0.0521986717892104,0.0560275961872313,0.0613550456686949,0.0557513489942745,0.0513652725287436,0.0548602070784139,0.0525174722339484,0.0536562814320287,0.0494656340692123,0.0477051829021267,0.056434116633301,0.068263998018019,0.0620027272392034,0.0533585590149369,0.0518214412143524,0.0522457984561972,0.0547524357666149,0.0521609159165091,0.0533490060192776,0.0536629901440617,0.0575930184672525,0.0567206322504598,0.0542383484187183,0.0551056401952014,0.054306087856108,0.0539356681536171,0.0501571590339314,0.0569086843743097,0.0534615819183103,0.054913146111593,0.0545716487269874,0.0569548227832009,0.0561016338449674,0.0578099763429162,0.0548691616372732,0.0560376431773474,0.0590025598166115,0.0542903113745424,0.0534550345022771,0.0565355450836905,0.0579592498164696,0.0593897813509988,0.0558449413026126,0.0561005924981422,0.0562359223938374,0.0576198493610809,0.0556399081501992,0.0548014407148661,0.0578721341085907,0.0539194274025872,0.0526751343687544,0.0540085367024173,0.0541245655182101,0.0519688008235791,0.0529133209853439,0.054524435086579,0.050640611704128,0.0494142959614484,0.0506832309467142,0.0484563936022478,0.0465681546672765,0.0504339455280668,0.0506658932257153,0.0502455619897691,0.0496491661308205
1349_008;68;5,1349,19391_2020_11_12_steadystate_glucose_1345m_2w0p01_00,0.0458311414844682,0.0476522607412278,0.0492468986680298,0.0504444881082053,0.0498858389235425,0.0482703898413719,0.0505180512690706,0.0500079047830254,0.0491350553073427,0.048700756223561,0.0502288579234202,0.0506499221354962,0.05110533791421,0.0499801359777719,0.0461270851229602,0.0492823451391053,0.0507592424176124,0.0499165990507242,0.0481855732201164,0.0504756599913594,0.0517581262660828,0.0513668519709829,0.0504161755341819,0.0523723444997973,0.0526039825868135,0.0493448248261341,0.0498772739663562,0.0498040198964382,0.0519539021807342,0.051552819372427,0.0537771390529521,0.0557153226051265,0.0500570007785908,0.052042799885573,0.0557829760347963,0.0547538590188896,0.054169706521041,0.0549632285564521,0.052486169021624,0.0491648145389212,0.0511921481525683,0.0568286755604861,0.0494395976192238,0.0491371422465108,0.0523523952107232,0.0507545343461053,0.052443074627578,0.0507450762374453,0.0489475600549313,0.048114929304192,0.0548333357358306,0.0487865453481283,0.0478171676035245,0.0513269071291788,0.0492113238953666,0.0491258532886997,0.0490707040032867,0.0481896753295893,0.0456537952140182,0.0481233484511955,0.0500351782204905,0.0491601337558449,0.0457583392730145,0.0489292997095924,0.0521681839905998,0.0504533581363908,0.0513934237723265,0.0532756431557536,0.0513303384185726
1349_008;6;1,1349,19391_2020_11_12_steadystate_glucose_1345m_2w0p01_00,0.0596453868513629,0.061294622809015,0.0564417049148348,0.0586365415559994,0.0576648126693673,0.0632794057009735,0.0587743916066917,0.0612748835472258,0.0603410490850562,0.0646257260735051,0.0611926646437245,0.0612989580693509,0.0605653754124796,0.0616211745746155,0.0611716566667225,0.0610303878644372,0.0606162816632817,0.060757504461774,0.0634033343932579,0.0631842252770746,0.0608308414884806,0.0644432631196341,0.0620112004230822,0.0615998758177933,0.0607626046120557,0.0615921869053927,0.0606684946902569,0.0610415422427238,0.0638993318406823,0.0615962337759779,0.0595703968026759,0.0628598626100603,0.0607677411263009,0.064869883119715,0.0620622549307801,0.0672835105353769,0.0651808991212261,0.0705810014977757,0.065412590413929,0.0622206450368933,0.0638312496848135,0.0642676440744441,0.0598577939866264,0.0638776500674313,0.0611141885411835,0.0600364015672351,0.0594979850522235,0.0601117083500415,0.0607310377382366,0.0613281622640611,0.0620486747188274,0.0645670696193825,0.0601556672448331,0.0642680989578905,0.0579963130136574,0.0635364075776997,0.0586227293627745,0.0584867999711444,0.0602824758185839,0.0576073080617836,0.0571276204657298,0.0601856573677028,0.0625106668443041,0.0566462112279594,0.065439653686581,0.0579761044555592,0.0671337521324232,0.0590013842903445,0.0629986896538252
1349_008;71;4,1349,19391_2020_11_12_steadystate_glucose_1345m_2w0p01_00,0.0623880510715962,0.0579196026484233,0.0601796379853763,0.063876560780601,0.0614830594094947,0.0598990966998237,0.0596974998676636,0.0647085034637806,0.057137683424576,0.0661820342237902,0.0574104854932321,0.0578317152923303,0.0635265631661581,0.0593792449788413,0.0598128531602292,0.0571848537864265,0.0680455595801341,0.0605528914259868,0.0601547355633111,0.0652300975297106,0.0600545338629412,0.0591330695338261,0.0601605091268004,0.0633471238034685,0.0594379875605369,0.0561380923158138,0.0567076985855416,0.0599248259890989,0.0586717656244589,0.059500275571781,0.0550678953264106,0.0559663852949102,0.0569197684836513,0.0545359168380756,0.05950033696792,0.0556270299731619,0.0548773212127068,0.0524509595769915,0.0553577159198345,0.0515434636807747,0.0518126982127456,0.054604623466779,0.0545914186795567,0.0560095379420746,0.0515218668062479,0.0524965043784371,0.0492055539116991,0.0487802500393972,0.0500923950273728,0.0513459887868874,0.0518903155105047,0.0520897644857485,0.0531825997403165,0.0525618912854026,0.0520778541677621,0.0581449089667007,0.0542914473632632,0.0542583777979229,0.0560673893764853,0.0559490580852675,0.0572916312057727,0.0518763722812952,0.0538523559822167,0.0568358904536994,0.0523545737074022,0.0517734317036676,0.0543531132742171,0.0518603730369909,0.0522854298564027
1349_008;72;1,1349,19391_2020_11_12_steadystate_glucose_1345m_2w0p01_00,0.057547863425551,0.0591263122421533,0.0578467616188764,0.0588110201633353,0.0615261582922636,0.0601568158802768,0.0553076920179453,0.0550741108183816,0.0556953631723548,0.0587902333311119,0.0614245138956579,0.0607376872927049,0.0597502135813097,0.057108166147405,0.0621149020098678,0.0628411380164444,0.0572651651571242,0.0595514506445146,0.0706733262728673,0.0604991308375794,0.0602198857012691,0.0589456219549773,0.055712889772137,0.0532411694347081,0.0545930208149622,0.0547856100595447,0.0522970731861511,0.0581861807167891,0.0521015543660027,0.0571390712833393,0.052075024315075,0.0478823648474723,0.053533629652001,0.051482384297064,0.0531836979192868,0.0573346823621972,0.0544201420037274,0.0560890272910313,0.0549868795779405,0.0552101397470151,0.0550552350017063,0.0567284536239744,0.0581940016977603,0.0569852282910028,0.0541201864982201,0.0594019643617365,0.0577480478174512,0.0593225567580098,0.0620719393504282,0.0591375453670721,0.0592022408579397,0.0563782571757626,0.0567569243035411,0.0588831836100398,0.0585311456052515,0.059457131737717,0.0543587368220914,0.0636992156546224,0.0610088122027444,0.0562323476146661,0.0591690951162516,0.0650838067594169,0.0575859524306134,0.0596403512457226,0.0575648680874717,0.0593640484809092,0.0554921705690678,0.0566569550968225,0.0554398010944309
1349_008;74;2,1349,19391_2020_11_12_steadystate_glucose_1345m_2w0p01_00,0.0460299704130874,0.0491491093182153,0.0467932272744298,0.0490347424036509,0.0489370549852409,0.049128207491922,0.049520251060529,0.046442289851362,0.0504981364089009,0.0484789717016847,0.0501293720665127,0.0514740211681647,0.0502350638447761,0.055484838353908,0.0511331829306546,0.0517153555734414,0.0483802231857577,0.0507660306983094,0.0501749598412258,0.0492707783889576,0.0464946827695386,0.0499602997702759,0.0457336184699008,0.0536505053709799,0.0501651848950846,0.0510445360001318,0.0471643801927327,0.0500835619550142,0.0487601572440761,0.051059638115226,0.049289030582367,0.0515323465049984,0.0494617049139335,0.0493244980287976,0.0519473069310926,0.0516971447050475,0.0501697756164547,0.0481993779218897,0.0501965857458233,0.0503472928916606,0.0495521773407976,0.0496189817767624,0.05063018700209156,0.0492991235328036,0.0469379285964587,0.0471809160558911,0.0492000996183757,0.0473844578583084,0.0489670489200422,0.0551558233871625,0.0484661104299662,0.0442654825117148,0.0484026117840184,0.0464137401222186,0.0454291740717127,0.0478679949507179,0.0488457220725429,0.0478924150695407,0.0507791172137899,0.0520436638192469,0.0489775795064327,0.0579052480725198,0.0519046305042587,0.0518955684223447,0.0542000828264765,0.0500278846048041,0.0498253553118997,0.0496085255367134,0.0624644152631752
1349_008;75;1,1349,19391_2020_11_12_steadystate_glucose_1345m_2w0p01_00,0.0553359644885015,0.051296231974915,0.0558406499542478,0.0547460620988321,0.0560350456703765,0.0545226279434027,0.0545765090544334,0.0560422345104949,0.0600959429441073,0.0586914610250558,0.0611800186322354,0.0566859497278275,0.0576735534078164,0.0551952165131511,0.05396589374583,0.057479559810776,0.0574977494761212,0.0552852020286477,0.057961218747569,0.0563620499421186,0.0538510147913736,0.0603051115118606,0.057685775363883,0.0689788022700618,0.0575980599863476,0.0579032375450086,0.0538644294748976,0.0520282451975311,0.052757886374276,0.0561970087107337,0.0537580912629225,0.0558555932091663,0.0547939501012365,0.0604149119557747,0.0540322666654835,0.0574898654270988,0.0617046313429738,0.0552963160524026,0.0508325986094077,0.0537773534856966,0.0516323135509534,0.0511495445843138,0.0516252897110778,0.0562369008000681,0.0505611265284619,0.0611108800213572,0.0530818421778036,0.0556974881817374,0.0607775116674471,0.0566289272923317,0.0527465090518592,0.0598692425195852,0.0549329940171681,0.0560212030853349,0.056744637496759,0.0601501596590601,0.057263561332298,0.0581239983552461,0.0565452341293642,0.0602627134359888,0.0576683070638742,0.0575752645277448,0.0629679908978538,0.0598721315524461,0.0573267238360192,0.0593467939201136,0.0625854842108178,0.05920604565166,0.0590382895835476
1349_008;7;1,1349,19391_2020_11_12_steadystate_glucose_1345m_2w0p01_00,0.0488685530383576,0.0478898967712979,0.047669991960894,0.0503186425553951,0.0505562137332884,0.0518597856921277,0.0489345886824759,0.0502941465332339,0.0493800771845924,0.0525681333250446,0.0529603765074935,0.0510315159549153,0.0528969935100186,0.0513328743468836,0.0519284738032457,0.0511248578610397,0.0529805991924905,0.0534563168085563,0.0509327131795497,0.0532436755308114,0.0533152811051434,0.0564618726499246,0.0544272864216799,0.0511460852427801,0.0538783029579996,0.0508965966579259,0.0537504939500467,0.0533964126228516,0.0539147250215789,0.0522817344122325,0.0512119026156839,0.0487264357962533,0.0555796366961333,0.047184433901857,0.0540960995783727,0.0536382489617175,0.0512353753932347,0.0524663694767226,0.05248674530621772,0.0561732485138316,0.0534686421258549,0.0546935360238187,0.0542036531126574,0.0559026939823405,0.0533834206739888,0.053489102409682,0.056066465235514,0.0544300346493809,0.0552779808781891,0.0530960881290359,0.0540918208959021,0.0557616491627657,0.0538346700287862,0.0576393405502404,0.0549591064469978,0.0613043060863777,0.0538636026814731,0.0559691919303986,0.0568122231645079,0.0567079306525005,0.0577662676070385,0.0548634613563725,0.0554298877413964,0.0534890518945143,0.0514237495795829,0.0530956243585872,0.0526440755973498,0.0577973464298203,0.0588107591703419
1349_008;80;2,1349,19391_2020_11_12_steadystate_glucose_1345m_2w0p01_00,0.0389619658285954,0.0395460420910503,0.039582671109235,0.0404922940027588,0.0383893248569447,0.0423824721365247,0.0395032944575484,0.0398499960703635,0.04037412666701,0.0393323448699328,0.0413631037715715,0.0392613331707201,0.0387695198860732,0.041663430426597,0.0390605083303007,0.0385024155862137,0.0427992954121556,0.0406394818740973,0.0420489972944182,0.0429963372516268,0.036431541976008,0.0395166694913563,0.0394145808183491,0.0378672213565514,0.0385563233193774,0.0366580056665342,0.0364599541214446,0.0383858423739506,0.038936056051289,0.0347313355316635,0.0366147044741023,0.036423079667178,0.037074687122579,0.0355529267763068,0.0368445414635211,0.0358622718521379,0.0380599541857611,0.0366620462619288,0.0399159250544993,0.0372980028718625,0.0385377873419857,0.0398866950871037,0.0392815560273769,0.0375715627174134,0.0344552263483345,0.0380968088424968,0.0383671864421035,0.039629624151811,0.0409597931187347,0.040184071703728,0.0376240197672866,0.0385380497707579,0.0396281738525781,0.0398117886777482,0.038406712546945,0.0376953665302387,0.0367711197662542,0.038659029068932,0.0394984804393484,0.037600409215446,0.0361061783367728,0.0373594815495143,0.0363828095598153,0.038545392427483,0.0370764618743724,0.035378421824928,0.036591281889203,0.0383763015486709,0.0407834097823521
1349_008;87;2,1349,19391_2020_11_12_steadystate_glucose_1345m_2w0p01_00,0.0451486617450396,0.0468673821118122,0.0424298086059612,0.043676125361343,0.0435001612298386,0.0448916226444834,0.043921807205975,0.0446385907082562,0.0497689796107654,0.0531717899444554,0.0565225530313301,0.0536933368457501,0.0502197156073438,0.044376912536899,0.046873012516468,0.04562337897587,0.048447868522978,0.0491099409998705,0.0451777035347442,0.0413491290755642,0.0447267503152658,0.0474624489385684,0.0437324804542535,0.0444777199372483,0.0409574666737203,0.0379973619922716,0.0403092882505969,0.0404315281461877,0.0411336267564741,0.039797347784521,0.0417652710199256,0.0404540091830324,0.0407751613359799,0.0412322619413622,0.0419620125022953,0.0433122898539717,0.0411326384539419,0.0408126392255256,0.0405417955447832,0.0402894629280363,0.0422233414454724,0.0432339302012191,0.0405283830634733,0.043889731734311,0.0411513913697971,0.0427144055949531,0.0433765510546241,0.0451929144407436,0.0446079303519664,0.0421324242772266,0.0450566828938446,0.0434676259624757,0.0414556189336858,0.0423947645159114,0.0391899513995136,0.0419952247944386,0.0423532868311332,0.0421426817873952,0.0414504737419368,0.0408649735641748,0.0422673238207081,0.0414194051979671,0.0402672052917907,0.0394607280849051,0.0423437308450557,0.0416773096092595,0.0411014184321427,0.0413814322383674,0.0419972062065169
1349_008;88;6,1349,19391_2020_11_12_steadystate_glucose_1345m_2w0p01_00,0.0539596134545797,0.0500142760361486,0.0519668032348786,0.0563821723708287,0.0512194682756969,0.0545017997266257,0.0513848299964682,0.0514384836230397,0.0490095765876802,0.0533794836049191,0.0532270720432642,0.053022122036357,0.0566421168714065,0.0496417729423719,0.0504442729508043,0.0525602785781004,0.0497341657435957,0.0592672090947581,0.0598698512178021,0.0499615500222928,0.0481626222240521,0.0494340651938091,0.0485080139614743,0.0530725546420995,0.0480937503142294,0.0464179179231472,0.0463368641738924,0.0532373577618532,0.0528586833031654,0.0472320597414152,0.0517901981201559,0.045462388550731,0.0454736322377765,0.0470157481405572,0.0474229784854903,0.0493471663481597,0.0450885200283044,0.0501352385094768,0.0496635449156887,0.0477265412621201,0.0517122589692417,0.048123884224399,0.048893605532836,0.0479173528584841,0.0485463967433818,0.0511089808525438,0.0494276572117944,0.0501049309479422,0.0583691444001631,0.049334312530992,0.0490378716985652,0.0522936890129383,0.0484124128011102,0.0511485441794534,0.047830895062639,0.0481202725773057,0.0466960523738686,0.0467948460221426,0.0454358196591872,0.0506844667546501,0.0503080423639992,0.0462213465069763,0.0447505609099607,0.0509892454357044,0.0465955822818187,0.0524747256697346,0.0476595186520555,0.0514126251241007,0.0493763464872976
1349_008;89;2,1349,19391_2020_11_12_steadystate_glucose_1345m_2w0p01_00,0.0490984602505358,0.0505532999266191,0.0503159341675917,0.051677509897696,0.0555015093616934,0.052598305069423,0.0495653161945356,0.0579741855461482,0.0512306426091127,0.054537388647873,0.0535656320125377,0.0512115438643669,0.0528467271059984,0.054110912773697,0.0546598699611128,0.0562274596486626,0.0541986115917228,0.0497674128804081,0.0527393726133902,0.0528798202709875,0.050294497697865,0.0552467605574043,0.0535495236913162,0.0531611733430971,0.0513123782552742,0.0502935597556415,0.0545648245338485,0.0510612667961911,0.0517912010248375,0.0496231844343586,0.0494248834005734,0.0498271890176528,0.0480454674616294,0.049298102285915,0.0488008812718228,0.0533114308445263,0.0484911135065854,0.04821800773366,0.047358402659573,0.0485003479107385,0.0504120020990594,0.0487730566505347,0.0463644873226158,0.0488369335257234,0.0470359320070127,0.0474430962259621,0.0572753188280065,0.0465441176908409,0.051726276465127,0.0500600447973894,0.0550832013102738,0.0541568885432572,0.0569116104848929,0.0547896739424439,0.0512790253793253,0.0553127745437313,0.0553157563114186,0.0530097557004138,0.0501870590674615,0.0561863079692264,0.0543748607401493,0.0564378773767634,0.057951417686599,0.0559157752914133,0.0522378016779114,0.0584758929292008,0.0574570315514469,0.0583377370809128,0.0533620549194014
1349_008;8;2,1349,19391_2020_11_12_steadystate_glucose_1345m_2w0p01_00,0.0684902901850887,0.0732290253410412,0.0755917841485473,0.0746439501506111,0.0765949719905757,0.0798650973564437,0.0782739800190479,0.0714228075744453,0.0710024816160198,0.0594163984565305,0.0552082757299272,0.0529479023107834,0.0512015490085486,0.0534415378973945,0.052072907244147,0.0507771573848516,0.0514623298287693,0.0521989590292203,0.0509798409946581,0.0511306256410575,0.0515700251979319,0.0520338296791417,0.0521653959847717,0.0509825036707139,0.0530721685799194,0.0517708304192807,0.052775711255044,0.0548277883186757,0.0559221134939572,0.0550784493425209,0.0517172190828376,0.0553706530346663,0.0540343846972668,0.0507762895331402,0.0558199416591571,0.055904220384917,0.0534955188822131,0.0557875142550745,0.0531091453678008,0.0561484210251947,0.05460469561761678,0.05344559570806318,0.0567016311172816,0.060358516978995,0.0554279688821505,0.0545401319022639,0.0546773701816722,0.0541870184113205,0.0529791438067202,0.054108854140948,0.0513559868594303,0.0533154111189844,0.0528607950027944,0.0537177897639055,0.0510431048113165,0.0515585616772701,0.052095660907485,0.0561941168857904,0.0511146282350266,0.0546154581800926,0.053407277278918,0.0532565674145418,0.0550637627068412,0.0518970870026079,0.0533016798717005,0.0509613871260356,0.0529730216793218,0.0503195684075591,0.0533010387028893
1349_008;94;3,1349,19391_2020_11_12_steadystate_glucose_1345m_2w0p01_00,0.049731102233634,0.0498415770015067,0.0464012549076506,0.0475679109655987,0.0502873836863873,0.0454895105556996,0.0489730573112535,0.0477567681262577,0.048576103123631,0.0488619410029649,0.0503405399294634,0.0492704171778387,0.047250155556215,0.0497692352302859,0.0502228175314486,0.0506458560889869,0.0588673350427149,0.052358342875301,0.0531443698639307,0.0538935853235128,0.0518363810518988,0.0538798138976458,0.050700674117693,0.0527484488226639,0.0553223843002907,0.0559454896668209,0.0524118024797097,0.0525385664097503,0.0534156184207018,0.0525029390835522,0.0491629888236946,0.0492766551385086,0.0520342050901776,0.0525210518713428,0.0510195411611376,0.0504559629473513,0.0510301889914736,0.0486651287116061,0.0481841318427273,0.0529402437753471,0.050996447612732,0.0506001535209246,0.0492426382804179,0.0482914174434087,0.0499475950249453,0.0467994272258041,0.0469906229953337,0.0463110749036475,0.0511542134850487,0.0511926275250977,0.0529201986082561,0.0482562917896117,0.0513801034432961,0.0501291329304604,0.0482618435163544,0.0481590718438467,0.0474532431667102,0.0504599686593344,0.0507058186395375,0.0500396923947885,0.0485032800345882,0.0525842099185762,0.0481559751033148,0.0534622240952116,0.0506215406000804,0.0504584109563861,0.052697269431636,0.0501561937879376,0.0537353497632621
1349_009;20;2,1349,19391_2020_11_12_steadystate_glucose_1345m_2w0p01_00,0.054334229355081,0.0510496858359818,0.0545480533801235,0.054590210065679,0.0598236538159965,0.0537677687516244,0.0633362411267405,0.0508981928457183,0.0554619386380884,0.0643264989608878,0.0547965273498567,0.0524622426170717,0.0523822932187534,0.0517866997680928,0.0520269317089877,0.0512977032801957,0.0502570404207929,0.0586342001798323,0.0526226841454917,0.0505868308253972,0.0503154327821308,0.0534275607882157,0.054128915044063,0.0475258274652673,0.053676849212242,0.0477063058918251,0.0492649421153188,0.0474855485952846,0.0547121513212366,0.0471558167604301,0.0495419050455223,0.0484117951897684,0.0563310041314922,0.056503120302987,0.0490062526507761,0.0590047148385133,0.0513615133768314,0.0508954398975969,0.0512265729248515,0.054308973483291,0.0554908611382454,0.0522120318209407,0.0521067116504038,0.0508934306036279,0.0565510980260705,0.0559590394069176,0.0558559115569927,0.0548886338030147,0.0578064842846244,0.0578024937083775,0.0560055019180514,0.050725764992757,0.0542444372825195,0.0613716071060646,0.0589737109292702,0.0563565268054649,0.0586546957391717,0.0576229865338377,0.0592135569327106,0.0558928358786091,0.0592402211927475,0.0537550888894841,0.0576437170640976,0.0582393338966344,0.0544668164225198,0.054405891159929,0.0525295422566274,0.0536807910322672,0.0542595849601428
1349_009;21;1,1349,19391_2020_11_12_steadystate_glucose_1345m_2w0p01_00,0.0553910529409059,0.060370208812029,0.0566536407279463,0.0559690145885027,0.0556480678490172,0.0548238761531207,0.0565934899688775,0.0542828664929121,0.0525261061285742,0.0583034390007135,0.0557344020703005,0.0546165465038487,0.0550639427867575,0.0571114561083486,0.0579367599213202,0.0663844647469163,0.0547936230741358,0.0572428383839651,0.0636703248074308,0.0610432040379035,0.0570416681243475,0.0517948061226766,0.0573356708480037,0.0571529612379517,0.0552652376368935,0.0531649918674891,0.0561986104809221,0.0547451220223638,0.0561193346958608,0.0549377092565252,0.0536100683117444,0.053006736091297,0.0525670026097923,0.0587395828032655,0.0537916140355482,0.0515535753718036,0.05224176992393,0.053218062533015,0.0513062002751958,0.0537956079301373,0.0538042521855861,0.0542235763622604,0.0546571644199482,0.0516632417346981,0.0557339451418254,0.0531594219315004,0.0539357834560378,0.0573985070919122,0.0527801881579847,0.0560724088428994,0.0535293535422021,0.0560325384430163,0.0538786872037751,0.0520829327286295,0.0554689807580915,0.0559379339135449,0.0577937980584946,0.0531522866961404,0.055761819739014,0.0547357431711729,0.0582081101322528,0.0575452561860575,0.0563025706084863,0.0564126005814966,0.0604484313622102,0.0600144618595249,0.0571207101084219,0.0595363877209916,0.0605126358202779
1349_009;25;2,1349,19391_2020_11_12_steadystate_glucose_1345m_2w0p01_00,0.0479972149565452,0.048458700622086,0.0484220927467995,0.0504332352459089,0.0467638690533122,0.050377842917255,0.0539052013563502,0.0520862398238541,0.0472444834169637,0.0506137620398541,0.0522747172931241,0.0544128533870548,0.0494003153995093,0.0523551045493747,0.0506733249424466,0.0563148811770807,0.050053189302805,0.0532778543795578,0.049389374256245,0.0505928307680979,0.0513805702313896,0.0529656903584556,0.0556639222738079,0.0487263560322523,0.054523691596961,0.04937720514217,0.0478199550771174,0.0493811013788941,0.0485021967854647,0.0512630697623415,0.0533101887354786,0.0492812972037913,0.057864788228582,0.0522392283719793,0.0484515096573575,0.0477440755267047,0.0477254390807177,0.0493349297903627,0.0474271357386286,0.0594642014697326,0.0503945129051856,0.0514077107658463,0.0522066977483731,0.0458981238854285,0.0486644807486194,0.0460678934194061,0.051629393951571,0.0460830563668739,0.0494367876971661,0.0495025161022716,0.0514656647314021,0.049125771989244,0.049556745703668,0.049047115824024,0.0480227537932996,0.0472124898744478,0.0510932645827368,0.0503769230062012,0.0488249368904622,0.0502730452470863,0.0600213349957892,0.0572918765487723,0.0571581428090268,0.0509722176260159,0.0487747448047203,0.0498369415656537,0.0558380868498014,0.0491959644479003,0.0507472344104895
1349_009;27;2,1349,19391_2020_11_12_steadystate_glucose_1345m_2w0p01_00,0.0443320994606785,0.0455223106281997,0.0442715404747316,0.0451718078914224,0.0454309484679673,0.0438775523889574,0.0437411336762886,0.0425665419905227,0.0445865590905145,0.0445797025206133,0.0442045770265336,0.0464173843927804,0.0463668412743649,0.0458602401538597,0.0456948029073697,0.0457264484518827,0.0448153509198216,0.0447273628762907,0.0437799812036434,0.0465758667502548,0.045294679283642,0.0436466565100996,0.0434747761213393,0.0430672528194625,0.0454272572569521,0.0427700771470261,0.0469321843595523,0.0456448849595658,0.0438061558730169,0.041524115636018,0.042653837607919,0.0421878729104432,0.0461800552746856,0.0408115948722365,0.0405741636085987,0.0410704181490469,0.0417808318011761,0.0424212274654932,0.0433503950388612,0.0434141798057394,0.0434812741571249,0.0421102126461767,0.0461178040448562,0.0416447256064688,0.0402906975385947,0.0437054015722519,0.0417752867965911,0.0414500851996587,0.0444729560040141,0.045276326712272,0.0414603076118189,0.0447253906031322,0.0449570370151234,0.0441308885353456,0.0451174868328278,0.0448050050843436,0.0427664451158137,0.0439377743845696,0.0448094449038518,0.043026747191044,0.0480334545116385,0.044334329783788,0.0499487250037174,0.0481578614050365,0.051175403289262,0.0481466134186639,0.0421115906623307,0.0477938825675411,0.0469383438951527
1349_009;32;1,1349,19391_2020_11_12_steadystate_glucose_1345m_2w0p01_00,0.0509062435785327,0.0512548860909048,0.0487743080616133,0.0486763650155092,0.0480086944180011,0.0499777736527131,0.0486025414671537,0.0487339695494266,0.0497097251192053,0.0497048050997002,0.052252379487535,0.0521230827589874,0.053644721311882,0.0498279748545085,0.0504447384682357,0.0508426931780203,0.0504844401260349,0.0490548178873984,0.0502461892186776,0.0484024285016225,0.0493765281721407,0.0488213894728369,0.0482257468130839,0.0516751876107621,0.0507509697241902,0.0493810022866227,0.048350426069484,0.0514296426451837,0.0503186464516957,0.0512095668986485,0.0510571934068097,0.0492346773646033,0.049095987083039,0.0547320084265461,0.0536551990014018,0.0494037372539715,0.0506929000705576,0.0536496865401228,0.0544857790676829,0.0510983444537239,0.0551684739450942,0.0559756073156891,0.0518878952367915,0.0543182861516664,0.0601111470873398,0.053076608937016,0.0569675855210446,0.0545379345578119,0.0569999984837372,0.0605718343899723,0.0584606568172217,0.0525678948605628,0.0545279678880882,0.0532613247386818,0.0539806506462308,0.0520464630063378,0.0528257359941393,0.0533135061245486,0.0573722750497898,0.0508540067779415,0.0550944482177691,0.0547355765050465,0.0499686029854936,0.0523114068231432,0.0520474919278004,0.050230258816408,0.0538599727565915,0.0517407447660171,0.0521605210055753
1349_009;33;2,1349,19391_2020_11_12_steadystate_glucose_1345m_2w0p01_00,0.0848373489877132,0.0754716695357769,0.0729979429008445,0.0694034877834275,0.0648594579545881,0.0600359036549237,0.0606268744973045,0.0570757263231993,0.0559535465027685,0.0544156845995447,0.0524345385917802,0.0537932389389551,0.0566063376719601,0.0576408312392065,0.0552969970202848,0.0509726703255432,0.0528511731291758,0.0545995688336874,0.0540585224572444,0.0527434784764573,0.0516181901064496,0.0551187554332624,0.0549859678486422,0.0529158631653611,0.0546364648820202,0.0570218113815635,0.0516494249999869,0.0528275899290612,0.055949196362949,0.053406995037735,0.0509698458965737,0.0522799790099652,0.0497317875993556,0.0538989339939653,0.0529776191607892,0.0500058423709742,0.0490921536410907,0.0507537394493781,0.049942736842284,0.0529420659421939,0.0499625508394822,0.0503556926400627,0.0506865170294105,0.0508575826165202,0.0534040075582596,0.0497284485439541,0.0499900049783001,0.0514770778107353,0.0490661129641255,0.0514834343581723,0.0504828468429862,0.0524489352931099,0.0514217205249569,0.0495251073983447,0.0501174945242946,0.0512224389006021,0.0505584581641226,0.0532108781613191,0.0508301227251949,0.0514161475605121,0.049360445366215,0.0510871251418602,0.0490830020834461,0.0505418495971996,0.0521765102121869,0.0503351499304197,0.0510419318325429,0.0522442285710894,0.0521666391584492
1349_009;35;2,1349,19391_2020_11_12_steadystate_glucose_1345m_2w0p01_00,0.0477641733247863,0.0477362021934416,0.0496396354008118,0.0476961001927903,0.0517992802229381,0.0473022857543198,0.05161025117313,0.0511735040315913,0.0479419946918626,0.0486817530948179,0.0555786128361572,0.0471668533056666,0.0520973092021408,0.0547799969533126,0.0518952652533049,0.0468500333136856,0.0519738761697888,0.0516329657795186,0.0504022134718129,0.0462892449161989,0.0479361962046879,0.0517273023445702,0.0479366433131186,0.0485431158168631,0.0539100578744434,0.0476934269350658,0.0481504897343744,0.0469770195976064,0.0449974030356518,0.0457965275103722,0.0441021005180369,0.0460705711536415,0.044071000016422,0.0467290151390146,0.044712711018176,0.0435248042832859,0.0474457200944744,0.04597644056799169,0.0460162726227583,0.0465061370126663,0.0445190670071277,0.0478254288035724,0.0462514198912913,0.0484390992664538,0.0467026838353796,0.0463131473831963,0.0476036186911077,0.0484606978219024,0.0458748446265664,0.0478428344316081,0.0489035527685734,0.0484210673378358,0.0482495389375038,0.0485911904039556,0.0475567144814136,0.048442479817194,0.048232031330983,0.0462529500713679,0.0475717681818192,0.0485716598811419,0.0476042045273541,0.0478717566727881,0.0482737669918326,0.0463264980775563,0.0478643676757652,0.0482205964696836,0.0461164745034052,0.0460057308242893,0.0460747032533285
1349_009;36;1,1349,19391_2020_11_12_steadystate_glucose_1345m_2w0p01_00,0.0505373269574528,0.0436328600174379,0.0432922564197809,0.0439790698176986,0.0460852465107144,0.0436581881759931,0.0433944935308349,0.043561746602443,0.0440428684533551,0.0466971319508154,0.0434515880788895,0.0446588448060638,0.0437027121317862,0.0515821539340705,0.05387959186764,0.0507386317714615,0.0589723210716068,0.0569179734407201,0.0562705209934151,0.048709504106398,0.0525510590326882,0.0508366405236783,0.0490480551002045,0.0551188531848768,0.0512515249160936,0.0520608302055306,0.0521516134142576,0.0502335009650557,0.0530666625955125,0.0520905974339363,0.052272815481728,0.0518022343933786,0.0514982585952175,0.0492670235641805,0.0491672207472515,0.0510876725336007,0.0524835220752614,0.0533475539655973,0.05496717224549,0.0535442006694418,0.0533607581398399,0.0488016195396084,0.0480470732282438,0.050108614161091,0.0553406368204052,0.0506793764609924,0.0510175044336488,0.047614790919382,0.0478497906544713,0.0513031111188867,0.0611140733928658,0.0476155982669007,0.0578187430876951,0.0463681077324321,0.0567149585304995,0.05173462457699,0.0497085797213885,0.0508748025026176,0.0516193824620964,0.0508297632449454,0.0493372954060197,0.0513619702137386,0.0480536870454314,0.0482445885359205,0.0548010062143589,0.0512098005208319,0.0529348467492797,0.0522829968239915,0.052198599158906
1349_009;39;1,1349,19391_2020_11_12_steadystate_glucose_1345m_2w0p01_00,0.0513754689619374,0.0472851482827975,0.045305643426329,0.0469959714060917,0.0490204422428867,0.050665554809127,0.048086411327919,0.0482611689977624,0.0485857020643485,0.0505600249376698,0.0481127703243587,0.0489326744919221,0.049031514053951,0.0473829046919765,0.04822244425915,0.049162913887232,0.0479126641511847,0.0479780581537052,0.0487195709987988,0.0469154820687528,0.0452070718776902,0.048835675936109,0.0474468969354464,0.0503690411607444,0.0486356735171525,0.0471025069827568,0.0465006873474441,0.0490938852229693,0.047611998529441,0.0490586482951628,0.0510861194535327,0.0481349340007811,0.0491731853682256,0.0454488767272121,0.045770964396317,0.0463663996594406,0.0473651113141047,0.0464509398199333,0.0465101597960227,0.0492411258087749,0.0474860052791539,0.0490505630484722,0.0487962039320032,0.0471256187221611,0.053149556295102,0.0504996280129197,0.0511502089949819,0.050926115900141,0.0473405819693143,0.0492137419827058,0.0517220396105892,0.0496118710015439,0.0537932340466479,0.0531471035434048,0.047903825727458,0.0514178898031371,0.0486491817536212,0.0483001335020259,0.0458884744313492,0.0464243272319315,0.0459582290957034,0.0506645636805447,0.0511231976420379,0.053312430549847,0.0466075067519621,0.0495705691389308,0.0516150671823247,0.047991412803139,0.055549464456887
1349_009;43;2,1349,19391_2020_11_12_steadystate_glucose_1345m_2w0p01_00,0.0523043872468554,0.050858456811828,0.0494803366030231,0.050489870031802,0.0486904140626274,0.0498088250454758,0.0507036544238224,0.0544195776026497,0.0499612484404113,0.0501718268898583,0.0518470047322632,0.0488176039153295,0.0472105498246844,0.052903429671878,0.0607612657018497,0.0540828440005931,0.0474219809462365,0.0504500291810831,0.0484732839325108,0.0488462264972562,0.0449264607921695,0.0499230719365598,0.0461824532879052,0.0510080166166238,0.0487013084732773,0.0462739894920142,0.0432657989508799,0.0466748109085927,0.0441299461756206,0.0453547879730361,0.043390727984463,0.0441611325569424,0.0468278592678766,0.0442524508030305,0.0442106282268068,0.0442895003342098,0.0476179381642171,0.0448177400611633,0.0465221294394036,0.046586885177318,0.0474381673033794,0.0476836526810179,0.0441803273907557,0.0548134772919477,0.0444345224674489,0.0605632680577722,0.0473936754058928,0.0510243839678266,0.0510490298165342,0.0479120308306994,0.0654594528052531,0.0526820832360864,0.0518386315749344,0.0495269559495997,0.0451215064885216,0.0567239329717803,0.0478186987109948,0.0464147291508584,0.0500109478949909,0.0572436244048081,0.0523177879095116,0.0544440654499693,0.0514085584771129,0.0528506075716284,0.051344317632414774,0.0454289114814902,0.0545238080605737,0.0459183768604903,0.0532875152542443
1349_009;4;2,1349,19391_2020_11_12_steadystate_glucose_1345m_2w0p01_00,0.0467981384902601,0.0479531351196439,0.0440265888012344,0.0473618212154912,0.0455638681329758,0.048437401348522,0.0460323553689339,0.0468402685936445,0.0464694421469388,0.0444432520273012,0.0477004106037088,0.0448194921100163,0.0464847361973332,0.044044213064345,0.0464815786317035,0.045777976985938,0.0483154424144498,0.0437105850315243,0.0476135212121528,0.0501655738109689,0.0488484344316774,0.0453279560989144,0.0470467035720427,0.0487299945859762,0.045366946823123,0.0489119977943861,0.0440117352541319,0.050143946521574,0.0492067386294133,0.0454398128179841,0.0493817810155347,0.0454982554759927,0.0433448778132661,0.0437232883820089,0.0434766733125123,0.0419163778635204,0.0420178415281953,0.0437772926571534,0.0446218376949274,0.0441367608216035,0.0454389814830185,0.0479829299579441,0.0473734260453419,0.0446922275390273,0.0465753122947124,0.0481939012054385,0.047680699842254,0.051130232937941,0.0477025857435758,0.0491966095452505,0.0458000702342398,0.0483737099177825,0.0475627662115669,0.0506807093816953,0.0486808998995118,0.0458822137922043,0.0464059687390448,0.0447187827219222,0.0470170179879425,0.0487636944536854,0.0439422497368712,0.0479558948325283,0.0465728119973284,0.0502758868963217,0.0518161509438017,0.0488279672879624,0.0504043659547976,0.0510185677421128,0.0531950842158879
1349_009;51;2,1349,19391_2020_11_12_steadystate_glucose_1345m_2w0p01_00,0.0557597441891309,0.0495654084960829,0.0513635181114356,0.0516502436348052,0.0461317615531828,0.0557015874009704,0.0463838062562826,0.0495060112175213,0.0484484015395553,0.0465474796428195,0.0473588725675418,0.0437339843322485,0.0450579592254357,0.0499768249406996,0.0466501185114114,0.0491916113335839,0.0469499181006061,0.0483911987562858,0.0483173462859674,0.0506539674691082,0.0478191697863841,0.0493849607446538,0.0509888676859077,0.0548520686929329,0.0481036102604254,0.0532165369630349,0.0523152520216459,0.0542443112331375,0.0486517283885843,0.0509396513915547,0.0488032727106576,0.0518711025435118,0.0496028428989814,0.0488395137679171,0.0543483990119208,0.0579634930789621,0.0553893537539827,0.0583900311162608,0.0530869650517411,0.0518676269213178,0.0509091176855442,0.059031071251817,0.0596452714833423,0.054184480954538,0.0535107819035245,0.0553196682310304,0.0511780066856802,0.0516043711402341,0.0539755950575165,0.0502842392780887,0.0515612649295407,0.0516595712263491,0.0514512033701116,0.0485698470570339,0.0531312712480731,0.0511220763866209,0.0535071462555055,0.0510882130944946,0.0561586181485298,0.0506770419366764,0.0537005602667652,0.051636302172173,0.0585925011837698,0.0550218975040128,0.0530187408466191,0.0498114870898645,0.0506415270074614,0.0481761557880454,0.0530578927780351
1349_009;57;2,1349,19391_2020_11_12_steadystate_glucose_1345m_2w0p01_00,0.0583600463707034,0.0575707819396876,0.0573443219045724,0.0563514383951424,0.0594528046163825,0.0620229765687321,0.0600550570851179,0.0542845904950674,0.057291499919917,0.0554614976684992,0.0593186153121227,0.0549977933248288,0.0562068748141214,0.0553428097365252,0.0537498672674626,0.062839300897087,0.0586567009870617,0.0573484723236549,0.0547904572138934,0.0606881997343272,0.0583849415486623,0.06413367167305,0.0540035299945114,0.0621175371355966,0.0645939001133474,0.0581921655595614,0.057168040017222,0.0590842470114216,0.0571101088745744,0.0601880228864904,0.0567203259874409,0.0558588138259017,0.0584969017814273,0.060575963989642,0.0594849521339863,0.0561894463944909,0.0587630207723005,0.0593695492640649,0.0568554239000781,0.0599246273455105,0.0603503382109424,0.0613533782297961,0.0530760474652283,0.0607226372375527,0.0603797892624797,0.0585932347496147,0.0594688642386536,0.0575308556520078,0.0570150559733942,0.0529963072181033,0.0585784152983187,0.0594545134846926,0.0585183785449305,0.0548218009107387,0.0590771169841081,0.0564217030873849,0.0538257678445232,0.051743908126565,0.0575490753122157,0.0550565658354378,0.0546086462230217,0.0563255598604574,0.0532519450560796,0.0564540480845993,0.0703213558353904,0.0675142712106307,0.0569321474187764,0.0530761300315195,0.0522258191031711
1349_009;5;1,1349,19391_2020_11_12_steadystate_glucose_1345m_2w0p01_00,0.0464568719559684,0.0473263372067845,0.0477571331920087,0.052112264937722,0.0541863617344297,0.0482617243587763,0.0460024743052198,0.0484331247713187,0.0489775776462259,0.0491678020682402,0.052989372901231,0.0521900030782023,0.0466733377814441,0.0474709518602118,0.0477930043457393,0.0493360192885691,0.048317416299591,0.0487908089093768,0.0474170807988527,0.0501287858038067,0.0496106927276122,0.0512999758914074,0.0490512427224304,0.053270005527147,0.0485160991686192,0.049926881172931,0.0530202120882702,0.0523351006548102,0.0512811338785069,0.0489624391029633,0.0488180673638154,0.0487112419083888,0.0485360229618111,0.0470029170017363,0.0494249577324911,0.0487003570749848,0.054619381841798,0.0488651822579833,0.0463250497540938,0.0502039190004772,0.0491390129529793,0.0517804559134904,0.0518758069703625,0.0444790959091904,0.044765697101879,0.0497755970999055,0.0462455198796236,0.046356604240862,0.0475376615951002,0.0464245135874927,0.044954754409379,0.0479020718135243,0.0526492439075561,0.0470569349637397,0.0469719019418052,0.0463492455841385,0.0470471444044288,0.0435689191593888,0.0488728673522142,0.0453265360422303,0.0462617882318087,0.0473358321850211,0.0474873617880091,0.0451454136974183,0.049200063260827,0.0500674389199217,0.0474005653030454,0.0472934943203662,0.0525964651051407
1349_009;62;3,1349,19391_2020_11_12_steadystate_glucose_1345m_2w0p01_00,0.050238749008738,0.050810268867428,0.0500116608075834,0.0490039203896159,0.0513111662118785,0.052030390293368,0.0490719563086885,0.0530670352554896,0.0494989043664775,0.0492440585785004,0.0535130269306813,0.0499038144732358,0.0501212281912135,0.0507399298002947,0.0515477796240897,0.0508689443313078,0.050745200903006,0.0518503144685408,0.0513188458310979,0.0524789989034146,0.0512534990556149,0.0506342367260354,0.0503000183609679,0.0466851690525828,0.0503673579642541,0.0521612127504765,0.0514602288099243,0.0513066562473597,0.0503812851569217,0.0507472640738548,0.0480427734905536,0.0534150743383064,0.047201343556064,0.0497765219145198,0.0507684491218009,0.0485414448923498,0.049027491048107,0.0479316778871768,0.0529153627943873,0.0472192788836824,0.0498207681249487,0.0502597230418199,0.0474296717215159,0.0505945024986478,0.0512845123720858,0.0488159725304498,0.0482700498619072,0.0463386627884416,0.0484925402497209,0.0552995149154222,0.0487574452210401,0.0481908458273994,0.0476902081853062,0.0479169095924726,0.0464431584516467,0.0463636003476535,0.049740795357807,0.0482676326084657,0.0470560999089232,0.0471947886434311,0.0495537914372569,0.0475591386446846,0.0467590627504615,0.0493147730722836,0.049282433327776,0.0501439383872264,0.0448106338221823,0.050114892295321,0.0480238885758887
1349_009;63;1,1349,19391_2020_11_12_steadystate_glucose_1345m_2w0p01_00,0.0532143282643558,0.0670115392303889,0.0543509244356124,0.054316325075947,0.0518943107179149,0.0539930244009969,0.0533420880917254,0.0532941704210986,0.0505114115999596,0.0512397646190004,0.0545101863558491,0.0518078810527216,0.0520629528464411,0.0552012144226596,0.053928621267301,0.0515359060451255,0.0538570770620648,0.0540349898478267,0.0559384124514399,0.0538006169236291,0.0546758687030082,0.0543130533370086,0.052782595803625,0.0540877902730111,0.0533227030095534,0.0573974980283361,0.0568554855772233,0.0531707043029807,0.0562135292631121,0.0568534654952936,0.0588400976599927,0.0573024227888241,0.0576020552436949,0.0574625475737693,0.0566981072308418,0.0555476522491515,0.0547133349997523,0.0555053248063602,0.0533382103771104,0.0556074284184046,0.0566078472075084,0.0588326216791284,0.0565182146388665,0.0555184359747729,0.0536191241105429,0.0584782518020769,0.0556577186536853,0.0554064073652777,0.056188219201292,0.0549416237429726,0.055111537364894,0.0551568502728105,0.0565255653123408,0.0557300523838655,0.0539461607300015,0.0568453193405703,0.0528484859489414,0.0544228959697405,0.0550191229915155,0.0568077273214571,0.0596167298786267,0.0589742751642063,0.0576817352551115,0.0576231425520532,0.0598386075578682,0.0575086666188129,0.0578033003599434,0.0599815438482523,0.0638244081844967
1349_009;64;1,1349,19391_2020_11_12_steadystate_glucose_1345m_2w0p01_00,0.0561078793382858,0.0530786129503837,0.0534675433539048,0.0635344523466712,0.0582359087347868,0.0520553141743412,0.0625182637926908,0.0558835995311187,0.0500029523980826,0.0532875406895635,0.0516698847472037,0.0562878637765965,0.0520881310139459,0.0558378200230466,0.0536375994438734,0.0511340726465431,0.0537448996310609,0.0537067784362917,0.055892806292641,0.0528445940910749,0.0509565758035621,0.0564621054491601,0.0519751622779258,0.0531863743357155,0.0555761381103736,0.0534604258237204,0.052569693165274,0.0542877517137325,0.0523818171964402,0.0510541779474836,0.0497452185284571,0.04998890383798,0.0493716062580608,0.0492137299451453,0.0484654015877227,0.0485600975770881,0.0506245360906165,0.050995659369197,0.0477902128037453,0.0498824150974804,0.0508705166608742,0.0503256919592161,0.0463176179932821,0.0496205506760459,0.0494859627535113,0.0492165222122626,0.0490367758410692,0.0488297646093255,0.0501610759920982,0.0498941920506311,0.0507845197037067,0.0491745882608063,0.050178294503302,0.0496271585058034,0.0521064615440417,0.0522914820881193,0.0516741730653933,0.0516755435515078,0.0510891709706344,0.0528577943599919,0.0508713001866527,0.0523657838055018,0.0506376858317179,0.0504210302725363,0.0547435120718322,0.0532738662167669,0.0489096993843505,0.05291801068045,0.0494855181503522
1349_009;69;1,1349,19391_2020_11_12_steadystate_glucose_1345m_2w0p01_00,0.0537174075328162,0.0535092921626874,0.0557460461146303,0.0549243007261035,0.0571027084132962,0.0567385113338259,0.0541243586740097,0.0550550590156378,0.054713674026902,0.05804210581568,0.0559639217716955,0.0533898954057461,0.0539922022331626,0.0592287000753785,0.0565616326264864,0.057089302202823,0.0566176820901215,0.0549066874406988,0.0544180017357945,0.0578600479398941,0.0610694685190644,0.0560312427102365,0.0588212034071941,0.0585859703427774,0.0612698548250721,0.060325224306711,0.0577111739148941,0.056492692084962,0.0573386681676463,0.0590480484227338,0.0563126319291566,0.0530567945338938,0.0580180424044629,0.0547906351626659,0.0563320588234448,0.054446882933796,0.053522867350248,0.0567621878594903,0.0526005051305623,0.0532236506269566,0.0518588556668402,0.0536113608008652,0.0526701173562208,0.0562452409996888,0.0568296317816464,0.0546323736699981,0.0535359684205591,0.0589999545795579,0.0549892481385313,0.0582229093044002,0.0562690632818431,0.0558061715247794,0.0540830617726509,0.0625077076124754,0.0584761437695352,0.0616477461081649,0.0574622318426794,0.0557846569619767,0.0652807673030517,0.0588280490209254,0.0589644361146829,0.0568635640272512,0.0589064071161785,0.0571705194533941,0.0592113308891141,0.0566039636402912,0.0608228722019033,0.0632902629831062,0.0554308647720633
1349_009;6;2,1349,19391_2020_11_12_steadystate_glucose_1345m_2w0p01_00,0.0497560037961215,0.0512984494977821,0.052109011391185,0.0467253053531503,0.0561815264300218,0.0598749534724166,0.0540866189654227,0.0557422640183987,0.0587706108654629,0.05756769480855,0.0627437712399186,0.0579926489802202,0.0574954030713256,0.0659413574736344,0.0515641425511419,0.053099605720277,0.0542728127688362,0.0474174776204047,0.0535379235595666,0.0508118326895146,0.0497085879515095,0.0531491416298666,0.0488500648686232,0.0506496041456491,0.0505226157943967,0.0513681454871507,0.0486625612022603,0.054845245398713,0.0495108476002204,0.0514628101966215,0.0547623265970907,0.0490249035040177,0.0502006198576932,0.0492958208838861,0.0471387762145915,0.0508200991677091,0.0485787540796418,0.0516770475977905,0.04990973341099,0.0524580208068944,0.0520444857221488,0.04855419827777,0.0521180981617966,0.0500617517766483,0.0510430329067154,0.0505213886829109,0.0515721571520867,0.0527389874735994,0.0506954104712849,0.0515960228444333,0.0510006315547397,0.052393198921641,0.0495416837816114,0.0520386149956373,0.0514271937975797,0.0521617833146749,0.0514209666469734,0.0511765881582672,0.0494051178890004,0.0492530312624048,0.050634196293209,0.050208594391446,0.0484892250514121,0.0498303672700988,0.0504918711886968,0.0528645266239795,0.0449228464576531,0.0520357400353026,0.0464173392158973
1349_009;73;1,1349,19391_2020_11_12_steadystate_glucose_1345m_2w0p01_00,0.0601749370868359,0.0546718805714938,0.0647963213874563,0.0590301978958463,0.0571825192501995,0.0609954311183429,0.0573397971291444,0.0672130138395881,0.062291728131771,0.0542970257884138,0.0659217772261922,0.0512897883360338,0.0563301670707573,0.051402332610598,0.0566617951541175,0.0557373889782709,0.0554388592358869,0.0520023533224744,0.055618629412232,0.0527854583733353,0.0526943945958868,0.0537073719111936,0.0501901048848759,0.0544427720383942,0.0528214376394423,0.0553753014898546,0.0515227977630409,0.0539335920810676,0.0524308179981829,0.0545378257039739,0.0518877008507406,0.0503696648878728,0.0537838604401831,0.0550941852783135,0.0568063486697752,0.0536355827860176,0.0529960901208563,0.0522274320579436,0.0533122692678662,0.0563048116370119,0.056725137325259,0.0553130808833745,0.0529158994201733,0.0523757445482178,0.0582807772450016,0.0539996960953485,0.0619576825263375,0.0541066816736973,0.0550178100834537,0.0555473567357739,0.0548813769333772,0.0563325604282249,0.0544462835144569,0.0564913684746933,0.0525279710125855,0.0545175645810474,0.0591488048755009,0.05608236852172,0.0542643556335998,0.0560449092882025,0.0535483121655509,0.0545959432310842,0.0518543756199013,0.0565516101725549,0.0587261998315141,0.0559229321831789,0.0496289247788086,0.0552583030878092,0.0523147124187284
1349_009;74;3,1349,19391_2020_11_12_steadystate_glucose_1345m_2w0p01_00,0.0525364275155723,0.0513334211499113,0.0530973915548337,0.0485804635012581,0.051407985980704,0.0556649350943419,0.0510396865241338,0.0519063134058021,0.0511089884127294,0.0523282577697074,0.0549748686827141,0.0531772504785374,0.0473478194127962,0.0491137514435686,0.0485523549551969,0.0415283128810366,0.043131725186052,0.0444823578285214,0.0436049555686444,0.0453368058508962,0.0422570613450795,0.0432771474358359,0.0446108274966934,0.0467794707920924,0.0585716198246302,0.0476078653137322,0.0466570642367161,0.0471272775250722,0.0478482684753267,0.0462731019107597,0.0466630669556428,0.0455106152596595,0.0471177895318041,0.0467852273400614,0.0463693757022554,0.048322044832403,0.0470808441342751,0.0481508385175126,0.0452579046926108,0.046138294159929,0.0464998715652007,0.0523204678322875,0.0438487844683787,0.0487734821677688,0.0460008828818876,0.0465689844487422,0.0480893129497727,0.0436333527847906,0.0472279225324717,0.0474127353515142,0.0474632532036981,0.0473197640330802,0.0448079045674386,0.0477569091423809,0.0482378159822508,0.0453759265100355,0.0440582148584735,0.0456593951863288,0.0434823834967316,0.0413667553884241,0.0464389134345007,0.0420291607501052,0.0446024163175931,0.0450691662740695,0.0446171972498741,0.0412855205564581,0.0480493121905359,0.0436581158550024,0.0428298131736511
1349_009;78;3,1349,19391_2020_11_12_steadystate_glucose_1345m_2w0p01_00,0.056423409150534,0.0565427374658,0.052031672344707,0.0539627138433337,0.05510847118111,0.0592021485962365,0.0566544315929163,0.0604394369502212,0.0555378027166722,0.0663622385961206,0.0655989147755916,0.0508322878410084,0.0481044686565699,0.0510717989154504,0.0488966579111809,0.0487218878151545,0.0510330242886428,0.052970460699564,0.0523139502391936,0.0536195039081026,0.0529033049770956,0.0513354737545268,0.0517823456609765,0.051476795643908,0.0534632746984807,0.0530279979534884,0.0519368194081128,0.0545561735075105,0.052434771774644,0.0527005397291783,0.0515737010507006,0.0533123160878417,0.0514891279573168,0.0541435294219605,0.0537910325113716,0.0507359766141106,0.0526065779868707,0.0550921357264241,0.0544043180058983,0.0583441708263664,0.052732282051603,0.0538572966555835,0.052662293192068,0.0533975688315063,0.0532211706698363,0.0561613983844469,0.0557781935133668,0.0592071302675736,0.0545320582911774,0.0599581953620282,0.0589026443661807,0.0545369164611265,0.0600129263087462,0.0569917917066554,0.0542822420646421,0.0600467404319244,0.056094596554044,0.0584217482255718,0.0577239777899,0.0586653392373493,0.056026160020624,0.0557306235312159,0.0542250777070078,0.0586065248924484,0.0525272347747873,0.0546075760698501,0.0551818468538997,0.0571939178409375,0.0679937102591859
1349_009;79;1,1349,19391_2020_11_12_steadystate_glucose_1345m_2w0p01_00,0.0544896738510122,0.0523138844451913,0.0571313678009404,0.0536727532322028,0.0601130068069131,0.0594909812553336,0.0535378720642209,0.0502002324009234,0.0556656188777231,0.0628630607539741,0.0560785005450986,0.0526509792184874,0.0502109668066386,0.051571585088004,0.0522959422975715,0.049633990439025,0.0550705492854204,0.0476224862061508,0.051679864472042,0.0541902935048864,0.0523669748595646,0.0500256876501688,0.0492435526937201,0.0447418351065064,0.0501209740102027,0.0447646269463333,0.0484590869315979,0.0526213138449785,0.0539582324772767,0.0609623208709758,0.0573175940723904,0.0474741212757662,0.0449432049723283,0.0462988371067311,0.0456478576495796,0.0477043561334777,0.0455157276664604,0.0443709594303623,0.0453112071938212,0.0481439464890623,0.0472526515368152,0.046359961211119,0.0467385190113054,0.0460724221843322,0.0478750542786507,0.0473598695200762,0.0491677417700091,0.0484751585978652,0.045161754991913,0.0477284632866479,0.0458763694592353,0.0495490016742411,0.0482981585099252,0.0488746002608306,0.048267474454436,0.0486317314865893,0.0509105836001602,0.051799768558689,0.0491378449959099,0.0537931520403263,0.0516832322934814,0.052032819077509,0.0501141351301357,0.0508097929745176,0.0510026632902531,0.0534286703891142,0.0536061896642291,0.0533412582618615,0.0483676040302515
1349_009;85;1,1349,19391_2020_11_12_steadystate_glucose_1345m_2w0p01_00,0.0603030716427313,0.0543804283849121,0.0598492996462238,0.0563227949724967,0.0611510864923818,0.062385178274214,0.0601892384455503,0.0610924873430499,0.0577706380167534,0.0613924344412693,0.0584909648518159,0.0595742328563791,0.055563714886901,0.0576664550149901,0.0536714987198047,0.0545298877214243,0.0566206535993145,0.0576986341505841,0.0534751879740007,0.0553715127362535,0.0558620267562339,0.0543891654974934,0.0546215569294658,0.0556528015973015,0.0560789289444422,0.0525823652593462,0.0531079806046623,0.0557762489298889,0.0575510029063796,0.0552373265664658,0.0543246530627799,0.0555069066931817,0.0564925083969381,0.0567091324962368,0.0556846234164962,0.0551060710286397,0.0576830436379746,0.0594780289057817,0.0525884279769648,0.0554189251893066,0.0537279614767777,0.0519031904644683,0.0545855353347448,0.0512874951478441,0.0552607284050917,0.057036396322632,0.0552959690401142,0.0512760752173056,0.0535383217241572,0.0549169149185036,0.0512767926264746,0.0509867977150885,0.0557603651317133,0.0529514744648094,0.0542351914590498,0.0506709761227736,0.0475393683716569,0.0487993904311465,0.049916267337887,0.0524647694407466,0.0494588029042371,0.0516327679288807,0.0501382771949286,0.0506692499432264,0.0520626552089567,0.0497873951948413,0.0507909232405745,0.050676854133971,0.0516563907564891
1349_009;89;4,1349,19391_2020_11_12_steadystate_glucose_1345m_2w0p01_00,0.0557356312593084,0.0533881279871281,0.0549252320906854,0.0538254280228784,0.0597079886477059,0.0556820082666673,0.0545649602464068,0.0580078034359031,0.0530658016636637,0.0508144881916262,0.0545581167818773,0.0531374484901904,0.0537258348850687,0.057923579974528,0.0536705771759259,0.0532610189365809,0.0516512131811111,0.0522920386902124,0.0554021937374545,0.060854631469634,0.0579306641908507,0.0547677650804116,0.0537976827286925,0.0563567267198926,0.057896598197875,0.0563883926602477,0.0613749632198734,0.0577125556289454,0.0560706899060995,0.0559367663991417,0.0537715376904362,0.05669111012323,0.0529777769720082,0.0515180501475459,0.0535298838173586,0.061305507159132,0.0557737309813535,0.0527407847329405,0.0553587939573351,0.0520773229929557,0.0589906970181153,0.0547716713781526,0.0588851910609746,0.0710877857280379,0.0526685044116738,0.0532586975084673,0.0539686037138849,0.052460977779927,0.0537711528789549,0.0520698331144422,0.0520211827337817,0.0539750846380642,0.0565507243766334,0.0502551884584663,0.0593543038960438,0.0485709545348149,0.049159112358393,0.0538298885671061,0.0519429778630952,0.0499007894689546,0.0543574597017998,0.05213823470052648,0.0531278143328961,0.0566984081521696,0.0539835144400788,0.0524962793196632,0.0520231325648544,0.0547753265135219,0.0542055533534443
1349_009;99;15,1349,19391_2020_11_12_steadystate_glucose_1345m_2w0p01_00,0.0517574163054384,0.0480796040268198,0.0510124378139315,0.0489703261689057,0.0517104995339804,0.0527784777742604,0.0511033563955416,0.0526414450088666,0.0556461578931547,0.0508010099798033,0.0532205513495823,0.0556245041499515,0.0502811134215257,0.049811979292619,0.051218382600179,0.05111357488595,0.0530847497490141,0.0551921235699409,0.0542275732700918,0.0517652723488462,0.0505397229649024,0.0522445976931904,0.0527336738013441,0.0518961924427352,0.0524075275774074,0.0534459427010128,0.0511152793353949,0.050314393755841,0.0538635975707972,0.0549252304834439,0.0522260412491572,0.0523511546203455,0.0533224098186192,0.0536151990258273,0.0522286662434063,0.0492136885235613,0.0520722568111798,0.0583330564388996,0.0553050633287553,0.0577308872461358,0.0496937249814253,0.0513777052108001,0.0528626288313907,0.0506516269334356,0.0493636541061213,0.0491022130247834,0.0505010610985437,0.0528487667998176,0.0532452190268663,0.0510728925907299,0.0522198233807958,0.050940855279162,0.0496461561910213,0.0497724955908873,0.0482559501212559,0.0494480500966743,0.0494045830680801,0.0523827511777793,0.0498822699618989,0.0472691011218226,0.0497111754114625,0.0499686388246386,0.0485311323688466,0.049268095910489,0.0487139535962177,0.0519814632117084,0.0491385619683406,0.0524738912966232,0.0517197795598284
1349_009;9;1,1349,19391_2020_11_12_steadystate_glucose_1345m_2w0p01_00,0.0436593163222204,0.0405839675338902,0.044592753107209,0.043296500364158,0.0423484936104476,0.0442254045034176,0.043153117812708,0.0425474626149097,0.0443708209488706,0.0440265607483072,0.0447397917227204,0.0412412680633761,0.0437551197740579,0.0429595407111268,0.044942325102713,0.0437092195395732,0.0461540541837522,0.0472597844224675,0.0461965280923869,0.0406871233726649,0.04512016598526,0.0416197185974259,0.0467467981103816,0.0455933883110231,0.0419240141438444,0.0433425942465967,0.0415640956347423,0.0400335639426349,0.0428450484706015,0.0430768628331361,0.0418013956914205,0.0453860644832047,0.0403817514209115,0.0425955463315422,0.0397393431376265,0.0413137212705165,0.0438408822975335,0.042888946362231,0.0389975727265629,0.0428644308562974,0.042946005564461,0.0409882319689089,0.0434225291447963,0.0432706512489928,0.0417278605041223,0.043671765193351,0.0415265938292715,0.040653719590631,0.0440314846452786,0.0429106478139267,0.0422877732910853,0.043396530605732,0.0402955428809063,0.0422934716736124,0.0423259614114583,0.0416065983864459,0.0423779094233862,0.0423064693555605,0.0423460602381966,0.0444605046399047,0.0437447400649082,0.0424309540451691,0.0434946619931737,0.0416218284009691,0.0424343460291697,0.0422034497671275,0.0439978890215087,0.0421589326351089,0.0444143183064245
