d_model,nhead,num_layers,dropout_rate,learning_rate,batch_size,pooling_strategy,use_conv1d,use_auxiliary,gradient_clip,train_acc,val_acc,test_acc,time
128,4,2,0.1,0.01,64,last,True,False,1.0,0.9359375,0.98125,0.97875,26.742151737213135
128,4,2,0.1,0.01,64,last,True,False,5.0,0.85078125,0.928125,0.93125,26.632558345794678
128,4,2,0.1,0.01,64,last,True,True,1.0,0.951953125,0.98125,0.99,27.166704416275024
128,4,2,0.1,0.01,64,last,True,True,5.0,0.82734375,0.9,0.88875,27.388898611068726
128,4,2,0.1,0.01,64,last,False,False,1.0,0.50859375,0.5,0.5,5.6575822830200195
128,4,2,0.1,0.01,64,last,False,False,5.0,0.496484375,0.4890625,0.49625,6.246528148651123
128,4,2,0.1,0.01,64,last,False,True,1.0,0.497265625,0.528125,0.52,6.259647846221924
128,4,2,0.1,0.01,64,last,False,True,5.0,0.51640625,0.546875,0.5325,12.916115045547485
128,4,2,0.1,0.01,64,mean,True,False,1.0,0.980078125,0.9828125,0.985,19.456117630004883
128,4,2,0.1,0.01,64,mean,True,False,5.0,0.980859375,0.9828125,0.9875,22.899519681930542
128,4,2,0.1,0.01,64,mean,True,True,1.0,0.968359375,0.984375,0.9875,27.816254138946533
128,4,2,0.1,0.01,64,mean,True,True,5.0,0.974609375,0.96875,0.97625,26.887491941452026
128,4,2,0.1,0.01,64,mean,False,False,1.0,0.6421875,0.640625,0.67375,22.06829833984375
128,4,2,0.1,0.01,64,mean,False,False,5.0,0.502734375,0.5015625,0.5225,14.917773723602295
128,4,2,0.1,0.01,64,mean,False,True,1.0,0.5125,0.521875,0.5425,6.310863494873047
128,4,2,0.1,0.01,64,mean,False,True,5.0,0.537890625,0.5328125,0.55375,9.062207221984863
128,4,2,0.1,0.01,64,learnable,True,False,1.0,0.50078125,0.5125,0.525,6.612094402313232
128,4,2,0.1,0.01,64,learnable,True,False,5.0,0.514453125,0.5,0.5,9.425358533859253
128,4,2,0.1,0.01,64,learnable,True,True,1.0,0.4984375,0.5,0.5,8.322409868240356
128,4,2,0.1,0.01,64,learnable,True,True,5.0,0.502734375,0.4984375,0.495,6.117738485336304
128,4,2,0.1,0.01,64,learnable,False,False,1.0,0.509375,0.5,0.5,6.751873731613159
128,4,2,0.1,0.01,64,learnable,False,False,5.0,0.4875,0.5,0.5,8.29724669456482
128,4,2,0.1,0.01,64,learnable,False,True,1.0,0.5,0.5,0.5,7.915160894393921
128,4,2,0.1,0.01,64,learnable,False,True,5.0,0.499609375,0.5,0.5,5.790756464004517
128,4,2,0.1,0.01,128,last,True,False,1.0,0.913671875,0.9453125,0.9625,25.26007628440857
128,4,2,0.1,0.01,128,last,True,False,5.0,0.701171875,0.7421875,0.7375,25.290323972702026
128,4,2,0.1,0.01,128,last,True,True,1.0,0.570703125,0.6390625,0.61125,10.268419742584229
128,4,2,0.1,0.01,128,last,True,True,5.0,0.623828125,0.6765625,0.6725,23.891130447387695
128,4,2,0.1,0.01,128,last,False,False,1.0,0.498828125,0.5265625,0.51375,5.838719844818115
128,4,2,0.1,0.01,128,last,False,False,5.0,0.5015625,0.515625,0.49875,8.808116912841797
128,4,2,0.1,0.01,128,last,False,True,1.0,0.526171875,0.5375,0.53625,11.327006816864014
128,4,2,0.1,0.01,128,last,False,True,5.0,0.521875,0.525,0.4975,6.939015865325928
128,4,2,0.1,0.01,128,mean,True,False,1.0,0.95078125,0.9703125,0.9725,25.361356019973755
128,4,2,0.1,0.01,128,mean,True,False,5.0,0.941796875,0.96875,0.97875,26.914377212524414
128,4,2,0.1,0.01,128,mean,True,True,1.0,0.925390625,0.946875,0.935,29.37952160835266
128,4,2,0.1,0.01,128,mean,True,True,5.0,0.913671875,0.928125,0.95625,29.126331567764282
128,4,2,0.1,0.01,128,mean,False,False,1.0,0.5140625,0.5265625,0.5275,10.717984676361084
128,4,2,0.1,0.01,128,mean,False,False,5.0,0.5125,0.4890625,0.47875,6.409835338592529
128,4,2,0.1,0.01,128,mean,False,True,1.0,0.667578125,0.6921875,0.66875,26.752451419830322
128,4,2,0.1,0.01,128,mean,False,True,5.0,0.587890625,0.5484375,0.58,24.579752206802368
128,4,2,0.1,0.01,128,learnable,True,False,1.0,0.51328125,0.5015625,0.50625,7.054071426391602
128,4,2,0.1,0.01,128,learnable,True,False,5.0,0.50703125,0.5,0.5,8.515806198120117
128,4,2,0.1,0.01,128,learnable,True,True,1.0,0.505859375,0.5,0.5,14.221252202987671
128,4,2,0.1,0.01,128,learnable,True,True,5.0,0.49609375,0.4953125,0.485,9.170775175094604
128,4,2,0.1,0.01,128,learnable,False,False,1.0,0.494921875,0.5,0.5,8.706342935562134
128,4,2,0.1,0.01,128,learnable,False,False,5.0,0.502734375,0.5,0.5,8.041606903076172
128,4,2,0.1,0.01,128,learnable,False,True,1.0,0.475,0.478125,0.5025,11.554221391677856
128,4,2,0.1,0.01,128,learnable,False,True,5.0,0.496875,0.5,0.5,11.892309665679932
128,4,2,0.1,0.001,64,last,True,False,1.0,0.544921875,0.60625,0.5925,32.25000834465027
128,4,2,0.1,0.001,64,last,True,False,5.0,0.52265625,0.5765625,0.5575,18.634777069091797
128,4,2,0.1,0.001,64,last,True,True,1.0,0.512109375,0.525,0.51,9.893215656280518
128,4,2,0.1,0.001,64,last,True,True,5.0,0.534765625,0.5890625,0.55875,21.932049989700317
128,4,2,0.1,0.001,64,last,False,False,1.0,0.491015625,0.53125,0.51375,8.250253915786743
128,4,2,0.1,0.001,64,last,False,False,5.0,0.5234375,0.5140625,0.50625,10.91998815536499
128,4,2,0.1,0.001,64,last,False,True,1.0,0.49296875,0.525,0.51625,6.816009759902954
128,4,2,0.1,0.001,64,last,False,True,5.0,0.495703125,0.5171875,0.505,12.022090196609497
128,4,2,0.1,0.001,64,mean,True,False,1.0,0.680859375,0.7234375,0.72875,27.282907724380493
128,4,2,0.1,0.001,64,mean,True,False,5.0,0.6359375,0.684375,0.66625,27.237759828567505
128,4,2,0.1,0.001,64,mean,True,True,1.0,0.6640625,0.6734375,0.6825,25.082951307296753
128,4,2,0.1,0.001,64,mean,True,True,5.0,0.647265625,0.6859375,0.71625,21.179662942886353
128,4,2,0.1,0.001,64,mean,False,False,1.0,0.51953125,0.5265625,0.5275,10.350442886352539
128,4,2,0.1,0.001,64,mean,False,False,5.0,0.512109375,0.5296875,0.53625,15.008026599884033
128,4,2,0.1,0.001,64,mean,False,True,1.0,0.500390625,0.496875,0.51125,7.368803024291992
128,4,2,0.1,0.001,64,mean,False,True,5.0,0.536328125,0.5703125,0.59,15.221482038497925
128,4,2,0.1,0.001,64,learnable,True,False,1.0,0.516015625,0.596875,0.56625,23.125410318374634
128,4,2,0.1,0.001,64,learnable,True,False,5.0,0.527734375,0.521875,0.49125,7.327812194824219
128,4,2,0.1,0.001,64,learnable,True,True,1.0,0.490234375,0.51875,0.50125,9.589762687683105
128,4,2,0.1,0.001,64,learnable,True,True,5.0,0.52734375,0.53125,0.55,12.929908275604248
128,4,2,0.1,0.001,64,learnable,False,False,1.0,0.513671875,0.509375,0.51375,9.407549619674683
128,4,2,0.1,0.001,64,learnable,False,False,5.0,0.500390625,0.515625,0.5075,5.7511396408081055
128,4,2,0.1,0.001,64,learnable,False,True,1.0,0.512109375,0.5046875,0.51625,9.006241798400879
128,4,2,0.1,0.001,64,learnable,False,True,5.0,0.493359375,0.4609375,0.49625,13.191280603408813
128,4,2,0.1,0.001,128,last,True,False,1.0,0.558203125,0.559375,0.5875,15.748120069503784
128,4,2,0.1,0.001,128,last,True,False,5.0,0.51640625,0.5421875,0.53,9.198901891708374
128,4,2,0.1,0.001,128,last,True,True,1.0,0.513671875,0.55625,0.53,13.947808504104614
128,4,2,0.1,0.001,128,last,True,True,5.0,0.52890625,0.54375,0.5275,7.768655061721802
128,4,2,0.1,0.001,128,last,False,False,1.0,0.50078125,0.496875,0.5,8.82788896560669
128,4,2,0.1,0.001,128,last,False,False,5.0,0.50390625,0.534375,0.52875,8.36145830154419
128,4,2,0.1,0.001,128,last,False,True,1.0,0.5109375,0.5125,0.50375,10.828696489334106
128,4,2,0.1,0.001,128,last,False,True,5.0,0.520703125,0.4796875,0.48125,7.920434951782227
128,4,2,0.1,0.001,128,mean,True,False,1.0,0.678515625,0.7375,0.6925,21.476644039154053
128,4,2,0.1,0.001,128,mean,True,False,5.0,0.591796875,0.6109375,0.6475,15.362191438674927
128,4,2,0.1,0.001,128,mean,True,True,1.0,0.591015625,0.634375,0.6525,16.075078010559082
128,4,2,0.1,0.001,128,mean,True,True,5.0,0.636328125,0.684375,0.68,24.484198570251465
128,4,2,0.1,0.001,128,mean,False,False,1.0,0.5140625,0.46875,0.49125,9.340693473815918
128,4,2,0.1,0.001,128,mean,False,False,5.0,0.525390625,0.490625,0.50625,18.278459310531616
128,4,2,0.1,0.001,128,mean,False,True,1.0,0.49921875,0.515625,0.52375,8.454837083816528
128,4,2,0.1,0.001,128,mean,False,True,5.0,0.5234375,0.596875,0.59875,25.06035804748535
128,4,2,0.1,0.001,128,learnable,True,False,1.0,0.495703125,0.50625,0.515,7.779414176940918
128,4,2,0.1,0.001,128,learnable,True,False,5.0,0.52265625,0.490625,0.5075,17.112839221954346
128,4,2,0.1,0.001,128,learnable,True,True,1.0,0.519140625,0.565625,0.53625,15.13591742515564
128,4,2,0.1,0.001,128,learnable,True,True,5.0,0.529296875,0.528125,0.52625,14.525074005126953
128,4,2,0.1,0.001,128,learnable,False,False,1.0,0.500390625,0.4734375,0.51875,6.949732065200806
128,4,2,0.1,0.001,128,learnable,False,False,5.0,0.4796875,0.471875,0.485,7.977360248565674
128,4,2,0.1,0.001,128,learnable,False,True,1.0,0.490625,0.5109375,0.49875,7.994648218154907
128,4,2,0.1,0.001,128,learnable,False,True,5.0,0.504296875,0.4765625,0.46875,14.044028282165527
128,4,2,0.01,0.01,64,last,True,False,1.0,0.996484375,0.978125,0.985,13.076689004898071
128,4,2,0.01,0.01,64,last,True,False,5.0,0.997265625,0.9859375,0.99375,15.902562141418457
128,4,2,0.01,0.01,64,last,True,True,1.0,0.998828125,0.9890625,0.9875,17.266793251037598
128,4,2,0.01,0.01,64,last,True,True,5.0,0.998828125,0.9828125,0.98625,16.549886226654053
128,4,2,0.01,0.01,64,last,False,False,1.0,0.53359375,0.534375,0.5225,6.77497935295105
128,4,2,0.01,0.01,64,last,False,False,5.0,0.523828125,0.5546875,0.54,6.262617349624634
128,4,2,0.01,0.01,64,last,False,True,1.0,0.99453125,0.9796875,0.985,21.573176860809326
128,4,2,0.01,0.01,64,last,False,True,5.0,0.995703125,0.9796875,0.985,23.083714962005615
128,4,2,0.01,0.01,64,mean,True,False,1.0,0.998828125,0.9859375,0.98625,19.26576280593872
128,4,2,0.01,0.01,64,mean,True,False,5.0,1.0,0.9859375,0.99375,14.861892223358154
128,4,2,0.01,0.01,64,mean,True,True,1.0,1.0,0.9796875,0.98625,16.23611092567444
128,4,2,0.01,0.01,64,mean,True,True,5.0,0.99921875,0.984375,0.985,16.12336802482605
128,4,2,0.01,0.01,64,mean,False,False,1.0,0.91328125,0.915625,0.93,25.98602032661438
128,4,2,0.01,0.01,64,mean,False,False,5.0,0.9953125,0.9859375,0.98125,20.918086528778076
128,4,2,0.01,0.01,64,mean,False,True,1.0,0.995703125,0.9828125,0.98625,25.454070806503296
128,4,2,0.01,0.01,64,mean,False,True,5.0,0.99765625,0.9859375,0.985,21.04417371749878
128,4,2,0.01,0.01,64,learnable,True,False,1.0,0.48828125,0.5,0.5,10.681814670562744
128,4,2,0.01,0.01,64,learnable,True,False,5.0,0.494140625,0.5,0.5,8.804383039474487
128,4,2,0.01,0.01,64,learnable,True,True,1.0,0.562109375,0.5796875,0.5975,14.582293272018433
128,4,2,0.01,0.01,64,learnable,True,True,5.0,0.802734375,0.86875,0.86625,28.14885401725769
128,4,2,0.01,0.01,64,learnable,False,False,1.0,0.49921875,0.5,0.5,9.967931270599365
128,4,2,0.01,0.01,64,learnable,False,False,5.0,0.500390625,0.5,0.5,6.762466192245483
128,4,2,0.01,0.01,64,learnable,False,True,1.0,0.499609375,0.559375,0.5325,13.715698957443237
128,4,2,0.01,0.01,64,learnable,False,True,5.0,0.508984375,0.5125,0.53625,6.388183116912842
128,4,2,0.01,0.01,128,last,True,False,1.0,0.9984375,0.984375,0.98625,23.313539266586304
128,4,2,0.01,0.01,128,last,True,False,5.0,0.995703125,0.984375,0.98875,15.853326559066772
128,4,2,0.01,0.01,128,last,True,True,1.0,0.9984375,0.984375,0.99,20.69855260848999
128,4,2,0.01,0.01,128,last,True,True,5.0,0.99453125,0.984375,0.99125,14.877899885177612
128,4,2,0.01,0.01,128,last,False,False,1.0,0.93359375,0.94375,0.9475,24.62305998802185
128,4,2,0.01,0.01,128,last,False,False,5.0,0.534765625,0.5296875,0.5125,6.428866863250732
128,4,2,0.01,0.01,128,last,False,True,1.0,0.980859375,0.978125,0.98625,24.679530382156372
128,4,2,0.01,0.01,128,last,False,True,5.0,0.886328125,0.890625,0.8975,24.823129415512085
128,4,2,0.01,0.01,128,mean,True,False,1.0,0.999609375,0.9765625,0.9825,16.921199798583984
128,4,2,0.01,0.01,128,mean,True,False,5.0,0.99921875,0.9796875,0.98375,19.25332522392273
128,4,2,0.01,0.01,128,mean,True,True,1.0,0.996875,0.9859375,0.98625,17.956596612930298
128,4,2,0.01,0.01,128,mean,True,True,5.0,0.995703125,0.98125,0.98875,18.718404531478882
128,4,2,0.01,0.01,128,mean,False,False,1.0,0.982421875,0.96875,0.97625,24.909058809280396
128,4,2,0.01,0.01,128,mean,False,False,5.0,0.9390625,0.9296875,0.92875,24.77574396133423
128,4,2,0.01,0.01,128,mean,False,True,1.0,0.9890625,0.98125,0.98875,24.971705675125122
128,4,2,0.01,0.01,128,mean,False,True,5.0,0.983984375,0.9859375,0.99,24.391727447509766
128,4,2,0.01,0.01,128,learnable,True,False,1.0,0.477734375,0.5,0.5,12.454803466796875
128,4,2,0.01,0.01,128,learnable,True,False,5.0,0.50546875,0.5,0.5,9.947510957717896
128,4,2,0.01,0.01,128,learnable,True,True,1.0,0.721484375,0.840625,0.83125,26.108207941055298
128,4,2,0.01,0.01,128,learnable,True,True,5.0,0.605859375,0.625,0.64,12.02638840675354
128,4,2,0.01,0.01,128,learnable,False,False,1.0,0.499609375,0.5,0.5,14.922046661376953
128,4,2,0.01,0.01,128,learnable,False,False,5.0,0.50703125,0.503125,0.48625,5.512441873550415
128,4,2,0.01,0.01,128,learnable,False,True,1.0,0.48671875,0.5,0.5,6.122183084487915
128,4,2,0.01,0.01,128,learnable,False,True,5.0,0.51875,0.55625,0.5825,13.042644262313843
128,4,2,0.01,0.001,64,last,True,False,1.0,0.83984375,0.8875,0.86,27.5959312915802
128,4,2,0.01,0.001,64,last,True,False,5.0,0.78515625,0.825,0.8,27.440444469451904
128,4,2,0.01,0.001,64,last,True,True,1.0,0.833984375,0.88125,0.8575,27.84530758857727
128,4,2,0.01,0.001,64,last,True,True,5.0,0.78125,0.834375,0.81375,24.468523025512695
128,4,2,0.01,0.001,64,last,False,False,1.0,0.587109375,0.5921875,0.58625,20.963544130325317
128,4,2,0.01,0.001,64,last,False,False,5.0,0.57890625,0.584375,0.58375,16.689667224884033
128,4,2,0.01,0.001,64,last,False,True,1.0,0.631640625,0.6796875,0.6725,24.961320877075195
128,4,2,0.01,0.001,64,last,False,True,5.0,0.553125,0.5828125,0.58,8.997360944747925
128,4,2,0.01,0.001,64,mean,True,False,1.0,0.804296875,0.83125,0.81125,27.535926342010498
128,4,2,0.01,0.001,64,mean,True,False,5.0,0.846484375,0.8796875,0.8675,27.569140434265137
128,4,2,0.01,0.001,64,mean,True,True,1.0,0.825,0.85625,0.865,27.95191740989685
128,4,2,0.01,0.001,64,mean,True,True,5.0,0.82109375,0.815625,0.83375,29.17230248451233
128,4,2,0.01,0.001,64,mean,False,False,1.0,0.687890625,0.6671875,0.66875,20.950730800628662
128,4,2,0.01,0.001,64,mean,False,False,5.0,0.54765625,0.5359375,0.565,6.826798915863037
128,4,2,0.01,0.001,64,mean,False,True,1.0,0.678125,0.6953125,0.69875,23.522358179092407
128,4,2,0.01,0.001,64,mean,False,True,5.0,0.688671875,0.6984375,0.67875,26.34468984603882
128,4,2,0.01,0.001,64,learnable,True,False,1.0,0.640625,0.6953125,0.7425,27.53604555130005
128,4,2,0.01,0.001,64,learnable,True,False,5.0,0.561328125,0.6421875,0.6325,14.475714206695557
128,4,2,0.01,0.001,64,learnable,True,True,1.0,0.638671875,0.7640625,0.73,28.268882513046265
128,4,2,0.01,0.001,64,learnable,True,True,5.0,0.649609375,0.721875,0.72125,27.885459423065186
128,4,2,0.01,0.001,64,learnable,False,False,1.0,0.526953125,0.5296875,0.54375,12.587218761444092
128,4,2,0.01,0.001,64,learnable,False,False,5.0,0.5109375,0.5046875,0.5225,5.781553268432617
128,4,2,0.01,0.001,64,learnable,False,True,1.0,0.53984375,0.590625,0.575,25.006360292434692
128,4,2,0.01,0.001,64,learnable,False,True,5.0,0.5765625,0.6453125,0.66,26.804685354232788
128,4,2,0.01,0.001,128,last,True,False,1.0,0.77578125,0.8671875,0.83,24.491071939468384
128,4,2,0.01,0.001,128,last,True,False,5.0,0.781640625,0.809375,0.8,25.522257804870605
128,4,2,0.01,0.001,128,last,True,True,1.0,0.728515625,0.7921875,0.775,25.83419895172119
128,4,2,0.01,0.001,128,last,True,True,5.0,0.70859375,0.790625,0.7625,25.81469416618347
128,4,2,0.01,0.001,128,last,False,False,1.0,0.54453125,0.5640625,0.5525,11.787946939468384
128,4,2,0.01,0.001,128,last,False,False,5.0,0.583203125,0.6296875,0.61625,19.64708375930786
128,4,2,0.01,0.001,128,last,False,True,1.0,0.5859375,0.646875,0.63125,24.75277352333069
128,4,2,0.01,0.001,128,last,False,True,5.0,0.60078125,0.646875,0.64,22.755255460739136
128,4,2,0.01,0.001,128,mean,True,False,1.0,0.775390625,0.803125,0.805,22.57924771308899
128,4,2,0.01,0.001,128,mean,True,False,5.0,0.72109375,0.7453125,0.76125,25.768818140029907
128,4,2,0.01,0.001,128,mean,True,True,1.0,0.7296875,0.7515625,0.74125,25.877727508544922
128,4,2,0.01,0.001,128,mean,True,True,5.0,0.7265625,0.796875,0.78875,25.930418729782104
128,4,2,0.01,0.001,128,mean,False,False,1.0,0.648828125,0.6703125,0.695,23.675904273986816
128,4,2,0.01,0.001,128,mean,False,False,5.0,0.60546875,0.6546875,0.66125,24.739714860916138
128,4,2,0.01,0.001,128,mean,False,True,1.0,0.6,0.640625,0.6525,23.336795806884766
128,4,2,0.01,0.001,128,mean,False,True,5.0,0.631640625,0.6375,0.6425,22.820066928863525
128,4,2,0.01,0.001,128,learnable,True,False,1.0,0.5828125,0.58125,0.56625,11.244373321533203
128,4,2,0.01,0.001,128,learnable,True,False,5.0,0.71953125,0.8546875,0.8225,26.15548610687256
128,4,2,0.01,0.001,128,learnable,True,True,1.0,0.6046875,0.65625,0.705,26.140986919403076
128,4,2,0.01,0.001,128,learnable,True,True,5.0,0.615625,0.69375,0.685,25.884846448898315
128,4,2,0.01,0.001,128,learnable,False,False,1.0,0.511328125,0.571875,0.54375,8.966591835021973
128,4,2,0.01,0.001,128,learnable,False,False,5.0,0.531640625,0.521875,0.5625,7.990653991699219
128,4,2,0.01,0.001,128,learnable,False,True,1.0,0.526171875,0.59375,0.5925,19.042717695236206
128,4,2,0.01,0.001,128,learnable,False,True,5.0,0.5375,0.60625,0.6025,25.110076665878296
128,4,2,0.001,0.01,64,last,True,False,1.0,1.0,0.9828125,0.9925,14.260216236114502
128,4,2,0.001,0.01,64,last,True,False,5.0,1.0,0.9890625,0.9875,13.248482465744019
128,4,2,0.001,0.01,64,last,True,True,1.0,1.0,0.9828125,0.9875,14.936196565628052
128,4,2,0.001,0.01,64,last,True,True,5.0,1.0,0.9875,0.9875,14.427756547927856
128,4,2,0.001,0.01,64,last,False,False,1.0,0.99921875,0.9875,0.99,22.893497467041016
128,4,2,0.001,0.01,64,last,False,False,5.0,1.0,0.990625,0.98875,18.593297958374023
128,4,2,0.001,0.01,64,last,False,True,1.0,1.0,0.98125,0.9825,19.075970888137817
128,4,2,0.001,0.01,64,last,False,True,5.0,1.0,0.9796875,0.98375,26.83155584335327
128,4,2,0.001,0.01,64,mean,True,False,1.0,0.99921875,0.9796875,0.98875,17.324990272521973
128,4,2,0.001,0.01,64,mean,True,False,5.0,0.999609375,0.984375,0.98625,17.54147243499756
128,4,2,0.001,0.01,64,mean,True,True,1.0,1.0,0.98125,0.985,26.023720741271973
128,4,2,0.001,0.01,64,mean,True,True,5.0,0.99921875,0.9828125,0.99,26.889118194580078
128,4,2,0.001,0.01,64,mean,False,False,1.0,0.99921875,0.9828125,0.9875,25.64148998260498
128,4,2,0.001,0.01,64,mean,False,False,5.0,0.99921875,0.984375,0.99125,31.053924798965454
128,4,2,0.001,0.01,64,mean,False,True,1.0,1.0,0.990625,0.98875,23.46227478981018
128,4,2,0.001,0.01,64,mean,False,True,5.0,1.0,0.9890625,0.9875,22.68090844154358
128,4,2,0.001,0.01,64,learnable,True,False,1.0,0.869140625,0.871875,0.88625,34.18688750267029
128,4,2,0.001,0.01,64,learnable,True,False,5.0,0.586328125,0.515625,0.5175,14.427330255508423
128,4,2,0.001,0.01,64,learnable,True,True,1.0,0.92734375,0.9546875,0.9575,27.81523633003235
128,4,2,0.001,0.01,64,learnable,True,True,5.0,0.941796875,0.965625,0.97125,27.932229042053223
128,4,2,0.001,0.01,64,learnable,False,False,1.0,0.508984375,0.5015625,0.50625,9.4979407787323
128,4,2,0.001,0.01,64,learnable,False,False,5.0,0.502734375,0.5,0.5,7.913341760635376
128,4,2,0.001,0.01,64,learnable,False,True,1.0,0.5296875,0.5125,0.5125,12.096493005752563
128,4,2,0.001,0.01,64,learnable,False,True,5.0,0.78671875,0.8234375,0.78625,28.339107513427734
128,4,2,0.001,0.01,128,last,True,False,1.0,0.998828125,0.9875,0.99375,13.74116563796997
128,4,2,0.001,0.01,128,last,True,False,5.0,0.998828125,0.990625,0.985,15.762690544128418
128,4,2,0.001,0.01,128,last,True,True,1.0,1.0,0.9828125,0.99,18.015934467315674
128,4,2,0.001,0.01,128,last,True,True,5.0,1.0,0.9828125,0.9925,17.09997820854187
128,4,2,0.001,0.01,128,last,False,False,1.0,0.5203125,0.521875,0.51625,5.938695430755615
128,4,2,0.001,0.01,128,last,False,False,5.0,0.9984375,0.990625,0.9875,19.17833113670349
128,4,2,0.001,0.01,128,last,False,True,1.0,0.99921875,0.9828125,0.98375,22.22119688987732
128,4,2,0.001,0.01,128,last,False,True,5.0,0.994140625,0.9796875,0.98625,23.700141668319702
128,4,2,0.001,0.01,128,mean,True,False,1.0,1.0,0.98125,0.98625,18.484514236450195
128,4,2,0.001,0.01,128,mean,True,False,5.0,1.0,0.9890625,0.98625,16.490484952926636
128,4,2,0.001,0.01,128,mean,True,True,1.0,0.99765625,0.978125,0.98625,19.214465141296387
128,4,2,0.001,0.01,128,mean,True,True,5.0,0.998046875,0.9796875,0.99,17.077799081802368
128,4,2,0.001,0.01,128,mean,False,False,1.0,0.998046875,0.984375,0.98625,21.150234937667847
128,4,2,0.001,0.01,128,mean,False,False,5.0,0.999609375,0.9859375,0.9875,17.78184485435486
128,4,2,0.001,0.01,128,mean,False,True,1.0,0.99609375,0.984375,0.9875,24.74610710144043
128,4,2,0.001,0.01,128,mean,False,True,5.0,0.990234375,0.98125,0.98375,23.793107986450195
128,4,2,0.001,0.01,128,learnable,True,False,1.0,0.6875,0.625,0.6125,19.080368280410767
128,4,2,0.001,0.01,128,learnable,True,False,5.0,0.590625,0.521875,0.5225,13.417864322662354
128,4,2,0.001,0.01,128,learnable,True,True,1.0,0.5609375,0.6578125,0.64125,16.009057760238647
128,4,2,0.001,0.01,128,learnable,True,True,5.0,0.691796875,0.6625,0.6475,20.12181329727173
128,4,2,0.001,0.01,128,learnable,False,False,1.0,0.523828125,0.5109375,0.51375,5.948060750961304
128,4,2,0.001,0.01,128,learnable,False,False,5.0,0.508984375,0.5,0.5,8.413431644439697
128,4,2,0.001,0.01,128,learnable,False,True,1.0,0.541796875,0.5828125,0.57375,13.009316205978394
128,4,2,0.001,0.01,128,learnable,False,True,5.0,0.550390625,0.5546875,0.5425,10.539784908294678
128,4,2,0.001,0.001,64,last,True,False,1.0,0.94140625,0.9453125,0.95625,26.288926362991333
128,4,2,0.001,0.001,64,last,True,False,5.0,0.944921875,0.9515625,0.96375,27.160286903381348
128,4,2,0.001,0.001,64,last,True,True,1.0,0.9203125,0.95,0.9325,27.531291723251343
128,4,2,0.001,0.001,64,last,True,True,5.0,0.930078125,0.95625,0.93875,27.781888961791992
128,4,2,0.001,0.001,64,last,False,False,1.0,0.71796875,0.7140625,0.71875,18.715083837509155
128,4,2,0.001,0.001,64,last,False,False,5.0,0.730859375,0.7640625,0.735,25.737838745117188
128,4,2,0.001,0.001,64,last,False,True,1.0,0.716015625,0.7140625,0.71375,26.164612770080566
128,4,2,0.001,0.001,64,last,False,True,5.0,0.708984375,0.7421875,0.705,26.266892194747925
128,4,2,0.001,0.001,64,mean,True,False,1.0,0.86015625,0.8515625,0.8725,28.381497859954834
128,4,2,0.001,0.001,64,mean,True,False,5.0,0.81015625,0.8046875,0.81875,28.224847316741943
128,4,2,0.001,0.001,64,mean,True,True,1.0,0.855078125,0.8984375,0.86375,27.839898824691772
128,4,2,0.001,0.001,64,mean,True,True,5.0,0.848828125,0.8484375,0.8575,27.62656569480896
128,4,2,0.001,0.001,64,mean,False,False,1.0,0.71953125,0.68125,0.685,25.978045225143433
128,4,2,0.001,0.001,64,mean,False,False,5.0,0.675,0.6671875,0.66375,25.61812472343445
128,4,2,0.001,0.001,64,mean,False,True,1.0,0.695703125,0.671875,0.67875,22.64333176612854
128,4,2,0.001,0.001,64,mean,False,True,5.0,0.691015625,0.665625,0.67125,18.335391521453857
128,4,2,0.001,0.001,64,learnable,True,False,1.0,0.836328125,0.896875,0.915,27.459548950195312
128,4,2,0.001,0.001,64,learnable,True,False,5.0,0.84609375,0.9046875,0.9125,27.75114631652832
128,4,2,0.001,0.001,64,learnable,True,True,1.0,0.72109375,0.771875,0.76375,27.804914236068726
128,4,2,0.001,0.001,64,learnable,True,True,5.0,0.7,0.7296875,0.7475,27.701947450637817
128,4,2,0.001,0.001,64,learnable,False,False,1.0,0.582421875,0.6078125,0.60375,13.480969190597534
128,4,2,0.001,0.001,64,learnable,False,False,5.0,0.65859375,0.70625,0.72375,26.0358784198761
128,4,2,0.001,0.001,64,learnable,False,True,1.0,0.54140625,0.53125,0.52,15.714734315872192
128,4,2,0.001,0.001,64,learnable,False,True,5.0,0.602734375,0.6171875,0.62375,23.898438930511475
128,4,2,0.001,0.001,128,last,True,False,1.0,0.8578125,0.8765625,0.83375,24.753828763961792
128,4,2,0.001,0.001,128,last,True,False,5.0,0.8375,0.8578125,0.82,28.379791736602783
128,4,2,0.001,0.001,128,last,True,True,1.0,0.841015625,0.8390625,0.8375,28.588202714920044
128,4,2,0.001,0.001,128,last,True,True,5.0,0.8671875,0.890625,0.8475,29.43600821495056
128,4,2,0.001,0.001,128,last,False,False,1.0,0.704296875,0.7265625,0.7225,24.61766481399536
128,4,2,0.001,0.001,128,last,False,False,5.0,0.612890625,0.6109375,0.59375,12.92800235748291
128,4,2,0.001,0.001,128,last,False,True,1.0,0.6828125,0.696875,0.70875,24.279844760894775
128,4,2,0.001,0.001,128,last,False,True,5.0,0.6953125,0.7390625,0.70125,28.785581588745117
128,4,2,0.001,0.001,128,mean,True,False,1.0,0.784375,0.7921875,0.8175,28.870717763900757
128,4,2,0.001,0.001,128,mean,True,False,5.0,0.791015625,0.8078125,0.80625,23.889301538467407
128,4,2,0.001,0.001,128,mean,True,True,1.0,0.76171875,0.7828125,0.7725,29.541659832000732
128,4,2,0.001,0.001,128,mean,True,True,5.0,0.783984375,0.796875,0.7975,29.18545365333557
128,4,2,0.001,0.001,128,mean,False,False,1.0,0.655078125,0.690625,0.7,17.657747268676758
128,4,2,0.001,0.001,128,mean,False,False,5.0,0.632421875,0.596875,0.62625,12.636829137802124
128,4,2,0.001,0.001,128,mean,False,True,1.0,0.65078125,0.653125,0.65,14.38085126876831
128,4,2,0.001,0.001,128,mean,False,True,5.0,0.637109375,0.6,0.6125,19.4730281829834
128,4,2,0.001,0.001,128,learnable,True,False,1.0,0.825,0.9078125,0.88875,29.496689081192017
128,4,2,0.001,0.001,128,learnable,True,False,5.0,0.796484375,0.828125,0.825,29.26154065132141
128,4,2,0.001,0.001,128,learnable,True,True,1.0,0.633203125,0.678125,0.69375,29.697577953338623
128,4,2,0.001,0.001,128,learnable,True,True,5.0,0.62109375,0.6296875,0.6275,27.780110120773315
128,4,2,0.001,0.001,128,learnable,False,False,1.0,0.640234375,0.628125,0.65625,27.92774224281311
128,4,2,0.001,0.001,128,learnable,False,False,5.0,0.66015625,0.7015625,0.695,28.256611585617065
128,4,2,0.001,0.001,128,learnable,False,True,1.0,0.60703125,0.6546875,0.63,28.709826707839966
128,4,2,0.001,0.001,128,learnable,False,True,5.0,0.493359375,0.478125,0.4925,7.725920915603638
128,4,3,0.1,0.01,64,last,True,False,1.0,0.901171875,0.940625,0.9475,45.08174729347229
128,4,3,0.1,0.01,64,last,True,False,5.0,0.978125,0.9828125,0.99,39.38145160675049
128,4,3,0.1,0.01,64,last,True,True,1.0,0.91484375,0.9578125,0.96625,40.61874294281006
128,4,3,0.1,0.01,64,last,True,True,5.0,0.833203125,0.896875,0.895,46.62999963760376
128,4,3,0.1,0.01,64,last,False,False,1.0,0.491796875,0.4890625,0.49875,10.563890933990479
128,4,3,0.1,0.01,64,last,False,False,5.0,0.50390625,0.53125,0.5125,15.65430736541748
128,4,3,0.1,0.01,64,last,False,True,1.0,0.573046875,0.6234375,0.6075,42.069878816604614
128,4,3,0.1,0.01,64,last,False,True,5.0,0.544921875,0.540625,0.545,20.675950050354004
128,4,3,0.1,0.01,64,mean,True,False,1.0,0.530859375,0.5140625,0.52,11.26197862625122
128,4,3,0.1,0.01,64,mean,True,False,5.0,0.98515625,0.9875,0.985,40.90515756607056
128,4,3,0.1,0.01,64,mean,True,True,1.0,0.984765625,0.9859375,0.98875,43.32322287559509
128,4,3,0.1,0.01,64,mean,True,True,5.0,0.98203125,0.9828125,0.98875,45.37190651893616
128,4,3,0.1,0.01,64,mean,False,False,1.0,0.4953125,0.5,0.5,10.2369384765625
128,4,3,0.1,0.01,64,mean,False,False,5.0,0.502734375,0.503125,0.5025,12.246610879898071
128,4,3,0.1,0.01,64,mean,False,True,1.0,0.53671875,0.5171875,0.53,25.68924307823181
128,4,3,0.1,0.01,64,mean,False,True,5.0,0.500390625,0.5359375,0.54,14.564425230026245
128,4,3,0.1,0.01,64,learnable,True,False,1.0,0.498828125,0.5,0.5,10.228410720825195
128,4,3,0.1,0.01,64,learnable,True,False,5.0,0.50234375,0.5,0.5,13.728274822235107
128,4,3,0.1,0.01,64,learnable,True,True,1.0,0.502734375,0.5,0.5,16.931926727294922
128,4,3,0.1,0.01,64,learnable,True,True,5.0,0.52109375,0.5,0.5,12.417845249176025
128,4,3,0.1,0.01,64,learnable,False,False,1.0,0.49921875,0.5,0.5,11.588891506195068
128,4,3,0.1,0.01,64,learnable,False,False,5.0,0.494140625,0.5,0.5,11.10906195640564
128,4,3,0.1,0.01,64,learnable,False,True,1.0,0.504296875,0.5,0.5,12.7458815574646
128,4,3,0.1,0.01,64,learnable,False,True,5.0,0.50078125,0.5,0.5,12.910321235656738
128,4,3,0.1,0.01,128,last,True,False,1.0,0.883203125,0.9515625,0.9375,40.9927237033844
128,4,3,0.1,0.01,128,last,True,False,5.0,0.719921875,0.7703125,0.77375,41.67764329910278
128,4,3,0.1,0.01,128,last,True,True,1.0,0.71875,0.8015625,0.81,41.912657737731934
128,4,3,0.1,0.01,128,last,True,True,5.0,0.646875,0.725,0.705,41.52302002906799
128,4,3,0.1,0.01,128,last,False,False,1.0,0.496484375,0.5078125,0.4975,9.803629398345947
128,4,3,0.1,0.01,128,last,False,False,5.0,0.4890625,0.534375,0.51,13.624066591262817
128,4,3,0.1,0.01,128,last,False,True,1.0,0.526953125,0.51875,0.5175,20.827807426452637
128,4,3,0.1,0.01,128,last,False,True,5.0,0.5421875,0.55,0.54625,23.907997846603394
128,4,3,0.1,0.01,128,mean,True,False,1.0,0.97734375,0.9828125,0.985,37.43190145492554
128,4,3,0.1,0.01,128,mean,True,False,5.0,0.97578125,0.9796875,0.99,34.90367603302002
128,4,3,0.1,0.01,128,mean,True,True,1.0,0.91875,0.9296875,0.94375,35.219277143478394
128,4,3,0.1,0.01,128,mean,True,True,5.0,0.9125,0.928125,0.93375,37.440579414367676
128,4,3,0.1,0.01,128,mean,False,False,1.0,0.57734375,0.603125,0.595,34.80265212059021
128,4,3,0.1,0.01,128,mean,False,False,5.0,0.5,0.5,0.5,8.055289030075073
128,4,3,0.1,0.01,128,mean,False,True,1.0,0.502734375,0.5390625,0.53875,13.810378551483154
128,4,3,0.1,0.01,128,mean,False,True,5.0,0.5796875,0.590625,0.6125,36.19405770301819
128,4,3,0.1,0.01,128,learnable,True,False,1.0,0.49765625,0.5,0.5,8.963385581970215
128,4,3,0.1,0.01,128,learnable,True,False,5.0,0.510546875,0.5359375,0.53625,10.52748703956604
128,4,3,0.1,0.01,128,learnable,True,True,1.0,0.503515625,0.5,0.5,15.764188051223755
128,4,3,0.1,0.01,128,learnable,True,True,5.0,0.50546875,0.503125,0.5,12.026928663253784
128,4,3,0.1,0.01,128,learnable,False,False,1.0,0.503515625,0.5,0.5,7.980381965637207
128,4,3,0.1,0.01,128,learnable,False,False,5.0,0.494921875,0.5,0.5,18.072999238967896
128,4,3,0.1,0.01,128,learnable,False,True,1.0,0.49453125,0.5,0.5,10.926424503326416
128,4,3,0.1,0.01,128,learnable,False,True,5.0,0.50078125,0.5,0.5,8.806139707565308
128,4,3,0.1,0.001,64,last,True,False,1.0,0.533984375,0.5921875,0.56875,19.74420404434204
128,4,3,0.1,0.001,64,last,True,False,5.0,0.528125,0.5390625,0.52375,13.459137916564941
128,4,3,0.1,0.001,64,last,True,True,1.0,0.52265625,0.578125,0.55625,34.77246379852295
128,4,3,0.1,0.001,64,last,True,True,5.0,0.5265625,0.5265625,0.5475,13.476765632629395
128,4,3,0.1,0.001,64,last,False,False,1.0,0.5171875,0.5234375,0.5125,13.553297996520996
128,4,3,0.1,0.001,64,last,False,False,5.0,0.519921875,0.4859375,0.49875,14.34589147567749
128,4,3,0.1,0.001,64,last,False,True,1.0,0.5078125,0.5,0.495,11.490983963012695
128,4,3,0.1,0.001,64,last,False,True,5.0,0.513671875,0.5328125,0.52,9.180135488510132
128,4,3,0.1,0.001,64,mean,True,False,1.0,0.68203125,0.6546875,0.625,22.13435196876526
128,4,3,0.1,0.001,64,mean,True,False,5.0,0.622265625,0.6765625,0.6525,30.612158060073853
128,4,3,0.1,0.001,64,mean,True,True,1.0,0.701953125,0.75625,0.76125,39.57549428939819
128,4,3,0.1,0.001,64,mean,True,True,5.0,0.6515625,0.7296875,0.715,43.97274589538574
128,4,3,0.1,0.001,64,mean,False,False,1.0,0.50625,0.5109375,0.5125,9.44753098487854
128,4,3,0.1,0.001,64,mean,False,False,5.0,0.5015625,0.5109375,0.52375,21.591198205947876
128,4,3,0.1,0.001,64,mean,False,True,1.0,0.5375,0.5515625,0.52625,39.02303099632263
128,4,3,0.1,0.001,64,mean,False,True,5.0,0.54375,0.5234375,0.56625,43.5215950012207
128,4,3,0.1,0.001,64,learnable,True,False,1.0,0.519921875,0.55,0.52,45.60206890106201
128,4,3,0.1,0.001,64,learnable,True,False,5.0,0.4984375,0.4984375,0.48875,15.897635221481323
128,4,3,0.1,0.001,64,learnable,True,True,1.0,0.52890625,0.4984375,0.48625,20.04521369934082
128,4,3,0.1,0.001,64,learnable,True,True,5.0,0.512109375,0.51875,0.54125,26.03207302093506
128,4,3,0.1,0.001,64,learnable,False,False,1.0,0.50234375,0.5484375,0.53875,20.531809329986572
128,4,3,0.1,0.001,64,learnable,False,False,5.0,0.5078125,0.521875,0.55,11.336634159088135
128,4,3,0.1,0.001,64,learnable,False,True,1.0,0.49609375,0.5,0.5,16.3497576713562
128,4,3,0.1,0.001,64,learnable,False,True,5.0,0.51484375,0.521875,0.495,12.36690378189087
128,4,3,0.1,0.001,128,last,True,False,1.0,0.50625,0.515625,0.5075,13.407939195632935
128,4,3,0.1,0.001,128,last,True,False,5.0,0.51328125,0.515625,0.515,12.432918071746826
128,4,3,0.1,0.001,128,last,True,True,1.0,0.49765625,0.525,0.51625,12.253737449645996
128,4,3,0.1,0.001,128,last,True,True,5.0,0.521484375,0.5734375,0.54375,22.497506856918335
128,4,3,0.1,0.001,128,last,False,False,1.0,0.50546875,0.5296875,0.5175,10.629733085632324
128,4,3,0.1,0.001,128,last,False,False,5.0,0.49140625,0.5140625,0.50625,12.401343822479248
128,4,3,0.1,0.001,128,last,False,True,1.0,0.5078125,0.5234375,0.51875,12.134894847869873
128,4,3,0.1,0.001,128,last,False,True,5.0,0.5,0.5,0.5,9.741442918777466
128,4,3,0.1,0.001,128,mean,True,False,1.0,0.592578125,0.675,0.67875,36.56294822692871
128,4,3,0.1,0.001,128,mean,True,False,5.0,0.59140625,0.653125,0.6425,36.48132038116455
128,4,3,0.1,0.001,128,mean,True,True,1.0,0.626953125,0.71875,0.67375,37.06584167480469
128,4,3,0.1,0.001,128,mean,True,True,5.0,0.61484375,0.6140625,0.62,36.874616861343384
128,4,3,0.1,0.001,128,mean,False,False,1.0,0.5046875,0.503125,0.50875,10.694668531417847
128,4,3,0.1,0.001,128,mean,False,False,5.0,0.517578125,0.465625,0.53375,16.74763035774231
128,4,3,0.1,0.001,128,mean,False,True,1.0,0.54296875,0.534375,0.53,37.63418912887573
128,4,3,0.1,0.001,128,mean,False,True,5.0,0.521875,0.5234375,0.51375,11.221507549285889
128,4,3,0.1,0.001,128,learnable,True,False,1.0,0.5140625,0.4984375,0.51125,11.138765096664429
128,4,3,0.1,0.001,128,learnable,True,False,5.0,0.492578125,0.496875,0.4825,15.74294900894165
128,4,3,0.1,0.001,128,learnable,True,True,1.0,0.5015625,0.5375,0.53625,33.24914312362671
128,4,3,0.1,0.001,128,learnable,True,True,5.0,0.518359375,0.609375,0.555,27.62692093849182
128,4,3,0.1,0.001,128,learnable,False,False,1.0,0.503125,0.5078125,0.50875,18.621338844299316
128,4,3,0.1,0.001,128,learnable,False,False,5.0,0.502734375,0.546875,0.5425,20.08733892440796
128,4,3,0.1,0.001,128,learnable,False,True,1.0,0.519140625,0.5140625,0.53125,28.91230320930481
128,4,3,0.1,0.001,128,learnable,False,True,5.0,0.50703125,0.5109375,0.53,17.628448963165283
128,4,3,0.01,0.01,64,last,True,False,1.0,0.998828125,0.9875,0.99,23.445589542388916
128,4,3,0.01,0.01,64,last,True,False,5.0,0.997265625,0.984375,0.99375,22.84072709083557
128,4,3,0.01,0.01,64,last,True,True,1.0,0.996875,0.9796875,0.9875,26.21059560775757
128,4,3,0.01,0.01,64,last,True,True,5.0,0.9984375,0.984375,0.99375,23.555744886398315
128,4,3,0.01,0.01,64,last,False,False,1.0,0.526171875,0.5234375,0.50625,10.583170652389526
128,4,3,0.01,0.01,64,last,False,False,5.0,0.53984375,0.534375,0.515,10.667356729507446
128,4,3,0.01,0.01,64,last,False,True,1.0,0.99765625,0.984375,0.99125,32.76970624923706
128,4,3,0.01,0.01,64,last,False,True,5.0,0.99453125,0.984375,0.9825,33.437721490859985
128,4,3,0.01,0.01,64,mean,True,False,1.0,0.995703125,0.9875,0.99125,25.777777910232544
128,4,3,0.01,0.01,64,mean,True,False,5.0,0.998828125,0.984375,0.98375,28.732372045516968
128,4,3,0.01,0.01,64,mean,True,True,1.0,0.99921875,0.9828125,0.98875,28.399524450302124
128,4,3,0.01,0.01,64,mean,True,True,5.0,0.999609375,0.9796875,0.98875,28.027519464492798
128,4,3,0.01,0.01,64,mean,False,False,1.0,0.9890625,0.990625,0.98375,43.30279326438904
128,4,3,0.01,0.01,64,mean,False,False,5.0,0.50703125,0.5,0.5,12.373409032821655
128,4,3,0.01,0.01,64,mean,False,True,1.0,0.99921875,0.9859375,0.9925,38.67223238945007
128,4,3,0.01,0.01,64,mean,False,True,5.0,0.998046875,0.984375,0.985,38.26634478569031
128,4,3,0.01,0.01,64,learnable,True,False,1.0,0.468359375,0.5,0.5,16.615248203277588
128,4,3,0.01,0.01,64,learnable,True,False,5.0,0.52421875,0.534375,0.535,15.658599615097046
128,4,3,0.01,0.01,64,learnable,True,True,1.0,0.680859375,0.7359375,0.75125,46.20479488372803
128,4,3,0.01,0.01,64,learnable,True,True,5.0,0.505078125,0.51875,0.50875,15.07718014717102
128,4,3,0.01,0.01,64,learnable,False,False,1.0,0.497265625,0.5,0.5,16.04539179801941
128,4,3,0.01,0.01,64,learnable,False,False,5.0,0.5015625,0.50625,0.50875,11.665527582168579
128,4,3,0.01,0.01,64,learnable,False,True,1.0,0.508984375,0.5046875,0.51375,11.089697122573853
128,4,3,0.01,0.01,64,learnable,False,True,5.0,0.531640625,0.5203125,0.53875,17.85643172264099
128,4,3,0.01,0.01,128,last,True,False,1.0,0.998828125,0.984375,0.985,25.58287239074707
128,4,3,0.01,0.01,128,last,True,False,5.0,0.9984375,0.9875,0.99125,26.501277685165405
128,4,3,0.01,0.01,128,last,True,True,1.0,0.99765625,0.9890625,0.99125,29.17185378074646
128,4,3,0.01,0.01,128,last,True,True,5.0,0.996484375,0.9859375,0.985,34.37839341163635
128,4,3,0.01,0.01,128,last,False,False,1.0,0.980859375,0.975,0.9825,39.763314723968506
128,4,3,0.01,0.01,128,last,False,False,5.0,0.8734375,0.8921875,0.8725,39.61010956764221
128,4,3,0.01,0.01,128,last,False,True,1.0,0.971484375,0.9796875,0.96625,39.95453333854675
128,4,3,0.01,0.01,128,last,False,True,5.0,0.9828125,0.9828125,0.97625,37.39146089553833
128,4,3,0.01,0.01,128,mean,True,False,1.0,0.99765625,0.98125,0.98375,30.255277156829834
128,4,3,0.01,0.01,128,mean,True,False,5.0,0.9984375,0.978125,0.98875,29.864985704421997
128,4,3,0.01,0.01,128,mean,True,True,1.0,0.998828125,0.978125,0.9875,34.89492154121399
128,4,3,0.01,0.01,128,mean,True,True,5.0,0.998828125,0.9796875,0.9875,30.85480499267578
128,4,3,0.01,0.01,128,mean,False,False,1.0,0.533984375,0.51875,0.51875,9.158219337463379
128,4,3,0.01,0.01,128,mean,False,False,5.0,0.659765625,0.6609375,0.685,39.608694076538086
128,4,3,0.01,0.01,128,mean,False,True,1.0,0.97421875,0.978125,0.98,39.675793170928955
128,4,3,0.01,0.01,128,mean,False,True,5.0,0.98203125,0.9828125,0.975,40.392146825790405
128,4,3,0.01,0.01,128,learnable,True,False,1.0,0.498046875,0.5,0.5,12.721117973327637
128,4,3,0.01,0.01,128,learnable,True,False,5.0,0.811328125,0.8390625,0.845,41.360984802246094
128,4,3,0.01,0.01,128,learnable,True,True,1.0,0.715234375,0.7671875,0.74875,41.44541573524475
128,4,3,0.01,0.01,128,learnable,True,True,5.0,0.5375,0.4984375,0.5125,11.0054190158844
128,4,3,0.01,0.01,128,learnable,False,False,1.0,0.521875,0.484375,0.47875,9.589801788330078
128,4,3,0.01,0.01,128,learnable,False,False,5.0,0.49140625,0.5,0.5,14.623827934265137
128,4,3,0.01,0.01,128,learnable,False,True,1.0,0.553515625,0.528125,0.53375,21.686922073364258
128,4,3,0.01,0.01,128,learnable,False,True,5.0,0.503125,0.525,0.4925,25.75694441795349
128,4,3,0.01,0.001,64,last,True,False,1.0,0.834765625,0.8734375,0.86,45.343486070632935
128,4,3,0.01,0.001,64,last,True,False,5.0,0.819140625,0.8875,0.88125,45.01947069168091
128,4,3,0.01,0.001,64,last,True,True,1.0,0.853515625,0.91875,0.8975,46.59872603416443
128,4,3,0.01,0.001,64,last,True,True,5.0,0.834375,0.878125,0.86,42.64307975769043
128,4,3,0.01,0.001,64,last,False,False,1.0,0.62421875,0.675,0.66375,42.5785858631134
128,4,3,0.01,0.001,64,last,False,False,5.0,0.608203125,0.678125,0.66125,35.900461196899414
128,4,3,0.01,0.001,64,last,False,True,1.0,0.61875,0.675,0.65125,31.59001660346985
128,4,3,0.01,0.001,64,last,False,True,5.0,0.6484375,0.6859375,0.70125,31.851439476013184
128,4,3,0.01,0.001,64,mean,True,False,1.0,0.840234375,0.8640625,0.875,39.260603189468384
128,4,3,0.01,0.001,64,mean,True,False,5.0,0.886328125,0.8984375,0.89875,39.51123356819153
128,4,3,0.01,0.001,64,mean,True,True,1.0,0.872265625,0.8796875,0.90625,39.42896771430969
128,4,3,0.01,0.001,64,mean,True,True,5.0,0.80234375,0.834375,0.845,35.54121398925781
128,4,3,0.01,0.001,64,mean,False,False,1.0,0.73359375,0.7625,0.7625,37.78866147994995
128,4,3,0.01,0.001,64,mean,False,False,5.0,0.675390625,0.696875,0.6925,37.61105918884277
128,4,3,0.01,0.001,64,mean,False,True,1.0,0.713671875,0.6921875,0.69625,36.30237531661987
128,4,3,0.01,0.001,64,mean,False,True,5.0,0.70859375,0.7,0.70875,43.321322441101074
128,4,3,0.01,0.001,64,learnable,True,False,1.0,0.598828125,0.590625,0.59125,20.91381812095642
128,4,3,0.01,0.001,64,learnable,True,False,5.0,0.6875,0.815625,0.82,45.53138327598572
128,4,3,0.01,0.001,64,learnable,True,True,1.0,0.650390625,0.7640625,0.7325,46.30439329147339
128,4,3,0.01,0.001,64,learnable,True,True,5.0,0.5890625,0.6421875,0.6875,24.86790680885315
128,4,3,0.01,0.001,64,learnable,False,False,1.0,0.530078125,0.534375,0.54125,17.505396842956543
128,4,3,0.01,0.001,64,learnable,False,False,5.0,0.50703125,0.521875,0.52125,8.53557825088501
128,4,3,0.01,0.001,64,learnable,False,True,1.0,0.54609375,0.5890625,0.57125,18.339493989944458
128,4,3,0.01,0.001,64,learnable,False,True,5.0,0.541796875,0.5796875,0.51875,18.41161060333252
128,4,3,0.01,0.001,128,last,True,False,1.0,0.774609375,0.8078125,0.79,33.78765368461609
128,4,3,0.01,0.001,128,last,True,False,5.0,0.746875,0.828125,0.8225,36.77824783325195
128,4,3,0.01,0.001,128,last,True,True,1.0,0.733203125,0.8125,0.8,34.887959480285645
128,4,3,0.01,0.001,128,last,True,True,5.0,0.7453125,0.7921875,0.7825,37.25223159790039
128,4,3,0.01,0.001,128,last,False,False,1.0,0.53359375,0.571875,0.5575,18.308666944503784
128,4,3,0.01,0.001,128,last,False,False,5.0,0.52734375,0.5296875,0.52125,14.393374681472778
128,4,3,0.01,0.001,128,last,False,True,1.0,0.619140625,0.6828125,0.645,36.1374409198761
128,4,3,0.01,0.001,128,last,False,True,5.0,0.590234375,0.6484375,0.61625,39.32893109321594
128,4,3,0.01,0.001,128,mean,True,False,1.0,0.796875,0.8171875,0.79875,40.83523869514465
128,4,3,0.01,0.001,128,mean,True,False,5.0,0.760546875,0.8234375,0.81,41.08252668380737
128,4,3,0.01,0.001,128,mean,True,True,1.0,0.755859375,0.7609375,0.77,41.121830701828
128,4,3,0.01,0.001,128,mean,True,True,5.0,0.78046875,0.7984375,0.80375,39.090826988220215
128,4,3,0.01,0.001,128,mean,False,False,1.0,0.65,0.6796875,0.705,30.947230339050293
128,4,3,0.01,0.001,128,mean,False,False,5.0,0.658984375,0.671875,0.69,33.16899514198303
128,4,3,0.01,0.001,128,mean,False,True,1.0,0.65,0.665625,0.67625,36.18583631515503
128,4,3,0.01,0.001,128,mean,False,True,5.0,0.63671875,0.65625,0.68875,37.51567053794861
128,4,3,0.01,0.001,128,learnable,True,False,1.0,0.541796875,0.584375,0.57125,13.421832799911499
128,4,3,0.01,0.001,128,learnable,True,False,5.0,0.698046875,0.8109375,0.84875,40.62576150894165
128,4,3,0.01,0.001,128,learnable,True,True,1.0,0.558203125,0.59375,0.56875,19.420714139938354
128,4,3,0.01,0.001,128,learnable,True,True,5.0,0.591796875,0.6328125,0.63625,39.94105815887451
128,4,3,0.01,0.001,128,learnable,False,False,1.0,0.5484375,0.5765625,0.59375,32.986799478530884
128,4,3,0.01,0.001,128,learnable,False,False,5.0,0.51953125,0.525,0.52375,17.691460132598877
128,4,3,0.01,0.001,128,learnable,False,True,1.0,0.514453125,0.58125,0.59375,20.105504989624023
128,4,3,0.01,0.001,128,learnable,False,True,5.0,0.533203125,0.55625,0.5475,17.78262495994568
128,4,3,0.001,0.01,64,last,True,False,1.0,0.998828125,0.9875,0.99,20.682572603225708
128,4,3,0.001,0.01,64,last,True,False,5.0,1.0,0.9859375,0.9875,28.919793367385864
128,4,3,0.001,0.01,64,last,True,True,1.0,1.0,0.9828125,0.99125,22.4802565574646
128,4,3,0.001,0.01,64,last,True,True,5.0,0.999609375,0.984375,0.9925,23.376929759979248
128,4,3,0.001,0.01,64,last,False,False,1.0,0.999609375,0.9890625,0.985,34.18812584877014
128,4,3,0.001,0.01,64,last,False,False,5.0,0.99921875,0.9859375,0.985,25.699546098709106
128,4,3,0.001,0.01,64,last,False,True,1.0,1.0,0.9890625,0.9875,33.481337785720825
128,4,3,0.001,0.01,64,last,False,True,5.0,1.0,0.984375,0.98875,30.22582483291626
128,4,3,0.001,0.01,64,mean,True,False,1.0,1.0,0.9859375,0.98875,29.063131093978882
128,4,3,0.001,0.01,64,mean,True,False,5.0,1.0,0.984375,0.9925,23.66262722015381
128,4,3,0.001,0.01,64,mean,True,True,1.0,0.99921875,0.984375,0.98875,28.360970735549927
128,4,3,0.001,0.01,64,mean,True,True,5.0,1.0,0.984375,0.99,27.042014598846436
128,4,3,0.001,0.01,64,mean,False,False,1.0,0.9984375,0.9875,0.9875,28.566693544387817
128,4,3,0.001,0.01,64,mean,False,False,5.0,0.99921875,0.9796875,0.99,25.61151957511902
128,4,3,0.001,0.01,64,mean,False,True,1.0,0.999609375,0.9875,0.9925,31.948739051818848
128,4,3,0.001,0.01,64,mean,False,True,5.0,1.0,0.984375,0.98625,25.938400268554688
128,4,3,0.001,0.01,64,learnable,True,False,1.0,0.92734375,0.9453125,0.9525,39.217631340026855
128,4,3,0.001,0.01,64,learnable,True,False,5.0,0.494921875,0.5265625,0.5175,19.61965274810791
128,4,3,0.001,0.01,64,learnable,True,True,1.0,0.62578125,0.5109375,0.52125,19.81662344932556
128,4,3,0.001,0.01,64,learnable,True,True,5.0,0.722265625,0.7296875,0.745,29.33095955848694
128,4,3,0.001,0.01,64,learnable,False,False,1.0,0.5109375,0.5171875,0.5225,9.073200941085815
128,4,3,0.001,0.01,64,learnable,False,False,5.0,0.501171875,0.5,0.5,8.321702480316162
128,4,3,0.001,0.01,64,learnable,False,True,1.0,0.506640625,0.5,0.5,9.92282509803772
128,4,3,0.001,0.01,64,learnable,False,True,5.0,0.625,0.615625,0.605,33.054391622543335
128,4,3,0.001,0.01,128,last,True,False,1.0,1.0,0.9921875,0.98625,24.6480929851532
128,4,3,0.001,0.01,128,last,True,False,5.0,1.0,0.9859375,0.98625,30.89725089073181
128,4,3,0.001,0.01,128,last,True,True,1.0,0.999609375,0.984375,0.98875,32.235023021698
128,4,3,0.001,0.01,128,last,True,True,5.0,0.999609375,0.984375,0.9925,22.22104835510254
128,4,3,0.001,0.01,128,last,False,False,1.0,1.0,0.98125,0.98375,36.2955424785614
128,4,3,0.001,0.01,128,last,False,False,5.0,0.999609375,0.9890625,0.99125,32.988893032073975
128,4,3,0.001,0.01,128,last,False,True,1.0,0.999609375,0.984375,0.98125,35.07244682312012
128,4,3,0.001,0.01,128,last,False,True,5.0,1.0,0.990625,0.98375,33.64457607269287
128,4,3,0.001,0.01,128,mean,True,False,1.0,1.0,0.9828125,0.985,25.156291961669922
128,4,3,0.001,0.01,128,mean,True,False,5.0,0.999609375,0.98125,0.9875,26.142070531845093
128,4,3,0.001,0.01,128,mean,True,True,1.0,1.0,0.9796875,0.9875,31.133981943130493
128,4,3,0.001,0.01,128,mean,True,True,5.0,0.998046875,0.9796875,0.9875,27.436943531036377
128,4,3,0.001,0.01,128,mean,False,False,1.0,0.996484375,0.98125,0.9825,36.08046770095825
128,4,3,0.001,0.01,128,mean,False,False,5.0,0.996875,0.9765625,0.9775,39.01704239845276
128,4,3,0.001,0.01,128,mean,False,True,1.0,0.997265625,0.9796875,0.99,40.18427133560181
128,4,3,0.001,0.01,128,mean,False,True,5.0,0.99921875,0.9796875,0.9875,40.07707977294922
128,4,3,0.001,0.01,128,learnable,True,False,1.0,0.572265625,0.6671875,0.66375,23.28838348388672
128,4,3,0.001,0.01,128,learnable,True,False,5.0,0.570703125,0.696875,0.69375,28.972524881362915
128,4,3,0.001,0.01,128,learnable,True,True,1.0,0.49453125,0.4734375,0.49125,16.92126202583313
128,4,3,0.001,0.01,128,learnable,True,True,5.0,0.919921875,0.9390625,0.93625,41.56344723701477
128,4,3,0.001,0.01,128,learnable,False,False,1.0,0.5140625,0.509375,0.505,19.77105689048767
128,4,3,0.001,0.01,128,learnable,False,False,5.0,0.488671875,0.5,0.5,8.82036542892456
128,4,3,0.001,0.01,128,learnable,False,True,1.0,0.4984375,0.503125,0.505,9.156245946884155
128,4,3,0.001,0.01,128,learnable,False,True,5.0,0.505859375,0.509375,0.51375,13.214243650436401
128,4,3,0.001,0.001,64,last,True,False,1.0,0.923046875,0.921875,0.925,45.49402666091919
128,4,3,0.001,0.001,64,last,True,False,5.0,0.9234375,0.9515625,0.9375,45.047099590301514
128,4,3,0.001,0.001,64,last,True,True,1.0,0.965234375,0.9734375,0.96875,43.644941568374634
128,4,3,0.001,0.001,64,last,True,True,5.0,0.9515625,0.971875,0.9625,46.38156604766846
128,4,3,0.001,0.001,64,last,False,False,1.0,0.749609375,0.7734375,0.77125,42.30888843536377
128,4,3,0.001,0.001,64,last,False,False,5.0,0.768359375,0.7796875,0.78,42.942692279815674
128,4,3,0.001,0.001,64,last,False,True,1.0,0.7375,0.7515625,0.73625,44.30882024765015
128,4,3,0.001,0.001,64,last,False,True,5.0,0.751953125,0.7671875,0.74375,44.203901290893555
128,4,3,0.001,0.001,64,mean,True,False,1.0,0.96875,0.959375,0.95875,43.05139207839966
128,4,3,0.001,0.001,64,mean,True,False,5.0,0.86796875,0.859375,0.8825,45.01025366783142
128,4,3,0.001,0.001,64,mean,True,True,1.0,0.90859375,0.909375,0.9225,46.31398940086365
128,4,3,0.001,0.001,64,mean,True,True,5.0,0.909765625,0.9015625,0.91,46.1256206035614
128,4,3,0.001,0.001,64,mean,False,False,1.0,0.687890625,0.696875,0.70125,41.34027671813965
128,4,3,0.001,0.001,64,mean,False,False,5.0,0.753515625,0.740625,0.74375,42.75910019874573
128,4,3,0.001,0.001,64,mean,False,True,1.0,0.732421875,0.728125,0.74125,44.12805724143982
128,4,3,0.001,0.001,64,mean,False,True,5.0,0.747265625,0.7203125,0.735,38.64841032028198
128,4,3,0.001,0.001,64,learnable,True,False,1.0,0.8,0.86875,0.8775,44.671741247177124
128,4,3,0.001,0.001,64,learnable,True,False,5.0,0.851171875,0.903125,0.91625,45.402161836624146
128,4,3,0.001,0.001,64,learnable,True,True,1.0,0.687890625,0.7609375,0.73125,46.831904888153076
128,4,3,0.001,0.001,64,learnable,True,True,5.0,0.7046875,0.75625,0.7325,47.416200399398804
128,4,3,0.001,0.001,64,learnable,False,False,1.0,0.549609375,0.5484375,0.5575,13.240389108657837
128,4,3,0.001,0.001,64,learnable,False,False,5.0,0.549609375,0.540625,0.5425,13.183569192886353
128,4,3,0.001,0.001,64,learnable,False,True,1.0,0.5984375,0.621875,0.635,43.379945278167725
128,4,3,0.001,0.001,64,learnable,False,True,5.0,0.58515625,0.5890625,0.6175,26.430902004241943
128,4,3,0.001,0.001,128,last,True,False,1.0,0.869140625,0.8875,0.88375,41.162018060684204
128,4,3,0.001,0.001,128,last,True,False,5.0,0.89609375,0.9140625,0.90625,39.76444697380066
128,4,3,0.001,0.001,128,last,True,True,1.0,0.87109375,0.8890625,0.87,40.050355195999146
128,4,3,0.001,0.001,128,last,True,True,5.0,0.896875,0.9390625,0.9075,40.962000608444214
128,4,3,0.001,0.001,128,last,False,False,1.0,0.65546875,0.73125,0.6975,22.084874153137207
128,4,3,0.001,0.001,128,last,False,False,5.0,0.704296875,0.73125,0.75,39.412009954452515
128,4,3,0.001,0.001,128,last,False,True,1.0,0.65390625,0.665625,0.6575,35.901005268096924
128,4,3,0.001,0.001,128,last,False,True,5.0,0.68828125,0.715625,0.6725,27.366161108016968
128,4,3,0.001,0.001,128,mean,True,False,1.0,0.81796875,0.8578125,0.83375,40.83755564689636
128,4,3,0.001,0.001,128,mean,True,False,5.0,0.8375,0.8484375,0.83,40.93131923675537
128,4,3,0.001,0.001,128,mean,True,True,1.0,0.8296875,0.8375,0.83375,41.289225578308105
128,4,3,0.001,0.001,128,mean,True,True,5.0,0.812890625,0.8171875,0.81625,40.505643367767334
128,4,3,0.001,0.001,128,mean,False,False,1.0,0.671875,0.64375,0.64375,36.937676429748535
128,4,3,0.001,0.001,128,mean,False,False,5.0,0.673046875,0.665625,0.675,34.513097286224365
128,4,3,0.001,0.001,128,mean,False,True,1.0,0.57890625,0.5671875,0.57375,11.569157123565674
128,4,3,0.001,0.001,128,mean,False,True,5.0,0.6828125,0.6859375,0.67875,40.079487800598145
128,4,3,0.001,0.001,128,learnable,True,False,1.0,0.76953125,0.825,0.84375,41.176005363464355
128,4,3,0.001,0.001,128,learnable,True,False,5.0,0.782421875,0.8140625,0.8275,38.57103395462036
128,4,3,0.001,0.001,128,learnable,True,True,1.0,0.65390625,0.6453125,0.63375,37.22823739051819
128,4,3,0.001,0.001,128,learnable,True,True,5.0,0.67109375,0.7390625,0.74625,29.178080081939697
128,4,3,0.001,0.001,128,learnable,False,False,1.0,0.646875,0.7140625,0.69875,36.20414400100708
128,4,3,0.001,0.001,128,learnable,False,False,5.0,0.52578125,0.521875,0.5475,19.423458576202393
128,4,3,0.001,0.001,128,learnable,False,True,1.0,0.52109375,0.553125,0.5525,22.411444902420044
128,4,3,0.001,0.001,128,learnable,False,True,5.0,0.531640625,0.5390625,0.58125,21.691054821014404
128,8,2,0.1,0.01,64,last,True,False,1.0,0.936328125,0.95,0.96125,31.14703941345215
128,8,2,0.1,0.01,64,last,True,False,5.0,0.928125,0.9875,0.97625,32.97682189941406
128,8,2,0.1,0.01,64,last,True,True,1.0,0.921875,0.9625,0.97375,33.113112926483154
128,8,2,0.1,0.01,64,last,True,True,5.0,0.84296875,0.9125,0.92,33.11187291145325
128,8,2,0.1,0.01,64,last,False,False,1.0,0.4921875,0.5375,0.505,11.348973989486694
128,8,2,0.1,0.01,64,last,False,False,5.0,0.50390625,0.5,0.50375,7.607357025146484
128,8,2,0.1,0.01,64,last,False,True,1.0,0.587890625,0.59375,0.6025,31.732999324798584
128,8,2,0.1,0.01,64,last,False,True,5.0,0.516796875,0.5421875,0.5375,10.801622152328491
128,8,2,0.1,0.01,64,mean,True,False,1.0,0.97890625,0.9765625,0.98125,29.00681757926941
128,8,2,0.1,0.01,64,mean,True,False,5.0,0.9859375,0.9875,0.98375,31.10102128982544
128,8,2,0.1,0.01,64,mean,True,True,1.0,0.97578125,0.9734375,0.9875,30.665544986724854
128,8,2,0.1,0.01,64,mean,True,True,5.0,0.97890625,0.9703125,0.9875,31.91071057319641
128,8,2,0.1,0.01,64,mean,False,False,1.0,0.485546875,0.5,0.5,6.950260400772095
128,8,2,0.1,0.01,64,mean,False,False,5.0,0.490625,0.4953125,0.49375,10.079767942428589
128,8,2,0.1,0.01,64,mean,False,True,1.0,0.7046875,0.721875,0.7425,30.628125190734863
128,8,2,0.1,0.01,64,mean,False,True,5.0,0.56796875,0.6078125,0.61,14.161661148071289
128,8,2,0.1,0.01,64,learnable,True,False,1.0,0.522265625,0.5,0.5,8.657155990600586
128,8,2,0.1,0.01,64,learnable,True,False,5.0,0.5078125,0.5,0.5,9.310011148452759
128,8,2,0.1,0.01,64,learnable,True,True,1.0,0.5046875,0.5015625,0.505,11.412485837936401
128,8,2,0.1,0.01,64,learnable,True,True,5.0,0.50390625,0.5,0.5,8.727640867233276
128,8,2,0.1,0.01,64,learnable,False,False,1.0,0.48046875,0.5,0.5,8.25003170967102
128,8,2,0.1,0.01,64,learnable,False,False,5.0,0.49921875,0.5,0.5,7.616578102111816
128,8,2,0.1,0.01,64,learnable,False,True,1.0,0.49375,0.490625,0.52125,10.260805606842041
128,8,2,0.1,0.01,64,learnable,False,True,5.0,0.507421875,0.5,0.5,9.00376558303833
128,8,2,0.1,0.01,128,last,True,False,1.0,0.788671875,0.834375,0.835,31.178426027297974
128,8,2,0.1,0.01,128,last,True,False,5.0,0.783203125,0.840625,0.84125,31.06235361099243
128,8,2,0.1,0.01,128,last,True,True,1.0,0.8375,0.9171875,0.905,31.241965770721436
128,8,2,0.1,0.01,128,last,True,True,5.0,0.64765625,0.703125,0.67625,31.293739318847656
128,8,2,0.1,0.01,128,last,False,False,1.0,0.512109375,0.5484375,0.53,12.115771532058716
128,8,2,0.1,0.01,128,last,False,False,5.0,0.51796875,0.5140625,0.49875,12.044679641723633
128,8,2,0.1,0.01,128,last,False,True,1.0,0.508984375,0.5375,0.52125,9.097607374191284
128,8,2,0.1,0.01,128,last,False,True,5.0,0.52578125,0.540625,0.52125,16.909987211227417
128,8,2,0.1,0.01,128,mean,True,False,1.0,0.940625,0.940625,0.95375,31.26288414001465
128,8,2,0.1,0.01,128,mean,True,False,5.0,0.96875,0.978125,0.985,29.47715997695923
128,8,2,0.1,0.01,128,mean,True,True,1.0,0.885546875,0.909375,0.92125,31.528682231903076
128,8,2,0.1,0.01,128,mean,True,True,5.0,0.89453125,0.9421875,0.93375,31.44693922996521
128,8,2,0.1,0.01,128,mean,False,False,1.0,0.494140625,0.509375,0.51625,8.548568487167358
128,8,2,0.1,0.01,128,mean,False,False,5.0,0.505078125,0.496875,0.505,7.298434495925903
128,8,2,0.1,0.01,128,mean,False,True,1.0,0.52890625,0.528125,0.51875,14.68740177154541
128,8,2,0.1,0.01,128,mean,False,True,5.0,0.651171875,0.665625,0.6725,30.60267996788025
128,8,2,0.1,0.01,128,learnable,True,False,1.0,0.49296875,0.4953125,0.49375,11.96886134147644
128,8,2,0.1,0.01,128,learnable,True,False,5.0,0.504296875,0.5,0.5,8.804644346237183
128,8,2,0.1,0.01,128,learnable,True,True,1.0,0.4984375,0.53125,0.5325,12.653745174407959
128,8,2,0.1,0.01,128,learnable,True,True,5.0,0.485546875,0.5078125,0.50875,8.85584831237793
128,8,2,0.1,0.01,128,learnable,False,False,1.0,0.47578125,0.5,0.5,9.740984678268433
128,8,2,0.1,0.01,128,learnable,False,False,5.0,0.47578125,0.5,0.5,7.923541069030762
128,8,2,0.1,0.01,128,learnable,False,True,1.0,0.4921875,0.5,0.5,7.9675374031066895
128,8,2,0.1,0.01,128,learnable,False,True,5.0,0.48671875,0.5015625,0.51,15.355058193206787
128,8,2,0.1,0.001,64,last,True,False,1.0,0.54296875,0.565625,0.54125,29.07630944252014
128,8,2,0.1,0.001,64,last,True,False,5.0,0.50078125,0.5625,0.53875,9.884160995483398
128,8,2,0.1,0.001,64,last,True,True,1.0,0.54453125,0.5671875,0.53625,26.452593088150024
128,8,2,0.1,0.001,64,last,True,True,5.0,0.523046875,0.5828125,0.5775,22.476945877075195
128,8,2,0.1,0.001,64,last,False,False,1.0,0.512890625,0.5203125,0.5075,16.34856653213501
128,8,2,0.1,0.001,64,last,False,False,5.0,0.5109375,0.534375,0.515,10.714341640472412
128,8,2,0.1,0.001,64,last,False,True,1.0,0.509375,0.4921875,0.475,12.750321388244629
128,8,2,0.1,0.001,64,last,False,True,5.0,0.512109375,0.5453125,0.5175,25.390958070755005
128,8,2,0.1,0.001,64,mean,True,False,1.0,0.664453125,0.7359375,0.73875,32.237584829330444
128,8,2,0.1,0.001,64,mean,True,False,5.0,0.630859375,0.665625,0.65,17.78868317604065
128,8,2,0.1,0.001,64,mean,True,True,1.0,0.592578125,0.5921875,0.59,27.329282522201538
128,8,2,0.1,0.001,64,mean,True,True,5.0,0.64609375,0.684375,0.72125,33.25667715072632
128,8,2,0.1,0.001,64,mean,False,False,1.0,0.50859375,0.5328125,0.54875,11.33745265007019
128,8,2,0.1,0.001,64,mean,False,False,5.0,0.512109375,0.5078125,0.51625,18.220117568969727
128,8,2,0.1,0.001,64,mean,False,True,1.0,0.546484375,0.5765625,0.57125,19.074827671051025
128,8,2,0.1,0.001,64,mean,False,True,5.0,0.51875,0.4953125,0.53,11.534224271774292
128,8,2,0.1,0.001,64,learnable,True,False,1.0,0.516015625,0.4921875,0.48625,11.332629919052124
128,8,2,0.1,0.001,64,learnable,True,False,5.0,0.52578125,0.5390625,0.5625,9.362603425979614
128,8,2,0.1,0.001,64,learnable,True,True,1.0,0.515234375,0.45625,0.47375,16.106645822525024
128,8,2,0.1,0.001,64,learnable,True,True,5.0,0.50625,0.5265625,0.525,22.016793489456177
128,8,2,0.1,0.001,64,learnable,False,False,1.0,0.499609375,0.509375,0.49375,6.979166746139526
128,8,2,0.1,0.001,64,learnable,False,False,5.0,0.51875,0.5078125,0.50875,15.154123067855835
128,8,2,0.1,0.001,64,learnable,False,True,1.0,0.5109375,0.5,0.5,15.344495058059692
128,8,2,0.1,0.001,64,learnable,False,True,5.0,0.48828125,0.45,0.4875,14.130269527435303
128,8,2,0.1,0.001,128,last,True,False,1.0,0.5203125,0.5484375,0.53375,8.773857831954956
128,8,2,0.1,0.001,128,last,True,False,5.0,0.521875,0.5859375,0.6025,16.270342588424683
128,8,2,0.1,0.001,128,last,True,True,1.0,0.525,0.5578125,0.52125,10.015254259109497
128,8,2,0.1,0.001,128,last,True,True,5.0,0.524609375,0.553125,0.55125,17.464632987976074
128,8,2,0.1,0.001,128,last,False,False,1.0,0.5125,0.503125,0.5125,15.027998924255371
128,8,2,0.1,0.001,128,last,False,False,5.0,0.51328125,0.5015625,0.49625,10.833908796310425
128,8,2,0.1,0.001,128,last,False,True,1.0,0.50546875,0.515625,0.49875,7.888511657714844
128,8,2,0.1,0.001,128,last,False,True,5.0,0.50390625,0.5359375,0.52,18.145126819610596
128,8,2,0.1,0.001,128,mean,True,False,1.0,0.6375,0.6625,0.62875,28.137434005737305
128,8,2,0.1,0.001,128,mean,True,False,5.0,0.59609375,0.671875,0.66875,28.06950879096985
128,8,2,0.1,0.001,128,mean,True,True,1.0,0.611328125,0.7,0.69125,24.495437145233154
128,8,2,0.1,0.001,128,mean,True,True,5.0,0.551171875,0.6015625,0.63,31.4282124042511
128,8,2,0.1,0.001,128,mean,False,False,1.0,0.541015625,0.5390625,0.5875,24.27989172935486
128,8,2,0.1,0.001,128,mean,False,False,5.0,0.501953125,0.503125,0.52,14.566935300827026
128,8,2,0.1,0.001,128,mean,False,True,1.0,0.509765625,0.53125,0.535,24.918249130249023
128,8,2,0.1,0.001,128,mean,False,True,5.0,0.53125,0.5125,0.53375,9.162597894668579
128,8,2,0.1,0.001,128,learnable,True,False,1.0,0.512890625,0.5234375,0.5375,10.077888488769531
128,8,2,0.1,0.001,128,learnable,True,False,5.0,0.533203125,0.5765625,0.55,30.148916482925415
128,8,2,0.1,0.001,128,learnable,True,True,1.0,0.519921875,0.5015625,0.47875,15.841653823852539
128,8,2,0.1,0.001,128,learnable,True,True,5.0,0.5203125,0.540625,0.5425,10.155874729156494
128,8,2,0.1,0.001,128,learnable,False,False,1.0,0.51484375,0.525,0.51125,12.838067054748535
128,8,2,0.1,0.001,128,learnable,False,False,5.0,0.501171875,0.4984375,0.48875,10.975141763687134
128,8,2,0.1,0.001,128,learnable,False,True,1.0,0.500390625,0.490625,0.5,10.406493186950684
128,8,2,0.1,0.001,128,learnable,False,True,5.0,0.505078125,0.4984375,0.47625,8.57988452911377
128,8,2,0.01,0.01,64,last,True,False,1.0,0.997265625,0.990625,0.98875,19.045873880386353
128,8,2,0.01,0.01,64,last,True,False,5.0,0.99921875,0.984375,0.9925,18.410045385360718
128,8,2,0.01,0.01,64,last,True,True,1.0,0.999609375,0.984375,0.99125,21.90017080307007
128,8,2,0.01,0.01,64,last,True,True,5.0,0.9984375,0.98125,0.98625,18.635128498077393
128,8,2,0.01,0.01,64,last,False,False,1.0,0.997265625,0.9828125,0.985,26.88280725479126
128,8,2,0.01,0.01,64,last,False,False,5.0,0.520703125,0.546875,0.54375,14.469931602478027
128,8,2,0.01,0.01,64,last,False,True,1.0,0.996484375,0.9828125,0.98,31.640053033828735
128,8,2,0.01,0.01,64,last,False,True,5.0,0.99296875,0.984375,0.985,27.333144664764404
128,8,2,0.01,0.01,64,mean,True,False,1.0,0.998046875,0.984375,0.985,21.147422552108765
128,8,2,0.01,0.01,64,mean,True,False,5.0,0.998046875,0.9796875,0.9875,21.082624912261963
128,8,2,0.01,0.01,64,mean,True,True,1.0,0.99921875,0.9796875,0.99125,25.238723039627075
128,8,2,0.01,0.01,64,mean,True,True,5.0,1.0,0.990625,0.9875,22.606088399887085
128,8,2,0.01,0.01,64,mean,False,False,1.0,0.991796875,0.9859375,0.99,31.531255960464478
128,8,2,0.01,0.01,64,mean,False,False,5.0,0.997265625,0.9828125,0.98625,22.004204273223877
128,8,2,0.01,0.01,64,mean,False,True,1.0,0.998046875,0.9796875,0.98625,23.541654348373413
128,8,2,0.01,0.01,64,mean,False,True,5.0,0.99765625,0.975,0.98875,30.485212564468384
128,8,2,0.01,0.01,64,learnable,True,False,1.0,0.51171875,0.4921875,0.50125,13.304337739944458
128,8,2,0.01,0.01,64,learnable,True,False,5.0,0.49140625,0.5,0.5,9.307189464569092
128,8,2,0.01,0.01,64,learnable,True,True,1.0,0.76484375,0.8078125,0.83,33.43511652946472
128,8,2,0.01,0.01,64,learnable,True,True,5.0,0.581640625,0.534375,0.54125,17.36218523979187
128,8,2,0.01,0.01,64,learnable,False,False,1.0,0.505078125,0.4953125,0.49875,8.245126724243164
128,8,2,0.01,0.01,64,learnable,False,False,5.0,0.480859375,0.5,0.5,11.937601804733276
128,8,2,0.01,0.01,64,learnable,False,True,1.0,0.50390625,0.5,0.51125,9.615757465362549
128,8,2,0.01,0.01,64,learnable,False,True,5.0,0.6515625,0.7078125,0.71875,32.0099561214447
128,8,2,0.01,0.01,128,last,True,False,1.0,0.995703125,0.9859375,0.99375,19.345866441726685
128,8,2,0.01,0.01,128,last,True,False,5.0,0.9984375,0.9859375,0.9925,19.24141788482666
128,8,2,0.01,0.01,128,last,True,True,1.0,0.9953125,0.9859375,0.9925,20.01968741416931
128,8,2,0.01,0.01,128,last,True,True,5.0,0.996484375,0.9890625,0.98375,20.03963589668274
128,8,2,0.01,0.01,128,last,False,False,1.0,0.99296875,0.984375,0.98625,27.71144938468933
128,8,2,0.01,0.01,128,last,False,False,5.0,0.553125,0.5359375,0.535,8.510907173156738
128,8,2,0.01,0.01,128,last,False,True,1.0,0.954296875,0.9640625,0.97,30.26114296913147
128,8,2,0.01,0.01,128,last,False,True,5.0,0.9796875,0.978125,0.97625,30.21328568458557
128,8,2,0.01,0.01,128,mean,True,False,1.0,0.9984375,0.9828125,0.98625,23.7738037109375
128,8,2,0.01,0.01,128,mean,True,False,5.0,0.998046875,0.9828125,0.99125,18.12658953666687
128,8,2,0.01,0.01,128,mean,True,True,1.0,0.99765625,0.9859375,0.985,22.03739309310913
128,8,2,0.01,0.01,128,mean,True,True,5.0,0.997265625,0.98125,0.99,21.343472957611084
128,8,2,0.01,0.01,128,mean,False,False,1.0,0.99296875,0.9875,0.98875,24.77285361289978
128,8,2,0.01,0.01,128,mean,False,False,5.0,0.975390625,0.98125,0.97625,30.306578636169434
128,8,2,0.01,0.01,128,mean,False,True,1.0,0.978515625,0.9828125,0.985,30.555137634277344
128,8,2,0.01,0.01,128,mean,False,True,5.0,0.96953125,0.9765625,0.97,30.384310722351074
128,8,2,0.01,0.01,128,learnable,True,False,1.0,0.505859375,0.5,0.5,15.672495365142822
128,8,2,0.01,0.01,128,learnable,True,False,5.0,0.50078125,0.5,0.5,12.542734622955322
128,8,2,0.01,0.01,128,learnable,True,True,1.0,0.755078125,0.828125,0.8225,31.60009002685547
128,8,2,0.01,0.01,128,learnable,True,True,5.0,0.7234375,0.7703125,0.805,26.551619052886963
128,8,2,0.01,0.01,128,learnable,False,False,1.0,0.500390625,0.5,0.5,9.72047233581543
128,8,2,0.01,0.01,128,learnable,False,False,5.0,0.52578125,0.5140625,0.52,14.570599794387817
128,8,2,0.01,0.01,128,learnable,False,True,1.0,0.5609375,0.5359375,0.585,24.991130590438843
128,8,2,0.01,0.01,128,learnable,False,True,5.0,0.592578125,0.6609375,0.69125,30.56780695915222
128,8,2,0.01,0.001,64,last,True,False,1.0,0.775,0.815625,0.79875,32.309133768081665
128,8,2,0.01,0.001,64,last,True,False,5.0,0.779296875,0.828125,0.78875,32.81955361366272
128,8,2,0.01,0.001,64,last,True,True,1.0,0.776171875,0.834375,0.83,31.7453875541687
128,8,2,0.01,0.001,64,last,True,True,5.0,0.790234375,0.859375,0.85375,33.247326374053955
128,8,2,0.01,0.001,64,last,False,False,1.0,0.60703125,0.703125,0.66625,30.077986478805542
128,8,2,0.01,0.001,64,last,False,False,5.0,0.603515625,0.6859375,0.68375,31.31730818748474
128,8,2,0.01,0.001,64,last,False,True,1.0,0.6359375,0.6890625,0.665,31.097956657409668
128,8,2,0.01,0.001,64,last,False,True,5.0,0.6265625,0.6875,0.6625,26.074854373931885
128,8,2,0.01,0.001,64,mean,True,False,1.0,0.851953125,0.865625,0.86625,32.896854877471924
128,8,2,0.01,0.001,64,mean,True,False,5.0,0.821875,0.846875,0.85875,32.90252161026001
128,8,2,0.01,0.001,64,mean,True,True,1.0,0.80078125,0.853125,0.8425,33.40223956108093
128,8,2,0.01,0.001,64,mean,True,True,5.0,0.785546875,0.8,0.82125,33.20341777801514
128,8,2,0.01,0.001,64,mean,False,False,1.0,0.662890625,0.6765625,0.6975,30.132386207580566
128,8,2,0.01,0.001,64,mean,False,False,5.0,0.6515625,0.6484375,0.6625,21.456649780273438
128,8,2,0.01,0.001,64,mean,False,True,1.0,0.653125,0.70625,0.69125,31.969005584716797
128,8,2,0.01,0.001,64,mean,False,True,5.0,0.664453125,0.678125,0.69875,31.773104429244995
128,8,2,0.01,0.001,64,learnable,True,False,1.0,0.575,0.5671875,0.57875,11.273086071014404
128,8,2,0.01,0.001,64,learnable,True,False,5.0,0.68984375,0.7484375,0.71875,33.10440230369568
128,8,2,0.01,0.001,64,learnable,True,True,1.0,0.648828125,0.696875,0.7225,19.475898027420044
128,8,2,0.01,0.001,64,learnable,True,True,5.0,0.65234375,0.7703125,0.775,33.45838236808777
128,8,2,0.01,0.001,64,learnable,False,False,1.0,0.539453125,0.528125,0.5525,12.035192728042603
128,8,2,0.01,0.001,64,learnable,False,False,5.0,0.548828125,0.6,0.62,31.58065891265869
128,8,2,0.01,0.001,64,learnable,False,True,1.0,0.529296875,0.546875,0.59375,17.9705331325531
128,8,2,0.01,0.001,64,learnable,False,True,5.0,0.5375,0.5546875,0.545,23.76126980781555
128,8,2,0.01,0.001,128,last,True,False,1.0,0.75,0.809375,0.79375,29.81656765937805
128,8,2,0.01,0.001,128,last,True,False,5.0,0.7,0.784375,0.74625,27.953632354736328
128,8,2,0.01,0.001,128,last,True,True,1.0,0.716796875,0.7609375,0.7425,31.263551473617554
128,8,2,0.01,0.001,128,last,True,True,5.0,0.725390625,0.796875,0.775,27.652321338653564
128,8,2,0.01,0.001,128,last,False,False,1.0,0.565234375,0.5703125,0.5725,23.51545524597168
128,8,2,0.01,0.001,128,last,False,False,5.0,0.565625,0.5734375,0.58375,22.266133069992065
128,8,2,0.01,0.001,128,last,False,True,1.0,0.599609375,0.6609375,0.66625,29.623749017715454
128,8,2,0.01,0.001,128,last,False,True,5.0,0.566015625,0.5875,0.58625,18.22875189781189
128,8,2,0.01,0.001,128,mean,True,False,1.0,0.770703125,0.8,0.8,30.704498767852783
128,8,2,0.01,0.001,128,mean,True,False,5.0,0.737109375,0.7734375,0.7925,31.183682203292847
128,8,2,0.01,0.001,128,mean,True,True,1.0,0.76171875,0.771875,0.77875,24.477614641189575
128,8,2,0.01,0.001,128,mean,True,True,5.0,0.70859375,0.7390625,0.73625,28.354017972946167
128,8,2,0.01,0.001,128,mean,False,False,1.0,0.591796875,0.5546875,0.55375,11.586713075637817
128,8,2,0.01,0.001,128,mean,False,False,5.0,0.6015625,0.6296875,0.67875,24.85038423538208
128,8,2,0.01,0.001,128,mean,False,True,1.0,0.611328125,0.64375,0.65125,24.395381450653076
128,8,2,0.01,0.001,128,mean,False,True,5.0,0.61015625,0.6390625,0.67,29.816324949264526
128,8,2,0.01,0.001,128,learnable,True,False,1.0,0.6546875,0.778125,0.80625,31.496758937835693
128,8,2,0.01,0.001,128,learnable,True,False,5.0,0.67734375,0.7875,0.77875,31.38918924331665
128,8,2,0.01,0.001,128,learnable,True,True,1.0,0.595703125,0.59375,0.6325,24.60202193260193
128,8,2,0.01,0.001,128,learnable,True,True,5.0,0.6234375,0.7,0.70375,31.552055835723877
128,8,2,0.01,0.001,128,learnable,False,False,1.0,0.525390625,0.5453125,0.5825,12.215794086456299
128,8,2,0.01,0.001,128,learnable,False,False,5.0,0.553125,0.5765625,0.605,16.51724648475647
128,8,2,0.01,0.001,128,learnable,False,True,1.0,0.533203125,0.5953125,0.5975,30.585132360458374
128,8,2,0.01,0.001,128,learnable,False,True,5.0,0.50546875,0.4921875,0.50625,6.766309022903442
128,8,2,0.001,0.01,64,last,True,False,1.0,1.0,0.984375,0.99,19.693509817123413
128,8,2,0.001,0.01,64,last,True,False,5.0,1.0,0.9828125,0.9925,16.428086042404175
128,8,2,0.001,0.01,64,last,True,True,1.0,1.0,0.9796875,0.9925,22.61052131652832
128,8,2,0.001,0.01,64,last,True,True,5.0,1.0,0.984375,0.98625,21.9969699382782
128,8,2,0.001,0.01,64,last,False,False,1.0,0.57890625,0.528125,0.525,6.946657180786133
128,8,2,0.001,0.01,64,last,False,False,5.0,0.999609375,0.984375,0.985,20.703871250152588
128,8,2,0.001,0.01,64,last,False,True,1.0,1.0,0.9875,0.9925,27.19469976425171
128,8,2,0.001,0.01,64,last,False,True,5.0,0.999609375,0.98125,0.98125,20.32580542564392
128,8,2,0.001,0.01,64,mean,True,False,1.0,1.0,0.9796875,0.98625,16.55170965194702
128,8,2,0.001,0.01,64,mean,True,False,5.0,0.99921875,0.9859375,0.985,17.936839818954468
128,8,2,0.001,0.01,64,mean,True,True,1.0,1.0,0.9796875,0.98625,23.282055854797363
128,8,2,0.001,0.01,64,mean,True,True,5.0,1.0,0.98125,0.9875,19.28256106376648
128,8,2,0.001,0.01,64,mean,False,False,1.0,0.998046875,0.9890625,0.98875,25.12632656097412
128,8,2,0.001,0.01,64,mean,False,False,5.0,0.998046875,0.9875,0.9875,30.276413679122925
128,8,2,0.001,0.01,64,mean,False,True,1.0,1.0,0.98125,0.98875,21.76848030090332
128,8,2,0.001,0.01,64,mean,False,True,5.0,1.0,0.975,0.98875,21.60008716583252
128,8,2,0.001,0.01,64,learnable,True,False,1.0,0.612890625,0.715625,0.725,20.52283501625061
128,8,2,0.001,0.01,64,learnable,True,False,5.0,0.59765625,0.5375,0.56,11.360852479934692
128,8,2,0.001,0.01,64,learnable,True,True,1.0,0.57578125,0.5515625,0.565,19.321192741394043
128,8,2,0.001,0.01,64,learnable,True,True,5.0,0.932421875,0.9515625,0.9575,33.424033880233765
128,8,2,0.001,0.01,64,learnable,False,False,1.0,0.5140625,0.5015625,0.505,12.12710428237915
128,8,2,0.001,0.01,64,learnable,False,False,5.0,0.52265625,0.5,0.5,9.517872333526611
128,8,2,0.001,0.01,64,learnable,False,True,1.0,0.5515625,0.5,0.5,19.80444097518921
128,8,2,0.001,0.01,64,learnable,False,True,5.0,0.508203125,0.5046875,0.51375,14.075636148452759
128,8,2,0.001,0.01,128,last,True,False,1.0,0.9984375,0.984375,0.98875,18.650866508483887
128,8,2,0.001,0.01,128,last,True,False,5.0,0.999609375,0.9859375,0.99,19.24569344520569
128,8,2,0.001,0.01,128,last,True,True,1.0,0.999609375,0.9875,0.9875,16.96894359588623
128,8,2,0.001,0.01,128,last,True,True,5.0,0.999609375,0.98125,0.99125,18.813077926635742
128,8,2,0.001,0.01,128,last,False,False,1.0,0.999609375,0.984375,0.9875,22.833994388580322
128,8,2,0.001,0.01,128,last,False,False,5.0,0.998828125,0.990625,0.985,27.0206618309021
128,8,2,0.001,0.01,128,last,False,True,1.0,0.997265625,0.984375,0.985,29.086007595062256
128,8,2,0.001,0.01,128,last,False,True,5.0,0.993359375,0.984375,0.97875,28.509057760238647
128,8,2,0.001,0.01,128,mean,True,False,1.0,1.0,0.9859375,0.985,24.32688808441162
128,8,2,0.001,0.01,128,mean,True,False,5.0,0.998828125,0.9796875,0.99125,19.292088985443115
128,8,2,0.001,0.01,128,mean,True,True,1.0,1.0,0.98125,0.985,24.48187828063965
128,8,2,0.001,0.01,128,mean,True,True,5.0,0.998828125,0.9859375,0.9875,25.77308464050293
128,8,2,0.001,0.01,128,mean,False,False,1.0,0.99765625,0.9890625,0.99125,27.315198183059692
128,8,2,0.001,0.01,128,mean,False,False,5.0,0.997265625,0.9828125,0.9875,29.083126068115234
128,8,2,0.001,0.01,128,mean,False,True,1.0,0.99375,0.975,0.98625,28.560763835906982
128,8,2,0.001,0.01,128,mean,False,True,5.0,0.993359375,0.978125,0.98,30.458723545074463
128,8,2,0.001,0.01,128,learnable,True,False,1.0,0.887109375,0.946875,0.94125,31.47366237640381
128,8,2,0.001,0.01,128,learnable,True,False,5.0,0.88984375,0.9375,0.95375,31.25398087501526
128,8,2,0.001,0.01,128,learnable,True,True,1.0,0.5765625,0.55625,0.5775,18.921306610107422
128,8,2,0.001,0.01,128,learnable,True,True,5.0,0.89921875,0.9359375,0.93375,31.592028856277466
128,8,2,0.001,0.01,128,learnable,False,False,1.0,0.508984375,0.5109375,0.495,7.3744730949401855
128,8,2,0.001,0.01,128,learnable,False,False,5.0,0.50859375,0.5,0.5,9.196393728256226
128,8,2,0.001,0.01,128,learnable,False,True,1.0,0.490234375,0.5,0.5,7.356950759887695
128,8,2,0.001,0.01,128,learnable,False,True,5.0,0.537109375,0.55,0.54,17.11409902572632
128,8,2,0.001,0.001,64,last,True,False,1.0,0.930078125,0.9484375,0.9325,32.79717016220093
128,8,2,0.001,0.001,64,last,True,False,5.0,0.940234375,0.9640625,0.94,32.82677102088928
128,8,2,0.001,0.001,64,last,True,True,1.0,0.916796875,0.94375,0.93625,33.252344608306885
128,8,2,0.001,0.001,64,last,True,True,5.0,0.899609375,0.9234375,0.905,33.07919216156006
128,8,2,0.001,0.001,64,last,False,False,1.0,0.701953125,0.728125,0.72125,31.398571491241455
128,8,2,0.001,0.001,64,last,False,False,5.0,0.693359375,0.7109375,0.695,31.499326467514038
128,8,2,0.001,0.001,64,last,False,True,1.0,0.72890625,0.759375,0.72125,31.150047063827515
128,8,2,0.001,0.001,64,last,False,True,5.0,0.7265625,0.7640625,0.72625,31.643738269805908
128,8,2,0.001,0.001,64,mean,True,False,1.0,0.834765625,0.83125,0.83875,32.97737240791321
128,8,2,0.001,0.001,64,mean,True,False,5.0,0.85,0.8390625,0.855,33.09778547286987
128,8,2,0.001,0.001,64,mean,True,True,1.0,0.87890625,0.878125,0.8675,33.23879051208496
128,8,2,0.001,0.001,64,mean,True,True,5.0,0.83359375,0.8546875,0.855,33.21375226974487
128,8,2,0.001,0.001,64,mean,False,False,1.0,0.73203125,0.73125,0.73625,31.55272626876831
128,8,2,0.001,0.001,64,mean,False,False,5.0,0.690625,0.6953125,0.67625,30.240620136260986
128,8,2,0.001,0.001,64,mean,False,True,1.0,0.68515625,0.6703125,0.69875,23.55085301399231
128,8,2,0.001,0.001,64,mean,False,True,5.0,0.728125,0.7140625,0.72125,31.14628505706787
128,8,2,0.001,0.001,64,learnable,True,False,1.0,0.839453125,0.909375,0.935,33.24587559700012
128,8,2,0.001,0.001,64,learnable,True,False,5.0,0.83203125,0.8890625,0.90375,33.10499048233032
128,8,2,0.001,0.001,64,learnable,True,True,1.0,0.7625,0.7953125,0.83875,33.34494590759277
128,8,2,0.001,0.001,64,learnable,True,True,5.0,0.717578125,0.8078125,0.76,33.436070680618286
128,8,2,0.001,0.001,64,learnable,False,False,1.0,0.56015625,0.521875,0.53,14.050552129745483
128,8,2,0.001,0.001,64,learnable,False,False,5.0,0.625,0.6609375,0.655,30.37545418739319
128,8,2,0.001,0.001,64,learnable,False,True,1.0,0.54609375,0.540625,0.535,10.25595736503601
128,8,2,0.001,0.001,64,learnable,False,True,5.0,0.623046875,0.64375,0.675,31.978094577789307
128,8,2,0.001,0.001,128,last,True,False,1.0,0.86796875,0.8671875,0.86,31.081193923950195
128,8,2,0.001,0.001,128,last,True,False,5.0,0.83203125,0.853125,0.84125,29.86746907234192
128,8,2,0.001,0.001,128,last,True,True,1.0,0.851171875,0.8515625,0.8525,31.239039659500122
128,8,2,0.001,0.001,128,last,True,True,5.0,0.819921875,0.8328125,0.815,21.863462209701538
128,8,2,0.001,0.001,128,last,False,False,1.0,0.68125,0.7328125,0.73125,30.162892818450928
128,8,2,0.001,0.001,128,last,False,False,5.0,0.65546875,0.6734375,0.67875,27.707531213760376
128,8,2,0.001,0.001,128,last,False,True,1.0,0.69375,0.7359375,0.70875,30.229990005493164
128,8,2,0.001,0.001,128,last,False,True,5.0,0.69375,0.7171875,0.69625,30.2824604511261
128,8,2,0.001,0.001,128,mean,True,False,1.0,0.758984375,0.7890625,0.76,31.31438660621643
128,8,2,0.001,0.001,128,mean,True,False,5.0,0.7734375,0.79375,0.7875,30.527523517608643
128,8,2,0.001,0.001,128,mean,True,True,1.0,0.78984375,0.78125,0.8275,27.601869344711304
128,8,2,0.001,0.001,128,mean,True,True,5.0,0.764453125,0.7796875,0.775,31.43988013267517
128,8,2,0.001,0.001,128,mean,False,False,1.0,0.67421875,0.684375,0.6875,27.940489292144775
128,8,2,0.001,0.001,128,mean,False,False,5.0,0.60234375,0.621875,0.60125,13.980944633483887
128,8,2,0.001,0.001,128,mean,False,True,1.0,0.64765625,0.6484375,0.6725,21.3901686668396
128,8,2,0.001,0.001,128,mean,False,True,5.0,0.684765625,0.675,0.69375,30.326591968536377
128,8,2,0.001,0.001,128,learnable,True,False,1.0,0.836328125,0.8921875,0.865,31.24449920654297
128,8,2,0.001,0.001,128,learnable,True,False,5.0,0.76640625,0.8,0.795,31.205589532852173
128,8,2,0.001,0.001,128,learnable,True,True,1.0,0.59375,0.578125,0.61625,31.346951246261597
128,8,2,0.001,0.001,128,learnable,True,True,5.0,0.659375,0.6734375,0.64875,31.329134464263916
128,8,2,0.001,0.001,128,learnable,False,False,1.0,0.633984375,0.6953125,0.66875,30.2518367767334
128,8,2,0.001,0.001,128,learnable,False,False,5.0,0.625,0.66875,0.65625,30.253324508666992
128,8,2,0.001,0.001,128,learnable,False,True,1.0,0.475,0.4734375,0.49,9.767300844192505
128,8,2,0.001,0.001,128,learnable,False,True,5.0,0.53671875,0.521875,0.52875,12.823116302490234
128,8,3,0.1,0.01,64,last,True,False,1.0,0.52734375,0.5125,0.52625,11.475999355316162
128,8,3,0.1,0.01,64,last,True,False,5.0,0.81484375,0.88125,0.88375,47.43530750274658
128,8,3,0.1,0.01,64,last,True,True,1.0,0.9109375,0.9546875,0.945,47.81610918045044
128,8,3,0.1,0.01,64,last,True,True,5.0,0.865234375,0.9203125,0.925,47.790807485580444
128,8,3,0.1,0.01,64,last,False,False,1.0,0.501171875,0.525,0.50375,12.884485483169556
128,8,3,0.1,0.01,64,last,False,False,5.0,0.517578125,0.51875,0.49875,17.48117709159851
128,8,3,0.1,0.01,64,last,False,True,1.0,0.52578125,0.5171875,0.515,20.356033086776733
128,8,3,0.1,0.01,64,last,False,True,5.0,0.595703125,0.6640625,0.655,46.169925928115845
128,8,3,0.1,0.01,64,mean,True,False,1.0,0.987109375,0.9859375,0.98125,42.80210876464844
128,8,3,0.1,0.01,64,mean,True,False,5.0,0.984375,0.9859375,0.9875,36.147416830062866
128,8,3,0.1,0.01,64,mean,True,True,1.0,0.973828125,0.9859375,0.9875,45.049577951431274
128,8,3,0.1,0.01,64,mean,True,True,5.0,0.9765625,0.98125,0.985,42.20416784286499
128,8,3,0.1,0.01,64,mean,False,False,1.0,0.51171875,0.5,0.49375,19.352884531021118
128,8,3,0.1,0.01,64,mean,False,False,5.0,0.493359375,0.5,0.5,10.183934211730957
128,8,3,0.1,0.01,64,mean,False,True,1.0,0.64609375,0.6453125,0.66,46.355037689208984
128,8,3,0.1,0.01,64,mean,False,True,5.0,0.640234375,0.6765625,0.6525,46.31308174133301
128,8,3,0.1,0.01,64,learnable,True,False,1.0,0.5,0.5,0.5,12.390459775924683
128,8,3,0.1,0.01,64,learnable,True,False,5.0,0.4953125,0.5,0.5,10.56656813621521
128,8,3,0.1,0.01,64,learnable,True,True,1.0,0.490625,0.4921875,0.49875,20.263421058654785
128,8,3,0.1,0.01,64,learnable,True,True,5.0,0.498828125,0.484375,0.4975,12.566794633865356
128,8,3,0.1,0.01,64,learnable,False,False,1.0,0.518359375,0.5,0.5,11.121911525726318
128,8,3,0.1,0.01,64,learnable,False,False,5.0,0.489453125,0.5,0.5,16.771669387817383
128,8,3,0.1,0.01,64,learnable,False,True,1.0,0.5078125,0.5,0.5,15.978397607803345
128,8,3,0.1,0.01,64,learnable,False,True,5.0,0.494921875,0.5,0.5,22.655791997909546
128,8,3,0.1,0.01,128,last,True,False,1.0,0.5859375,0.6328125,0.60125,16.248742818832397
128,8,3,0.1,0.01,128,last,True,False,5.0,0.7171875,0.76875,0.76375,46.00189471244812
128,8,3,0.1,0.01,128,last,True,True,1.0,0.866015625,0.921875,0.92625,45.584699392318726
128,8,3,0.1,0.01,128,last,True,True,5.0,0.551953125,0.609375,0.56125,15.610755443572998
128,8,3,0.1,0.01,128,last,False,False,1.0,0.501953125,0.5203125,0.50125,18.614952087402344
128,8,3,0.1,0.01,128,last,False,False,5.0,0.51796875,0.525,0.50375,19.545130968093872
128,8,3,0.1,0.01,128,last,False,True,1.0,0.505078125,0.534375,0.53,13.394624948501587
128,8,3,0.1,0.01,128,last,False,True,5.0,0.504296875,0.5421875,0.53375,14.257254123687744
128,8,3,0.1,0.01,128,mean,True,False,1.0,0.97421875,0.9796875,0.9875,45.54875874519348
128,8,3,0.1,0.01,128,mean,True,False,5.0,0.909375,0.953125,0.95875,45.533912658691406
128,8,3,0.1,0.01,128,mean,True,True,1.0,0.901953125,0.846875,0.85375,42.03384518623352
128,8,3,0.1,0.01,128,mean,True,True,5.0,0.939453125,0.9578125,0.965,45.64521312713623
128,8,3,0.1,0.01,128,mean,False,False,1.0,0.501953125,0.4953125,0.49875,25.815664052963257
128,8,3,0.1,0.01,128,mean,False,False,5.0,0.5046875,0.4734375,0.495,31.196988105773926
128,8,3,0.1,0.01,128,mean,False,True,1.0,0.598828125,0.6359375,0.63875,44.721256256103516
128,8,3,0.1,0.01,128,mean,False,True,5.0,0.582421875,0.634375,0.62875,42.00599932670593
128,8,3,0.1,0.01,128,learnable,True,False,1.0,0.5046875,0.5,0.5,14.66296911239624
128,8,3,0.1,0.01,128,learnable,True,False,5.0,0.505078125,0.5203125,0.5175,11.01509952545166
128,8,3,0.1,0.01,128,learnable,True,True,1.0,0.503125,0.5015625,0.48625,15.64331340789795
128,8,3,0.1,0.01,128,learnable,True,True,5.0,0.515625,0.5,0.5,12.884000539779663
128,8,3,0.1,0.01,128,learnable,False,False,1.0,0.4984375,0.5,0.5,11.644269227981567
128,8,3,0.1,0.01,128,learnable,False,False,5.0,0.494140625,0.5,0.5,9.892381191253662
128,8,3,0.1,0.01,128,learnable,False,True,1.0,0.495703125,0.5,0.5,16.168594121932983
128,8,3,0.1,0.01,128,learnable,False,True,5.0,0.5046875,0.5,0.5,24.233654737472534
128,8,3,0.1,0.001,64,last,True,False,1.0,0.53203125,0.5453125,0.5325,30.406930208206177
128,8,3,0.1,0.001,64,last,True,False,5.0,0.5265625,0.5734375,0.55625,22.804115056991577
128,8,3,0.1,0.001,64,last,True,True,1.0,0.51328125,0.5328125,0.5275,15.351880311965942
128,8,3,0.1,0.001,64,last,True,True,5.0,0.518359375,0.534375,0.54125,17.2447030544281
128,8,3,0.1,0.001,64,last,False,False,1.0,0.524609375,0.4890625,0.49875,11.97820496559143
128,8,3,0.1,0.001,64,last,False,False,5.0,0.51640625,0.50625,0.5025,11.061975240707397
128,8,3,0.1,0.001,64,last,False,True,1.0,0.518359375,0.528125,0.5225,24.061084985733032
128,8,3,0.1,0.001,64,last,False,True,5.0,0.51953125,0.53125,0.52125,28.6338951587677
128,8,3,0.1,0.001,64,mean,True,False,1.0,0.6953125,0.7515625,0.72,42.841559410095215
128,8,3,0.1,0.001,64,mean,True,False,5.0,0.675390625,0.7125,0.71875,42.85740828514099
128,8,3,0.1,0.001,64,mean,True,True,1.0,0.653125,0.6953125,0.71125,44.175172567367554
128,8,3,0.1,0.001,64,mean,True,True,5.0,0.639453125,0.70625,0.70375,43.12792158126831
128,8,3,0.1,0.001,64,mean,False,False,1.0,0.525390625,0.5171875,0.52875,28.520376920700073
128,8,3,0.1,0.001,64,mean,False,False,5.0,0.50546875,0.521875,0.52125,12.954959630966187
128,8,3,0.1,0.001,64,mean,False,True,1.0,0.5171875,0.5234375,0.53375,17.644354343414307
128,8,3,0.1,0.001,64,mean,False,True,5.0,0.497265625,0.484375,0.48875,16.717860221862793
128,8,3,0.1,0.001,64,learnable,True,False,1.0,0.5234375,0.5078125,0.505,22.025665521621704
128,8,3,0.1,0.001,64,learnable,True,False,5.0,0.515234375,0.5109375,0.50875,12.476242303848267
128,8,3,0.1,0.001,64,learnable,True,True,1.0,0.51953125,0.4859375,0.50375,18.329952478408813
128,8,3,0.1,0.001,64,learnable,True,True,5.0,0.505859375,0.5734375,0.55,27.961670875549316
128,8,3,0.1,0.001,64,learnable,False,False,1.0,0.51640625,0.4984375,0.4775,15.744915008544922
128,8,3,0.1,0.001,64,learnable,False,False,5.0,0.507421875,0.5125,0.51375,24.019327402114868
128,8,3,0.1,0.001,64,learnable,False,True,1.0,0.500390625,0.5125,0.5075,19.530356407165527
128,8,3,0.1,0.001,64,learnable,False,True,5.0,0.504296875,0.5,0.4975,13.072772979736328
128,8,3,0.1,0.001,128,last,True,False,1.0,0.517578125,0.5546875,0.53,22.69846272468567
128,8,3,0.1,0.001,128,last,True,False,5.0,0.510546875,0.540625,0.5225,20.862314701080322
