id,group,experiment,4.966666666666667,5.0,5.033333333333333,5.066666666666666,5.1,5.133333333333334,5.166666666666667,5.2,5.233333333333333,5.266666666666667,5.3,5.333333333333333,5.366666666666666,5.4,5.433333333333334,5.466666666666667,5.5,5.533333333333333,5.566666666666666
903_007;0;1,903,19554_2020_12_06_steadystate_glucose_2w0p01_900m_00,0.0506806057650261,0.0480450539024728,0.0482648158273647,0.0490344352205371,0.048810087997548,0.0471874474230184,0.0423721835377132,0.0464806574408453,0.0442825558680867,0.0439715550764716,0.0449226080237368,0.0426040255084109,0.0451580605562673,0.0448450022013789,0.0448094064753887,0.0445327566280407,0.0429701962965132,0.0449247121678852,0.0436574979570724
903_007;10;1,903,19554_2020_12_06_steadystate_glucose_2w0p01_900m_00,0.0453351947327047,0.0422734321312482,0.042320654401058,0.043900517251914,0.041444993875058,0.043604274238852,0.0407760063759531,0.0427464456282321,0.0418308402256419,0.0417417456247312,0.0412525463677991,0.0431979042654905,0.040784044738373,0.040229096183424,0.0409003002944701,0.0392378694860689,0.041253363998137,0.0444302650950389,0.0444576666832276
903_007;12;1,903,19554_2020_12_06_steadystate_glucose_2w0p01_900m_00,0.0409299023134738,0.0401996879508736,0.0381106294406315,0.0374687181438542,0.0394206925034032,0.0417203393651296,0.0402851629045707,0.0410332163140576,0.0400526705826344,0.0402747030884675,0.0422699077793831,0.0404649620656554,0.0397449641157753,0.0399805458547542,0.0404452927510466,0.0370095821158864,0.0413374001045095,0.0390675210915935,0.040096156749532
903_007;13;1,903,19554_2020_12_06_steadystate_glucose_2w0p01_900m_00,0.0392419583548231,0.039666286575568,0.0394910803708037,0.0398251748386609,0.0397576348315116,0.0403814453273442,0.0399913795487134,0.0393275937487023,0.0401039859847658,0.041143501773807,0.0419873433498525,0.0417820004953345,0.0389356987870762,0.0411362223350077,0.0409541800154741,0.0416533627923885,0.0418725173273743,0.0415009116662055,0.041111469235944
903_007;1;2,903,19554_2020_12_06_steadystate_glucose_2w0p01_900m_00,0.0380146135873426,0.0369570056576481,0.0386047808038738,0.0369859172424673,0.0395829368733825,0.037844677275585,0.0379717423818084,0.0398877491184881,0.0365087540821609,0.0371635547170852,0.0387120161604386,0.037016394489244,0.0372357300029471,0.036686192925438,0.0354314956042217,0.0374722049011503,0.0382248296330179,0.0372610057890328,0.0376953584661057
903_007;22;2,903,19554_2020_12_06_steadystate_glucose_2w0p01_900m_00,0.0485475316486418,0.0461575164685931,0.0457861602245219,0.0455139790477095,0.0452970671926162,0.0449398011096463,0.0467549140750231,0.0482355136040377,0.046599003856336,0.0497735599138925,0.0463506116248335,0.0470665625370844,0.0434473701802664,0.0455771351206603,0.0442834710100531,0.0431953853226321,0.0451995968551752,0.0453379380743544,0.0437576262707858
903_007;23;1,903,19554_2020_12_06_steadystate_glucose_2w0p01_900m_00,0.042196124171751,0.0403473519511099,0.0409119300283361,0.0432218274508767,0.0401267714270732,0.0400803322332699,0.039260474021701,0.0402673842987074,0.0416202358814553,0.0374340902080049,0.0384639825885219,0.0388220082764812,0.0403535643393873,0.0397720164224462,0.0382436978022759,0.0421149943938298,0.0383655523967845,0.0386507605499924,0.0419098730322348
903_007;25;2,903,19554_2020_12_06_steadystate_glucose_2w0p01_900m_00,0.0407408521131868,0.0402054984438904,0.040853868202572,0.0415063604295167,0.0425471581850009,0.040945638625964,0.0395715238320898,0.0388145881015517,0.0404179003283574,0.040512492084671,0.0404125847677229,0.0414778644896262,0.0412404807201242,0.0388886482485505,0.0418204399490321,0.0404442896261454,0.0412211558086796,0.0399113135770439,0.04151386922907
903_007;26;2,903,19554_2020_12_06_steadystate_glucose_2w0p01_900m_00,0.0383485815155546,0.0362088709098101,0.0394567268178097,0.0382405428259067,0.0375859943840809,0.0388039572136888,0.0377073027981224,0.0363795727711097,0.0375410225360327,0.0392641552960887,0.038250616778243,0.0377012960264652,0.0370534120644036,0.037340099388774,0.0387320001257193,0.0378010090407551,0.038019730779536,0.0374084429168022,0.0396175722482395
903_007;29;1,903,19554_2020_12_06_steadystate_glucose_2w0p01_900m_00,0.0413010389096764,0.0426657149357992,0.0399859205003491,0.0414752307053938,0.0401309011522936,0.0397874083706439,0.0429137745642738,0.0416172856074303,0.041079617327125,0.0393510310776322,0.0420047679714513,0.0423003973986678,0.0409240705346894,0.0407976488099902,0.0416262074510662,0.0401082737975511,0.0406353581821526,0.0400277857082694,0.0408281395659531
903_007;2;2,903,19554_2020_12_06_steadystate_glucose_2w0p01_900m_00,0.0389125508674077,0.0385111750726416,0.036715713762975,0.0401386675248082,0.0376446537183717,0.039827625913117,0.0385009162982557,0.0395035853506145,0.038972157683741,0.0365165139447757,0.0384888810395269,0.0395689613849212,0.0365689651438197,0.039184787680348,0.0403103638234506,0.0390307828958811,0.0387127032624297,0.0394346108834651,0.0369291717417989
903_007;30;2,903,19554_2020_12_06_steadystate_glucose_2w0p01_900m_00,0.0456230884936393,0.0438295921178244,0.0428403950090047,0.0462792080020287,0.0447438614675472,0.0429473497865408,0.0425069703607735,0.0454244238277492,0.0461345799396211,0.0447364893488555,0.043435759280362,0.0452628470552409,0.0435337545245281,0.0442275121734618,0.0439111429665834,0.0442076079450873,0.0415692522318159,0.043550567663175,0.0420236088220439
903_007;32;1,903,19554_2020_12_06_steadystate_glucose_2w0p01_900m_00,0.045029171345148,0.0440003649298122,0.0408326763211291,0.0425394839879735,0.0426233151067979,0.0408695602849089,0.0418452496798056,0.0408640919184809,0.0406931116516796,0.0409281096882649,0.0399713357271963,0.041912488042829,0.0398627224382864,0.0386023064428074,0.0389170552759577,0.0403953006306182,0.0392574600318749,0.0401167474683272,0.0391443416494658
903_007;34;3,903,19554_2020_12_06_steadystate_glucose_2w0p01_900m_00,0.0462871062387172,0.0429261324932363,0.0465062294217313,0.045010142903367,0.0462538469850874,0.04530683676986004,0.0444119769297522,0.044437381451034,0.0461821603747392,0.046935438217762,0.047624143629998,0.047246144234563,0.0465956855425783,0.0481116835994575,0.0463909666258894,0.0467416848734542,0.0497546953280084,0.0485480916624005,0.0492999445927307
903_007;35;1,903,19554_2020_12_06_steadystate_glucose_2w0p01_900m_00,0.042566836778114,0.0412763901639106,0.0417749354034073,0.042814570032014,0.0386929379721728,0.0398355054132784,0.0432486348347692,0.0400100906355785,0.0414428108924938,0.0404097192628453,0.0391420489415835,0.0428541593578429,0.0398548334986263,0.0388544742141708,0.0416902545041918,0.0383123602735031,0.0416984182378018,0.0414402459392707,0.0406740872878999
903_007;37;2,903,19554_2020_12_06_steadystate_glucose_2w0p01_900m_00,0.0452216882770345,0.0486052753867422,0.0461370567960555,0.0470607458591353,0.0484787808072114,0.0483271390832134,0.0467211365028254,0.0466349537723329,0.0454458933029926,0.0436041245866774,0.0439356054254385,0.0441080472228132,0.0429232450293374,0.045655276113647,0.0460308085703797,0.0400251962510148,0.040858798895137,0.0423103470284555,0.0436386779114859
903_007;38;1,903,19554_2020_12_06_steadystate_glucose_2w0p01_900m_00,0.0474080027307682,0.04505532879886,0.0460215758973774,0.0446486073863343,0.045126705487662,0.0452247531867173,0.0431887650782369,0.0472370067950216,0.0448945735075909,0.0455541527353231,0.0430259365842011,0.0451947885009636,0.0449408624075045,0.0421214709208243,0.0453000293700114,0.0467870343334835,0.0443003571366031,0.0427857084401767,0.0447170962504728
903_007;39;2,903,19554_2020_12_06_steadystate_glucose_2w0p01_900m_00,0.0559823105055875,0.0524553562636275,0.0532869217523435,0.0516249239472749,0.0513903740548052,0.0515515451585638,0.0514616507503381,0.0523782310051568,0.05022157141124,0.0515229685635765,0.0507824320644491,0.0475494806518411,0.0530481492033654,0.0480900316768892,0.0449354629820687,0.0508459869762316,0.0469200256844814,0.0502237817294356,0.0496234092883721
903_007;41;1,903,19554_2020_12_06_steadystate_glucose_2w0p01_900m_00,0.046831965936693,0.0462469183142859,0.0427551914154794,0.0448555668467301,0.0458886858174329,0.0454472876297589,0.0457272235217518,0.0432672435430552,0.0454760798786257,0.047497765728095,0.0448779196761528,0.0441039194829135,0.0429451893886143,0.0459117007190263,0.0462217326635304,0.0418792073964262,0.0427583300120665,0.0451591356686613,0.0426207217953191
903_007;42;1,903,19554_2020_12_06_steadystate_glucose_2w0p01_900m_00,0.0456732923708195,0.0465585821082743,0.0469961562128632,0.0487563266807366,0.0448738264433209,0.0445590649942841,0.0446049444721512,0.0449275926058577,0.0396724346471637,0.0404025769312256,0.0462694113634032,0.0453916372117338,0.0435910056618739,0.0409224360457717,0.0434440250864849,0.0422368462108184,0.0433455376335747,0.0433801905569824,0.0468029777187536
903_007;44;1,903,19554_2020_12_06_steadystate_glucose_2w0p01_900m_00,0.0431188495135121,0.0415126532276869,0.0406613874644246,0.0411502379039342,0.0392080351962626,0.0400270968562489,0.0394307893532747,0.038730917253861,0.0372505162414149,0.0417867688179535,0.0398687732911652,0.0390123469122673,0.0394046180522466,0.0415627456166646,0.0414990702812504,0.0401365750946651,0.0400763421622615,0.0401808297257112,0.0388942755801361
903_007;46;1,903,19554_2020_12_06_steadystate_glucose_2w0p01_900m_00,0.0467199569742672,0.0459497316333296,0.0430152059427003,0.0448028918329487,0.0425290987009265,0.0456382112084111,0.0451669912760417,0.0448303748770749,0.0455837473579445,0.0470821402839114,0.0432364341680119,0.0415349581487326,0.0427986891546694,0.0408960360319759,0.0420634261659958,0.0416205416561842,0.0426068367756369,0.0417608153024187,0.0434622465160816
903_007;47;2,903,19554_2020_12_06_steadystate_glucose_2w0p01_900m_00,0.0438709192746726,0.0448080659734095,0.0433084314288053,0.0457025684669282,0.041818661359738,0.0434768455106234,0.0418433989368103,0.0423691027760601,0.0414947139905421,0.0418570486725733,0.0440385430461986,0.0435157877797718,0.0442318169580115,0.0418989044705782,0.0430873866661848,0.0412425846389489,0.0408824780864815,0.041956741334097,0.0394429626385546
903_007;48;1,903,19554_2020_12_06_steadystate_glucose_2w0p01_900m_00,0.0447347694731351,0.0409327273554813,0.0446494304253288,0.0446454173258456,0.0427235078940815,0.0454631544229462,0.0448944501807985,0.0473838151585912,0.0426804969765451,0.0430080695411236,0.0436094394573095,0.0455404317468779,0.0426500268965505,0.0406531859403688,0.0413860708852412,0.043358180605244,0.0421598982885773,0.0421080022567202,0.0453036167354068
903_007;4;1,903,19554_2020_12_06_steadystate_glucose_2w0p01_900m_00,0.0423262110044082,0.0426300028068104,0.0427304394492464,0.043669433772735,0.0394939284659241,0.0430775303260247,0.0438542334104404,0.0446972539873627,0.0472611322643681,0.0431940220121627,0.0465905651864775,0.049339398466815,0.0438268670940681,0.0427536936550817,0.0422022386939049,0.0426272791279366,0.0446773362158572,0.0451871177219024,0.0447415308649836
903_007;50;2,903,19554_2020_12_06_steadystate_glucose_2w0p01_900m_00,0.044388065181222,0.0461499159641754,0.0441985376282372,0.0434528896889896,0.0440288325582447,0.0442759199710502,0.0434438319567144,0.0427486116655916,0.0431966588059083,0.0436918286109066,0.0414413160099471,0.042922833405162,0.0418820427076328,0.0423457276531806,0.0431302974776674,0.0432956450994042,0.0416871429898546,0.0438265571514332,0.0434058194019074
903_007;51;2,903,19554_2020_12_06_steadystate_glucose_2w0p01_900m_00,0.0449535608920545,0.0447060310761022,0.0458569372952459,0.0446730520810759,0.049055567497118,0.0419099578988802,0.0450695429306081,0.0451709179282517,0.0447549053251225,0.0433715548663254,0.0455524273344694,0.0430092943271977,0.0456369740804317,0.0452740822135403,0.0447527685459309,0.0442072178956123,0.0447380652077727,0.0472642306838369,0.0438865778500213
903_007;52;1,903,19554_2020_12_06_steadystate_glucose_2w0p01_900m_00,0.0452397938580192,0.0451861947236275,0.0452518442526089,0.0452588454414854,0.045563385096836,0.0436660586457059,0.044468446169918,0.0417636816266068,0.0415301580181805,0.0422173302096119,0.0428121887789721,0.0436987308665553,0.0433019723483138,0.0416286195234396,0.0420788578707847,0.0407273195924854,0.0404212606480759,0.0442972165161027,0.0418297552839688
903_007;53;2,903,19554_2020_12_06_steadystate_glucose_2w0p01_900m_00,0.048190748945903,0.0446932800448258,0.04806750125076,0.0484654917043879,0.0461159448142065,0.0494530008483581,0.0469308094814074,0.0490404031140044,0.0492447126660896,0.0481427511418668,0.0468644036882019,0.0488783022154539,0.0478800519221445,0.0482090941134525,0.0510274946569,0.0471846846843645,0.0476085886477823,0.0496789681682457,0.0494165759532629
903_007;54;3,903,19554_2020_12_06_steadystate_glucose_2w0p01_900m_00,0.0407069061268703,0.0384119611001004,0.03822308567054,0.0392092819284792,0.0383141694503624,0.0381303117297621,0.036429000611335,0.038433218161086,0.0398883891115206,0.0366263485503687,0.0387481773369845,0.0419207633361077,0.0413261883222905,0.0396404737981415,0.0389494004463777,0.0379805109038409,0.0387431676238655,0.0382677152514685,0.03947114365682
903_007;55;2,903,19554_2020_12_06_steadystate_glucose_2w0p01_900m_00,0.046678101942969,0.0467554874574253,0.0437717691047236,0.0432567501442724,0.0416409556860392,0.0444046387915596,0.046337746574239,0.0429230029064637,0.0456488102747389,0.044506407554584,0.0472463325055379,0.0433524623989481,0.045306942454345,0.0459755520315551,0.0448679341196309,0.0447598705760785,0.0434939452031484,0.04366824957418,0.0432001383262528
903_007;56;1,903,19554_2020_12_06_steadystate_glucose_2w0p01_900m_00,0.0454339289096618,0.0451647739023391,0.0454062538654995,0.0459701072299143,0.0452782840224902,0.0446103741942672,0.0457150480969421,0.0457001519262255,0.0453796556760588,0.0433029466078631,0.0439432472726619,0.0434296077855608,0.0436829897742186,0.0419222473752294,0.046502823949648,0.0449652389527507,0.0432481652702679,0.0439624765944897,0.0447767551009766
903_007;57;2,903,19554_2020_12_06_steadystate_glucose_2w0p01_900m_00,0.0407660813215544,0.0395759154920351,0.0429185061455238,0.0411032020347503,0.0423073462229842,0.0392264540999161,0.0424141687939092,0.0408037245673782,0.0400768532858078,0.0419302993650528,0.0421426243078296,0.0426569772909994,0.0400014148744052,0.0423668350517054,0.04032989620653,0.0409266598760085,0.0407846406538483,0.0395018015815033,0.0409830488787354
903_007;58;1,903,19554_2020_12_06_steadystate_glucose_2w0p01_900m_00,0.0483901536953059,0.0469480639264669,0.048054858661313,0.0478773365736974,0.0478720319705552,0.0495077583134386,0.0482812917301011,0.0499137834249261,0.0504510799091547,0.046132737361101,0.0467293227177848,0.0475750685968196,0.0452856782614244,0.047155293537095,0.0470615555986992,0.0456989834870913,0.04756133940734,0.0460168399507034,0.0455260792644386
903_007;59;2,903,19554_2020_12_06_steadystate_glucose_2w0p01_900m_00,0.0417436294271954,0.0418953903111322,0.0422559223373858,0.041291284167769,0.0460931276793949,0.0413882018373859,0.0431069168934405,0.0422903693836182,0.0435129153662775,0.0408949185938274,0.0410825897193895,0.0437343005044404,0.0439967607748677,0.0426395036917911,0.0412373247272533,0.0419804599587382,0.0407858791172082,0.0423435331375807,0.0423147661831613
903_007;60;4,903,19554_2020_12_06_steadystate_glucose_2w0p01_900m_00,0.0423421475693374,0.0419045681779092,0.0407899241433708,0.0426513240231924,0.0413809040758684,0.0421151253572615,0.0406736628479882,0.0400560435904259,0.0422593050465076,0.0396547059325661,0.0423760817095294,0.0402831975439741,0.0420938654934238,0.0393097058703777,0.0412846405304569,0.0417795721076352,0.0414629303043436,0.0412746466696888,0.0424213212983611
903_007;61;2,903,19554_2020_12_06_steadystate_glucose_2w0p01_900m_00,0.0455524465712825,0.0461017395751265,0.0476996089412624,0.047254978643807,0.0452501087202453,0.0456344053169559,0.0499812711532366,0.0479004596078125,0.0477215829328397,0.0449757396290271,0.0493406729844973,0.0508916067453694,0.0494431205860009,0.046956983300052,0.0483152404796266,0.0488683262387592,0.048255202597542,0.0487088972470779,0.0479035443690879
903_007;64;1,903,19554_2020_12_06_steadystate_glucose_2w0p01_900m_00,0.0438210319766507,0.0438511976030737,0.0409232667945903,0.0406929093361335,0.0422776086322097,0.0420647879783876,0.0399022675840942,0.0445025313350628,0.0415126532408411,0.0441030797302183,0.0391841057603593,0.042963316051459,0.0394036926224739,0.0421613388904635,0.0423684752166266,0.0404586884523144,0.0437024827943067,0.0390363563179483,0.0407799699996598
903_007;65;1,903,19554_2020_12_06_steadystate_glucose_2w0p01_900m_00,0.0520220744499503,0.0528786882528118,0.0528072095816584,0.0516802434341509,0.0526320789930626,0.0510991900413845,0.0505604612588747,0.0514381315236788,0.0535950496040996,0.0488086256774945,0.054782334784631,0.0516122630103415,0.0514576065468022,0.0521254134421908,0.0523824376187104,0.0508882112850721,0.0520441901247286,0.0502663101929606,0.0497267114982993
903_007;67;1,903,19554_2020_12_06_steadystate_glucose_2w0p01_900m_00,0.0422680371569254,0.0426807133727822,0.0405881964686853,0.0390632103233558,0.0400754422561023,0.0404039946453894,0.0410042469073343,0.0394410257870282,0.0378566328868164,0.038584190513266,0.038914024971715,0.0390358759528179,0.0387344639368261,0.0399526833878127,0.0402903120561171,0.0406166628454936,0.0385716342849538,0.0377596955263628,0.0380930066789173
903_007;69;2,903,19554_2020_12_06_steadystate_glucose_2w0p01_900m_00,0.0506946943650414,0.0476514420491143,0.0482291312290433,0.0474599098877707,0.0454953939253706,0.047125365038071,0.0457805226190524,0.0445603318199373,0.0462330980245152,0.0463697766314587,0.0455136343150292,0.0471076958504202,0.0424939848399319,0.0435239570007603,0.0446363757572136,0.043779255123804,0.0442361427260893,0.0484004702154059,0.0461648413039271
903_007;6;1,903,19554_2020_12_06_steadystate_glucose_2w0p01_900m_00,0.0484837842276582,0.0457865871246553,0.0491841121286989,0.0479766583483027,0.0478895257468714,0.0451443380756972,0.0489128470912732,0.048175013512484,0.0472319871090679,0.0473527656833502,0.0513309754603233,0.0465731792362238,0.046682648615072,0.0441316896948345,0.0497253374707936,0.0495380054994112,0.0461222598032496,0.0481800753271309,0.0486427368444428
903_007;71;2,903,19554_2020_12_06_steadystate_glucose_2w0p01_900m_00,0.0501925249120094,0.0502746943298443,0.0519159801753405,0.0498499159697399,0.0486325766429044,0.0498023980597801,0.0497550828470826,0.049058137786234,0.0464897376546976,0.0497918751216129,0.0447918274711803,0.0467831541137458,0.0486107295290908,0.048455102536783,0.0486388961327278,0.0479191804056524,0.0488281832811853,0.0494384986627827,0.0485425128925926
903_007;72;2,903,19554_2020_12_06_steadystate_glucose_2w0p01_900m_00,0.0478893325162331,0.054243328985614,0.0475019984476931,0.0531781529515793,0.0499749522508601,0.0495479620714231,0.0482332038751012,0.0516440649879177,0.0493343998840943,0.0498619174369554,0.0500485406012601,0.0491156347709598,0.0511838654981865,0.047835002051806,0.0488168912366294,0.0502313639646167,0.0476023447409919,0.0467120435635473,0.0469519197602365
903_007;74;1,903,19554_2020_12_06_steadystate_glucose_2w0p01_900m_00,0.0439538371296259,0.0444170281195229,0.0424569325108712,0.0415426751646642,0.0451319834735087,0.0470698517321668,0.0447953204800645,0.0429851813963732,0.0438457551152765,0.0424329503306903,0.0448500451339543,0.0468321090352317,0.0443515357601769,0.0464306190432308,0.0445029473890035,0.043557377325449,0.0444227289063693,0.0433163251043362,0.0461796686936222
903_007;78;1,903,19554_2020_12_06_steadystate_glucose_2w0p01_900m_00,0.0409995066459314,0.0402721231786675,0.0411200766841783,0.0431512979537434,0.0404185731960352,0.0390245090014133,0.040776205995369,0.039748392698626,0.0404792190942714,0.0416586624559466,0.0383841711013488,0.0409142596233639,0.0396743068842248,0.0424885668184797,0.0389255058760025,0.0387718010655428,0.040740442858778,0.0385812544960651,0.0398536376329089
903_007;79;2,903,19554_2020_12_06_steadystate_glucose_2w0p01_900m_00,0.0395349759008221,0.0398646797505946,0.0399852944148675,0.0386072186882787,0.0408331893268933,0.0406083955563023,0.0401841154062581,0.039096667261894,0.0385723395973547,0.0388555990454343,0.0420493391247182,0.0414298675856116,0.037945298459015,0.0402341926631145,0.0420797353967057,0.0398812993531395,0.0407278564163475,0.0413665806533967,0.0411900108503513
903_007;83;3,903,19554_2020_12_06_steadystate_glucose_2w0p01_900m_00,0.043364459590119,0.0415325977642792,0.0432152788460773,0.0418889002656632,0.0421227086603239,0.0408292320139538,0.0399055432882317,0.0415539326968018,0.0415713273431526,0.0409860248355364,0.0399619518997888,0.0415485708705582,0.0423689232522867,0.0389457293026399,0.0415283643503117,0.0400046250086567,0.0420530477681014,0.044117193335553,0.0408269719284367
903_007;84;3,903,19554_2020_12_06_steadystate_glucose_2w0p01_900m_00,0.0448126649363471,0.0465395893077131,0.0444302089863539,0.0449391089768313,0.0444285547776457,0.0460164299933346,0.0461806769948588,0.0433472342980234,0.0440208637536081,0.0443857408922018,0.0445215569583384,0.0429834810380706,0.0424354656162812,0.0434525323743949,0.0430097537016041,0.0430338514999753,0.0447004137062805,0.0452174408789022,0.0429022073082788
903_007;87;2,903,19554_2020_12_06_steadystate_glucose_2w0p01_900m_00,0.0438625114809366,0.0425542376651606,0.0426684414535568,0.0468367403464998,0.042849562198788,0.0463579918323231,0.043320699634848,0.0432359007140266,0.0423600335853643,0.0425408253600524,0.041407466650873,0.0399771787366334,0.0412021240084857,0.0436349859689085,0.0403157203053214,0.0432007806164183,0.040522278769663,0.0404743878587699,0.0419141472385118
903_007;88;4,903,19554_2020_12_06_steadystate_glucose_2w0p01_900m_00,0.0478878651474766,0.0507903871733879,0.0503408710062784,0.0528557812257318,0.0481012337517927,0.0452765038081337,0.0482609233299266,0.0487376199493868,0.0456375234252939,0.0492504337999569,0.0504796779553218,0.0478230004649663,0.0472817292052755,0.0460092501260006,0.0476986739343841,0.0477017296301835,0.04790552752702,0.0472226692424379,0.0480667837112155
903_007;8;1,903,19554_2020_12_06_steadystate_glucose_2w0p01_900m_00,0.0481181720599261,0.0445072729130477,0.0457241378356315,0.0453892318714339,0.046745965579061,0.046951564557649,0.0458042606587035,0.0447734965232215,0.0469364258106771,0.0487802720486538,0.0449773520582028,0.0477820707551074,0.0438453175712173,0.0463126344339274,0.0457001430523763,0.0436178868894199,0.0436279912951076,0.0441928327335297,0.045845728679147
903_007;91;6,903,19554_2020_12_06_steadystate_glucose_2w0p01_900m_00,0.0449653647453675,0.0454504590210956,0.0450786101820295,0.0450115213537648,0.0447261534928193,0.0428392104011768,0.0434554314940488,0.0457843368952946,0.0446512642146652,0.0440850130998763,0.0447766400490441,0.0450411551305438,0.0452705888982993,0.0442367857321695,0.0430060630368424,0.0467227995343681,0.0426866208109062,0.0429816082444112,0.0433609556950647
903_007;9;2,903,19554_2020_12_06_steadystate_glucose_2w0p01_900m_00,0.0454984501146455,0.0434952591898651,0.0415562411444205,0.0435240924677541,0.0444265575363039,0.0439635403330292,0.0454698172540536,0.0439854183218997,0.0449830952824007,0.0450655743341054,0.0427212235857275,0.0445411838736233,0.0408193683796323,0.0432054368058572,0.0409262549461952,0.0402483337876919,0.0465465165847386,0.0423860349902765,0.041991009115455
903_008;100;6,903,19554_2020_12_06_steadystate_glucose_2w0p01_900m_00,0.0649800181071161,0.0602164986114883,0.0600250549551593,0.0584772387199534,0.0571010725443013,0.053752714596167,0.0527990615841696,0.0583673266959075,0.0563162061809265,0.052934705011376,0.0577863608754822,0.0547919815326194,0.0536810928209581,0.054321062232002,0.0531352336712607,0.0546564516974534,0.0530560888672777,0.0522913198639033,0.0530710242741402
903_008;11;1,903,19554_2020_12_06_steadystate_glucose_2w0p01_900m_00,0.038499386478053,0.0385656827930094,0.0382181136193385,0.0378740497937069,0.0388034559359374,0.0378254567451523,0.0375197361149653,0.0367105066893261,0.0383699355405519,0.0385017303356929,0.0395217153191891,0.0381667083481458,0.0369000184512457,0.0387412264607895,0.037161962776036,0.0383928015554258,0.0361559405413458,0.03752419130442,0.0381055655683244
903_008;12;1,903,19554_2020_12_06_steadystate_glucose_2w0p01_900m_00,0.0405974967628339,0.0413610109194559,0.0429906124810233,0.0415455820830552,0.0424281080071165,0.0428094546389896,0.0415964396557993,0.0422072378752968,0.0415904476744574,0.0425331517350383,0.0408451845278782,0.0430297828379526,0.0425557957179398,0.0399820508103878,0.0420625114883968,0.0402799624307916,0.042308304947984,0.0406177959503076,0.0420819351369232
903_008;13;1,903,19554_2020_12_06_steadystate_glucose_2w0p01_900m_00,0.0460509399248091,0.0457826731629377,0.0455704361153748,0.0444640382733058,0.0452052021132515,0.0455174178243361,0.0445222958257646,0.0446912016241701,0.043363886081394,0.0438956707953433,0.0458746926372417,0.0457221889512778,0.0453215204387365,0.0415394808923816,0.0451375211984077,0.042414986597167,0.0437372589812838,0.045069151053079,0.0437643197025919
903_008;14;2,903,19554_2020_12_06_steadystate_glucose_2w0p01_900m_00,0.0480190295931561,0.0453058323807671,0.0466702026410065,0.0471321498308185,0.046129503756483,0.0457081872602584,0.0466411566849414,0.0437195681982675,0.0459392664231687,0.0466734487045427,0.043269082040182,0.0424662256175478,0.0441886394785962,0.04455239617301,0.0439279809714992,0.0464322002959985,0.0435486941791493,0.0426044996237779,0.0422113237488366
903_008;15;1,903,19554_2020_12_06_steadystate_glucose_2w0p01_900m_00,0.0395456568856307,0.0396322747016744,0.0413694908366065,0.043513386982671,0.0402190677879268,0.0410647689522699,0.0403198234345017,0.0426759927792378,0.0381268559308413,0.0391851391081154,0.0391660607322311,0.0401798268666666,0.0390814694082189,0.037503398127167,0.040775936062827,0.0368408745304452,0.037339094359969,0.0387936368677177,0.0349294548735425
903_008;16;1,903,19554_2020_12_06_steadystate_glucose_2w0p01_900m_00,0.0429013535805329,0.0445465354346281,0.0427477779605334,0.0402691506092925,0.0415217073603958,0.0427170449954244,0.0410410380231834,0.0419710274930244,0.0431585106531802,0.0440144674001381,0.0430346963769713,0.0453089275601138,0.0450939169584143,0.0438554528238026,0.0443305463336824,0.0421576154683408,0.0435979500286855,0.0447232188151308,0.042285921985719
903_008;17;1,903,19554_2020_12_06_steadystate_glucose_2w0p01_900m_00,0.0360655237341708,0.034813610976697,0.035435698325942,0.0352515097732948,0.0350116153619936,0.037212531790766,0.0356823021376225,0.036546411945852,0.0366816144549873,0.0363042364428997,0.036911498765655,0.0360594338641655,0.0352314386292563,0.0358610762676892,0.0358414886755338,0.0344333295641793,0.0379151716149268,0.035833742698628,0.0349699488561986
903_008;18;1,903,19554_2020_12_06_steadystate_glucose_2w0p01_900m_00,0.0415734174099976,0.0407971953420316,0.0407326881317364,0.0410230219796661,0.0408496431382409,0.0415492221408018,0.0406283892541076,0.0417601760190413,0.0391552736388586,0.0405107711420749,0.0419714175440334,0.0402406094298936,0.0433977608627202,0.0405689376042117,0.0393339851963153,0.0432612709019429,0.0388605487203634,0.0405243895676124,0.0406033841994571
903_008;1;2,903,19554_2020_12_06_steadystate_glucose_2w0p01_900m_00,0.0435122793522777,0.0434573871935223,0.0433104024924312,0.0435960055185615,0.044582214788071,0.04591892443221,0.0455685740498714,0.04348095610496,0.0444019201895961,0.0469102907689839,0.0431946827219198,0.0446028285686228,0.0443753716725088,0.0454163867634883,0.0447967063158874,0.0465210804786076,0.0435036862684148,0.0456237812970503,0.0477366834240075
903_008;20;1,903,19554_2020_12_06_steadystate_glucose_2w0p01_900m_00,0.0389947749997156,0.0401649679107659,0.041046419943762,0.0415663726004712,0.0410323616477418,0.0400070465019258,0.0423806069312878,0.0404700004390304,0.0414589852969283,0.0409093633538058,0.0415127194799633,0.0396993706000239,0.0408838802996045,0.0417294478043559,0.0429124811383847,0.0451787318192491,0.043915634246251,0.0426053950057767,0.0426245065786794
903_008;22;1,903,19554_2020_12_06_steadystate_glucose_2w0p01_900m_00,0.0460198782203484,0.0465659919838763,0.0446024934874075,0.0462711172091894,0.0434932617952384,0.0433629345156564,0.0422136174379817,0.0433529933484023,0.0426941900242761,0.0438096091905049,0.0434426117915236,0.0422743551363356,0.0433240547694969,0.0426532284926081,0.0456675095825696,0.0460300691381603,0.0416806002430553,0.0428560118759291,0.0453346777463388
903_008;23;1,903,19554_2020_12_06_steadystate_glucose_2w0p01_900m_00,0.0409238600596312,0.0414277501255373,0.0415893126660596,0.0407615087344091,0.0435288704037963,0.0433194224060447,0.0401398563555887,0.0411370891517066,0.0402069186692298,0.0406089686699458,0.0405712731566464,0.0428829690910692,0.0434663855280916,0.0419747048199538,0.0425529971860913,0.0402884698056329,0.0413852781911341,0.0420662078682204,0.0435594474385357
903_008;26;1,903,19554_2020_12_06_steadystate_glucose_2w0p01_900m_00,0.0432874230951237,0.0428579330552969,0.0407899610577635,0.0426088528925212,0.0400971447715766,0.0418209843512885,0.0402847746228118,0.0403908949124511,0.0410967939232137,0.0429888857260653,0.041007172642474,0.0447760250585461,0.0435715664735975,0.0432088462519828,0.0413797030739093,0.0444597300088872,0.0425995088249349,0.0423391367327838,0.0440490077373444
903_008;29;1,903,19554_2020_12_06_steadystate_glucose_2w0p01_900m_00,0.0471680426774987,0.0459679544115126,0.0435800007747718,0.0464543060290155,0.044622079731403,0.0456988878136028,0.0467923585775405,0.045597511705649,0.0482454636007316,0.0438014406703615,0.0468668875698742,0.0459691062618563,0.0441062552996108,0.0457796684755726,0.0436035187628994,0.0444968446449747,0.0449210259856555,0.0448014921747095,0.044698300339934
903_008;30;1,903,19554_2020_12_06_steadystate_glucose_2w0p01_900m_00,0.0463794553432814,0.0439875529346916,0.0472277531742518,0.0484976184630598,0.0447310883504017,0.0469608169128571,0.0443871774668961,0.0481852935272031,0.045483690009834,0.0441281517237298,0.0448407742369053,0.0441255340556582,0.0466213515530287,0.0459890015619972,0.0451149408659218,0.0459089846558239,0.0458477892753279,0.0433173252691799,0.0432136839052136
903_008;31;2,903,19554_2020_12_06_steadystate_glucose_2w0p01_900m_00,0.0411742460041607,0.0376471381665782,0.0401733556130487,0.037548273969058,0.0413021839892024,0.0371001873700725,0.0380608470489413,0.0380552136808089,0.0378439140088269,0.0397949060444924,0.0352043759719121,0.0369821263307654,0.0366846060746216,0.0363973941323318,0.0377900137993045,0.0388730411449846,0.0377705591550035,0.0391452941919997,0.036284489145882
903_008;32;1,903,19554_2020_12_06_steadystate_glucose_2w0p01_900m_00,0.0459482913032052,0.0461164281720383,0.0452182296635027,0.0433797022217511,0.0451542370093205,0.0432350935892147,0.044344683725923,0.0438838513522277,0.0463341627241281,0.0466509802308631,0.04505549291935044,0.0423894173540842,0.0437668744156754,0.0438643525643216,0.0445902493850635,0.0440858602021005,0.0431148875787298,0.0420249373476023,0.0435475259080571
903_008;33;1,903,19554_2020_12_06_steadystate_glucose_2w0p01_900m_00,0.0396119372284906,0.0397872326301477,0.0396030617136915,0.038864067036055,0.0360124231835406,0.0391897553604338,0.0379530120082163,0.0389567993708522,0.0395644604205055,0.0411353405040792,0.0397050113643423,0.0384847109551596,0.0390168534231613,0.0384073070498254,0.0392370602338106,0.0395748923844151,0.0390182865516207,0.0388867978314615,0.036836917436904
903_008;34;1,903,19554_2020_12_06_steadystate_glucose_2w0p01_900m_00,0.0452923954808968,0.044721632742577,0.0442497300765937,0.046103875100451,0.0473328768985602,0.0471606137867002,0.0459574850926873,0.0470647110806713,0.0464673834310406,0.0480936027193463,0.0469876729409688,0.0448744467359182,0.0494229968890536,0.0451557837094396,0.0460948553343424,0.0469660270606135,0.0441569103680597,0.0448241027861283,0.0444031875158728
903_008;35;1,903,19554_2020_12_06_steadystate_glucose_2w0p01_900m_00,0.0464585617530642,0.0463919658335676,0.0449970289707137,0.0452413789432532,0.0456624401839179,0.0425786643359726,0.0468836279960869,0.0453727114214297,0.0456966285744347,0.044219041803142,0.0431068694869752,0.0431240862502493,0.0424634431923495,0.045202493671295,0.0449804600411038,0.0449625839226278,0.0426998130145069,0.0482274970988423,0.0444002285313469
903_008;36;2,903,19554_2020_12_06_steadystate_glucose_2w0p01_900m_00,0.0393211553858089,0.0408501157197958,0.0380415645803008,0.0386876844592653,0.0404021947892753,0.0391802313195164,0.0403174735511624,0.0379839875207306,0.0381971086960041,0.0378580505241177,0.0389670421675848,0.0405330970997504,0.0399749545190783,0.0391245109423146,0.0398036078008318,0.0439218240339097,0.0403185479958853,0.039114930281563,0.0397838444314164
903_008;37;1,903,19554_2020_12_06_steadystate_glucose_2w0p01_900m_00,0.0471779289715339,0.0460784962149689,0.0439459202292998,0.0457718548681497,0.0452622618144629,0.0428889118125569,0.0457433156686679,0.0439964612750374,0.0445380651967108,0.0434137800922967,0.0444591814772304,0.0462151340447153,0.0450018241501003,0.0456163560846076,0.0465617848287022,0.0475100094761642,0.0474326536160435,0.0473338359279854,0.0469081480941404
903_008;38;2,903,19554_2020_12_06_steadystate_glucose_2w0p01_900m_00,0.0461626516307306,0.0463806228886452,0.0476727051890856,0.0449584211772475,0.046005796335056,0.046109967431717,0.045517011152434,0.0414576567368791,0.0450891004501008,0.0403214097569004,0.0406826471357027,0.0415085928816389,0.0433017471774592,0.0442795910482091,0.046222268157787,0.0426205075857165,0.0433240960980812,0.0418967552003779,0.041406096327158
903_008;39;1,903,19554_2020_12_06_steadystate_glucose_2w0p01_900m_00,0.0454612883557398,0.0469293382354746,0.0466542320975732,0.0432141762594261,0.0427550849194294,0.0421801045763362,0.0431234993350912,0.0432749984123215,0.0422538217393195,0.0432907437324667,0.0412645999505496,0.0448598798607187,0.0428338091646911,0.0441645525720198,0.0438216352930235,0.0437282857438059,0.041952171749318,0.0405162234422598,0.0433066725983503
903_008;40;1,903,19554_2020_12_06_steadystate_glucose_2w0p01_900m_00,0.0427056772522984,0.0446497829692626,0.0445774153698039,0.0445960970473879,0.0432685294102513,0.0429133507107144,0.0428233570154217,0.0409234807526934,0.0428261203853701,0.0436842088088296,0.0445905580376852,0.0443874727670543,0.0423027200027269,0.044320923964476,0.043044478897068,0.0440353853337891,0.0405359566867385,0.0420825990175456,0.0418091159728249
903_008;41;1,903,19554_2020_12_06_steadystate_glucose_2w0p01_900m_00,0.0398328870778366,0.0399739919877686,0.0396931081100877,0.0394022484829562,0.0399386376456665,0.0391008221378292,0.0402187495215165,0.0390430091119939,0.0380593435551353,0.0372293976262367,0.0372519874017984,0.0378005793564076,0.0393564339583782,0.0386403936624938,0.0398957070227078,0.0388529263551979,0.0382339262184492,0.0388301830184368,0.0380061504027608
903_008;43;2,903,19554_2020_12_06_steadystate_glucose_2w0p01_900m_00,0.0473701442648466,0.0473448487763025,0.04920891803299,0.0478757174736457,0.0471105772828446,0.0469361565449023,0.0469551186214711,0.045821286977534,0.0457961015368657,0.0426401151006837,0.0442947513617153,0.0463346447869988,0.0459851090695737,0.049105392244321,0.0493182652318917,0.046516426352652,0.047624362691218,0.0490677240087922,0.0453047086507819
903_008;44;1,903,19554_2020_12_06_steadystate_glucose_2w0p01_900m_00,0.0449849365684116,0.0461686146256831,0.0422467254718295,0.0430838153780324,0.041286356254819,0.041451606956034,0.0416799764849497,0.0409282237444944,0.0409267775149221,0.0416069152779283,0.0413245353110564,0.0394503602310816,0.0443290378157382,0.0412394032801902,0.040974189454753,0.040875912134039,0.0410448807162248,0.0376368924852131,0.0401687651121105
903_008;48;1,903,19554_2020_12_06_steadystate_glucose_2w0p01_900m_00,0.0488358534204041,0.0445459999691782,0.0455763513258678,0.0445231913500641,0.044962825957266,0.0442243395967939,0.0444182110040379,0.0452580164491359,0.0454511366846911,0.0449222839752934,0.0454097177243191,0.0468646275716929,0.0456902242935247,0.0487091384710779,0.0459089716489424,0.0465481342699744,0.0476717185671277,0.0464236045821843,0.0443865960644757
903_008;49;1,903,19554_2020_12_06_steadystate_glucose_2w0p01_900m_00,0.0401745993475236,0.0427401616906701,0.0420213629601316,0.0420084555524925,0.0393495108305122,0.0381938598776162,0.040789469304816,0.0418058979492221,0.0415443685872492,0.0414110445334584,0.0375108271598616,0.0389747778495276,0.0406196947158482,0.0424519053619068,0.0368521371078901,0.0412961852179093,0.0391524212372474,0.0396578772526307,0.0405549475109051
903_008;4;1,903,19554_2020_12_06_steadystate_glucose_2w0p01_900m_00,0.0396325469840167,0.0380860418851102,0.0415453442478809,0.0390661391506653,0.0385480512255429,0.0397160054595452,0.0396910494068983,0.0392257975618989,0.0390536310725902,0.0423291478288725,0.0384024042926614,0.0396082717374578,0.0425029465621294,0.0399978146377317,0.0380840854376215,0.0383643145478307,0.0408943979345882,0.0372577797116695,0.039910599356571
903_008;50;1,903,19554_2020_12_06_steadystate_glucose_2w0p01_900m_00,0.0496494994828604,0.0519841553122626,0.0509676303740662,0.0481669219266279,0.0470207115615692,0.0456748747598547,0.0485923952815255,0.0504066688684885,0.0504300307370714,0.0488991446136514,0.0482507543071755,0.0478318494795603,0.0479249443596838,0.051034652998668,0.0499154074603613,0.0504277297060632,0.0507268102143841,0.0504372318646376,0.050348833615741
903_008;53;1,903,19554_2020_12_06_steadystate_glucose_2w0p01_900m_00,0.0462485649238689,0.0467506347086604,0.0499016049127394,0.0487432352781996,0.0449984981545853,0.0472270289094568,0.0461680452945882,0.048501367792719,0.0476386299077742,0.0478988866412653,0.0454239671441066,0.0473810670758657,0.0474378578335771,0.0465519216165308,0.0486020004435556,0.047936095365845,0.0478113003176643,0.045066786543962,0.0462198299761602
903_008;54;1,903,19554_2020_12_06_steadystate_glucose_2w0p01_900m_00,0.0434942384125029,0.041401673686752,0.0437533477774808,0.0424416836414791,0.0438143464593393,0.0423733812743174,0.04243887412772,0.0434726344341527,0.0415682053616653,0.0428261403630861,0.0425971053764809,0.0414728204201743,0.0424401330808729,0.0421849980296484,0.041359248450026,0.0412358783339411,0.0428397452517513,0.0429623532162901,0.0403974850323966
903_008;55;2,903,19554_2020_12_06_steadystate_glucose_2w0p01_900m_00,0.0436156762623882,0.0427392162132899,0.0411464049654306,0.0451215777141164,0.0420208560432042,0.041749817449278,0.0422087147542787,0.0411721970693562,0.0414057019105317,0.0415171891921472,0.041315460193421,0.0412333595943374,0.0412499764168374,0.0387593661056392,0.0396802110790068,0.0391860335045437,0.0416153334993855,0.0398012778532448,0.0385171550778763
903_008;56;1,903,19554_2020_12_06_steadystate_glucose_2w0p01_900m_00,0.0443173000696201,0.0450070113224534,0.0464160473007099,0.0460176815169344,0.0468638712614511,0.0454669028618286,0.045988056995773,0.0425599422230204,0.0479235231703204,0.04498816631251,0.0456709089907587,0.0450826111533349,0.0472032257547828,0.0460455969303142,0.0477650081916291,0.0482071440860668,0.0433602362763186,0.0479125293468863,0.0456857018742417
903_008;57;1,903,19554_2020_12_06_steadystate_glucose_2w0p01_900m_00,0.0440506515417604,0.0434921105776584,0.0438615157556302,0.0442756145223447,0.0446604160284079,0.0429032440195748,0.0429563915918611,0.0426438389706031,0.0417826607859234,0.0436843796749699,0.0442111967898772,0.0425139199587382,0.0438724650671067,0.043617369796917,0.0455904210750959,0.0452507827734928,0.0412088902939094,0.0424702201804725,0.0427446922193137
903_008;61;1,903,19554_2020_12_06_steadystate_glucose_2w0p01_900m_00,0.0504039888769852,0.0460344335387108,0.048861137714615,0.0506091366745681,0.0481123077407829,0.0475203475908136,0.0492556779009004,0.0485198398727466,0.0475734450281755,0.0487737173681694,0.0463486037168239,0.050045125549108,0.0480774873228585,0.046933015155033,0.0481172293920268,0.0479712222747976,0.0507108476672624,0.0465435971987768,0.0458163236472471
903_008;63;2,903,19554_2020_12_06_steadystate_glucose_2w0p01_900m_00,0.048808586079986,0.0484685834983479,0.049274045763597,0.0484806172832908,0.0483981246137893,0.0466059280459181,0.0460213359814161,0.0462208461528024,0.0477640343684419,0.0472657338675207,0.0453477180804552,0.0451214942562997,0.0465932697355783,0.0476619623425167,0.0470155708255056,0.0463076592309527,0.0476586601460279,0.0470588852959232,0.0461491433724689
903_008;66;1,903,19554_2020_12_06_steadystate_glucose_2w0p01_900m_00,0.0441743997231555,0.0440576664829369,0.0419291498224955,0.042411537591208,0.0439978799626658,0.0409493405854908,0.0411094498850369,0.0436979156910735,0.0433710263149543,0.0457202112451573,0.0447464110537734,0.0459073742972342,0.043865150126535,0.044148116234204,0.0431397085837976,0.0458183912631217,0.0501730650498005,0.0468660001144054,0.0441413155689475
903_008;67;2,903,19554_2020_12_06_steadystate_glucose_2w0p01_900m_00,0.0437417586917374,0.0433171735529671,0.0419152794832785,0.0436773176542994,0.0430677478550942,0.0407222895279755,0.041970184846534,0.041087021676085,0.0440354577952355,0.0421254743796982,0.0427964844559915,0.0412821736600013,0.0401966688597832,0.0422997363726636,0.0413315754762928,0.0401454781538124,0.0407118354351306,0.0410620853150238,0.0405162814785399
903_008;68;1,903,19554_2020_12_06_steadystate_glucose_2w0p01_900m_00,0.0486369386087553,0.0503258477138067,0.0470420383897219,0.0481826711929005,0.0442795283676464,0.046334057246346,0.0455744195290132,0.0456076484460807,0.0460833753380768,0.0440962393225305,0.0433392434335755,0.0428484731967031,0.0444726816202843,0.043686799730706,0.0414190403047494,0.0492572109871378,0.0460048104703647,0.0417495714613067,0.0464626041670415
903_008;69;2,903,19554_2020_12_06_steadystate_glucose_2w0p01_900m_00,0.0442103038071396,0.0409534301076974,0.0430225446161971,0.0429289066321663,0.041987298479252,0.0406702701539221,0.0403998010804142,0.0430523180476812,0.0394785760806529,0.0421006923530727,0.0400539759936332,0.0426573510055811,0.042238313956582,0.0417431476570539,0.0449992465080234,0.0400802319371654,0.041666235238393,0.0408832680581764,0.0397522954767272
903_008;71;2,903,19554_2020_12_06_steadystate_glucose_2w0p01_900m_00,0.0416667423674061,0.0452412520606844,0.0430987097518565,0.0435002426424533,0.0425662849601861,0.0429588817426235,0.04280450791789,0.047520102333749,0.0454089040169878,0.0432228260716993,0.0465760183526174,0.0461684802258702,0.0481759273784694,0.045160593059267,0.047519011747903,0.0466382047968673,0.046077662593374,0.0473286167980315,0.0467554392389857
903_008;72;1,903,19554_2020_12_06_steadystate_glucose_2w0p01_900m_00,0.0463232529337145,0.0473682973758547,0.0467767483612187,0.046346957845247,0.0476282805912672,0.0487017828042065,0.0475941518035466,0.0455318096604995,0.0459992770644239,0.0435483490220982,0.0454832603208527,0.0450897837786609,0.0497838577517174,0.0484339261138757,0.0467868004718703,0.0466093541820031,0.0460608512705067,0.05081163757083,0.0443856334719355
903_008;73;1,903,19554_2020_12_06_steadystate_glucose_2w0p01_900m_00,0.0417696512332344,0.0400144867080191,0.0391125900295212,0.0380407721084861,0.0402024048710337,0.0393059552823871,0.0385747849083157,0.0386316863897657,0.0409470516796981,0.0387196458046488,0.0385863717397277,0.0401725277682021,0.0395231168098307,0.0396813793043814,0.0372748635500582,0.0402594508080294,0.040305522995475,0.0390559079578259,0.0389682471112996
903_008;74;2,903,19554_2020_12_06_steadystate_glucose_2w0p01_900m_00,0.0477022039597384,0.0463940381781101,0.0447172406874764,0.0466017178188143,0.0452931570615655,0.0440684998152337,0.0492474087240307,0.0448960527390977,0.0454863917692976,0.0417943068650889,0.0447589909624974,0.0462069130875092,0.0461370475254664,0.045936327697587,0.0465575735385232,0.0483233301361828,0.050149025265594,0.0477127232499488,0.0485158428519582
903_008;75;3,903,19554_2020_12_06_steadystate_glucose_2w0p01_900m_00,0.0404086225669583,0.0433341823888387,0.0409264834164533,0.041048425576823,0.0425601387055601,0.0427304042665438,0.0417849911360284,0.0425369517810309,0.0415753262160262,0.0419763139313697,0.0423165509345672,0.0418584865830495,0.0419241775256358,0.0418712512216011,0.0438453377574245,0.042283840251473,0.03963964161963,0.0404521947479635,0.0408969282286485
903_008;76;1,903,19554_2020_12_06_steadystate_glucose_2w0p01_900m_00,0.0466643081119553,0.0464003128788621,0.0479501132604769,0.0459946521312657,0.0452877296495366,0.0461069864526011,0.0423272402022899,0.0429672069701779,0.043387073564449,0.042470453117484,0.0427617931380749,0.0424328534491499,0.0426967520554344,0.0411330161147437,0.042134737312106,0.0421119200869105,0.041061841759436,0.0424486702960371,0.0425620039762544
903_008;78;2,903,19554_2020_12_06_steadystate_glucose_2w0p01_900m_00,0.0438116268854253,0.0426403917379856,0.0439737434341327,0.0400443947250251,0.0396868559443146,0.0414539242513239,0.0391969103817373,0.0410842555964525,0.0416555332899671,0.0402174620057362,0.0402410585261648,0.0402676694981878,0.041902501892405,0.0380117514291714,0.0408033730661579,0.0394824526256559,0.0418578449476433,0.0398165221268275,0.0391995754080361
903_008;79;2,903,19554_2020_12_06_steadystate_glucose_2w0p01_900m_00,0.0469882260906175,0.0535855642888666,0.0487246127924504,0.0469765477660838,0.0467543371754328,0.0487217818052527,0.0519869598185999,0.0484170566157225,0.0479104856652871,0.0464868109643316,0.0478531261820232,0.0465234688937486,0.0427830118990478,0.0472033837054021,0.0453725519647864,0.0448803507891861,0.0447758604208821,0.0477680415949995,0.044790532886966
903_008;7;1,903,19554_2020_12_06_steadystate_glucose_2w0p01_900m_00,0.0400330886068214,0.0379376811865218,0.037924176155826,0.0376107169559655,0.037991046170751,0.0347810898522627,0.0383916006508104,0.0395744077262669,0.038425240357834,0.0380766767793026,0.0371285916020419,0.0372999345206985,0.0372020041930306,0.036787317587743,0.0365928631166577,0.0378477144627445,0.0379704581591994,0.0376895238293224,0.0379523289815271
903_008;80;1,903,19554_2020_12_06_steadystate_glucose_2w0p01_900m_00,0.0422498712700251,0.0431056775518019,0.0423885375107179,0.0404817195876481,0.0417352055976315,0.0426566699261188,0.0437340380615187,0.0427417346477947,0.040920555816096,0.0427250258856746,0.0427672182425435,0.043847107390153,0.039863452468309,0.0405963242763257,0.0394649736085814,0.0396438284120546,0.0420027183646314,0.0382158946458204,0.0412512149252825
903_008;82;3,903,19554_2020_12_06_steadystate_glucose_2w0p01_900m_00,0.0368898945434004,0.0393953655240632,0.0396953965738916,0.0389818894060963,0.0390400893091134,0.0373690985014559,0.037494440829084,0.036094557418916,0.0403935244327579,0.037698848798481,0.0394126695940579,0.0370103774966723,0.0388078039025655,0.0395040978966059,0.0385011755186394,0.0404793667273436,0.0393616599234896,0.0362702420112217,0.0405988134357256
903_008;83;3,903,19554_2020_12_06_steadystate_glucose_2w0p01_900m_00,0.0439615573635762,0.0418652134286466,0.0443397867569947,0.0410459504081486,0.0420541701413685,0.0410397267898245,0.042577403609127,0.0423545785854039,0.0423084388482361,0.0422814930982617,0.0422734870624435,0.0418163319532491,0.0398550090696519,0.0403704918874545,0.0407418157117522,0.0407497213150499,0.0418885123446948,0.0401160145284519,0.0390020927344734
903_008;85;3,903,19554_2020_12_06_steadystate_glucose_2w0p01_900m_00,0.0478886612041032,0.0462201330836538,0.0463636222100222,0.0457481176918015,0.0513946850087438,0.0443116891026165,0.0482621076141154,0.0499889108636359,0.0522683504081127,0.0488757270830914,0.0483819037057416,0.0493034845421355,0.0493325710046447,0.0465891359985669,0.0482402137857021,0.0491586994173911,0.0497237871016228,0.0488398688939682,0.0488269334326181
903_008;86;3,903,19554_2020_12_06_steadystate_glucose_2w0p01_900m_00,0.0396412180623899,0.0364070455036271,0.038194971919901,0.0388226451328898,0.0392263651252519,0.0385030401558673,0.0372929145874546,0.0385983452795074,0.0381632548251026,0.0368503167644348,0.0364862453197433,0.0384694006997328,0.037243723785669,0.0373357119036201,0.0364061671196315,0.035111696519244,0.0354149498504148,0.0370377878663073,0.0371194756965678
903_008;87;2,903,19554_2020_12_06_steadystate_glucose_2w0p01_900m_00,0.0497497194160199,0.046966223495866,0.0482348555584074,0.047340049530104,0.0461091894513636,0.0456100729963801,0.0428942920985835,0.0439727308220141,0.0441776433918429,0.0442872104772844,0.0475858384768432,0.0442903128860586,0.0455531690793323,0.0453965233379136,0.0442350147156377,0.0447285371062488,0.0435402542076393,0.0439181998653675,0.0443361739528945
903_008;89;4,903,19554_2020_12_06_steadystate_glucose_2w0p01_900m_00,0.047116168765789,0.0512147881486571,0.0495823627732902,0.0511384029205725,0.0490826022514975,0.0495066252238352,0.0477997222072577,0.0487817502170213,0.0480822813162661,0.0480352222231335,0.0466046920620315,0.0466594481129815,0.0479612261191698,0.045705131639746,0.0482512144727195,0.0454821027779083,0.046565243613897,0.0462256128473821,0.0452040667216959
903_008;8;1,903,19554_2020_12_06_steadystate_glucose_2w0p01_900m_00,0.0403908263777445,0.0393358076638753,0.0395366056390931,0.0404862543411614,0.0382920718925529,0.0391148800863052,0.0393176952711651,0.0384379547228094,0.0416163806540571,0.0395036972289775,0.0388430456979994,0.0403563252928922,0.0373602959777024,0.0399668639903142,0.0408299957825432,0.040399164862911,0.0408811310490236,0.0360269686385954,0.0391442118678793
903_008;90;3,903,19554_2020_12_06_steadystate_glucose_2w0p01_900m_00,0.0547017101305527,0.0520705847091598,0.0517219492105489,0.0545321080770231,0.0546185570032545,0.0555742946041681,0.0515334750165562,0.0524830423409177,0.0557033709695906,0.0495647891921204,0.0530220170808873,0.0506226411378432,0.0554522447728098,0.0538552216740568,0.0520785022641308,0.0541507763503745,0.0518695184960909,0.0504750491594909,0.0493446413286257
903_008;91;4,903,19554_2020_12_06_steadystate_glucose_2w0p01_900m_00,0.044275761639063,0.0432177736783714,0.0443544962320213,0.0407928921834076,0.0410632294571932,0.0430876286667092,0.039687973622181,0.040841415643299,0.0427225163874178,0.0401649491087319,0.0433433972144662,0.0394274705688315,0.0423906162239544,0.0411121386305931,0.0429147485942757,0.041582604109272,0.0420501893033508,0.0416669905924765,0.0431816166566042
903_008;92;1,903,19554_2020_12_06_steadystate_glucose_2w0p01_900m_00,0.0480738357492824,0.0492712587287661,0.0482147008210215,0.0479111030696917,0.0470203116253097,0.0468178955105233,0.0489502324299572,0.0468072985733273,0.0475569174999074,0.0475048881830736,0.0472781432455176,0.0486832898307758,0.047181132585384,0.0472836093758875,0.0474777215837652,0.0474919831067237,0.0468522232917319,0.0456339110058077,0.0470825496985742
903_008;92;2,903,19554_2020_12_06_steadystate_glucose_2w0p01_900m_00,0.0474720908187568,0.0461532417583683,0.0478598574154262,0.0436540149311831,0.0434689837761,0.0458215408476522,0.0465465499703963,0.0456594877541052,0.0466216800397683,0.0456272967048574,0.0454639770193727,0.0452711427787273,0.0452749242229941,0.0482349207119787,0.0466148643190052,0.0464795951331982,0.0458995880797875,0.0451362423274804,0.04483895703502
903_008;95;2,903,19554_2020_12_06_steadystate_glucose_2w0p01_900m_00,0.038974679409935,0.0397580380083325,0.0433470689973041,0.0409935351229625,0.0405855958309628,0.0412147978435853,0.0430170012832661,0.0423480479645621,0.041584902914681,0.0401999249137781,0.0412898560901528,0.0413309698093749,0.0420485681059404,0.0434185437613603,0.0427770387373967,0.0399322730857055,0.041402301061005,0.0413766858886299,0.0411116272600303
903_008;97;2,903,19554_2020_12_06_steadystate_glucose_2w0p01_900m_00,0.0517303157591736,0.0493387647078082,0.051037455527614,0.0496810776939325,0.0478789574520705,0.0504827189125449,0.0494062474924818,0.0484058040148626,0.0474136204587997,0.0479181508914812,0.0467275091351192,0.0464219294167588,0.0495734660570281,0.0457384497201756,0.046945657219016,0.0464316622834625,0.051218753328698,0.04765780833905,0.0496922997771576
903_008;98;6,903,19554_2020_12_06_steadystate_glucose_2w0p01_900m_00,0.0439237468016,0.0464089918768751,0.0469010863575266,0.046528690017317,0.0438078856617867,0.0451888004756413,0.0458020725721038,0.0449447915150583,0.0426789874959364,0.0439269557494192,0.0423725426091162,0.0455020412511331,0.0420029252020629,0.0433861882417863,0.0424797411950742,0.0431165531383576,0.0451378573845371,0.0449444798776128,0.0436075563991071
903_008;9;1,903,19554_2020_12_06_steadystate_glucose_2w0p01_900m_00,0.0524048981559536,0.0525081247578063,0.0520472718798074,0.0528705272367594,0.051296901608505,0.0492980504143864,0.0496662099710281,0.0526787521935302,0.0520551782823274,0.0545270512965475,0.0489149769366992,0.0520116496661886,0.0532822961766576,0.0524216688843464,0.0505016390534208,0.05295640552049,0.0529940861012021,0.0513273276808297,0.0529971789596274
903_009;0;1,903,19554_2020_12_06_steadystate_glucose_2w0p01_900m_00,0.0392463465271646,0.039597702501269,0.0403213601865426,0.0417606577005845,0.0406368248708116,0.0408946785806684,0.0413654828224123,0.0386969336328889,0.0429370317185682,0.0420597943749443,0.0413416985135097,0.0417068928804845,0.0412291902247742,0.0424063623371944,0.0414988679919719,0.0428706156949525,0.0418219897581272,0.0422334441217416,0.0419861675074156
903_009;11;1,903,19554_2020_12_06_steadystate_glucose_2w0p01_900m_00,0.0431942246211474,0.0455972326151313,0.0455179895467623,0.0467711789871645,0.0438374347352326,0.0452848166795399,0.0438519863000009,0.0419234446941321,0.0418653184380707,0.0434861076138077,0.0431832325143242,0.0400440610749222,0.0429331309833935,0.0426887150946885,0.0455934024984288,0.0447884982037065,0.0425002209244433,0.0422817944672455,0.0426940333857682
903_009;13;2,903,19554_2020_12_06_steadystate_glucose_2w0p01_900m_00,0.0372870735066468,0.0412382695975721,0.0401223657550281,0.0386077529710165,0.0392776754885582,0.04026831023109,0.0403889239922109,0.0391141829429972,0.0425955148585057,0.0393460836074923,0.0402962455035204,0.0408781795019964,0.0387779926974944,0.0390829406094338,0.0395563451404554,0.0399318886134613,0.0395449050028013,0.0405012283298508,0.0423869583409838
903_009;14;2,903,19554_2020_12_06_steadystate_glucose_2w0p01_900m_00,0.0393477477703174,0.0416084559821867,0.0406067170813286,0.0412620646767145,0.0392452343108227,0.0395927049416975,0.0420870524052783,0.0400783151014376,0.0400580784933106,0.0415160150914398,0.0411805683041548,0.0403156404075416,0.0421600750240194,0.0392765199013982,0.0426257502785124,0.0425857106348699,0.0409235574131192,0.0427999927990601,0.0423987220596526
903_009;15;1,903,19554_2020_12_06_steadystate_glucose_2w0p01_900m_00,0.0397643711042396,0.0411278412604795,0.0420825895703248,0.042692814696882,0.0420268312665804,0.0405643867943978,0.0386703466522928,0.0440231310394455,0.0405673530854518,0.0405893706289221,0.0421302594936448,0.041404643512049,0.0398321499861036,0.0399085877050149,0.0415249587009042,0.0449540568135506,0.0407527963315689,0.0392527994007404,0.0400649868748318
903_009;18;3,903,19554_2020_12_06_steadystate_glucose_2w0p01_900m_00,0.0384847384484643,0.0422984782943578,0.038466273365814,0.0416256316573082,0.0371938767328228,0.0392808004390269,0.0402276316203142,0.0402263929766616,0.0420178164724525,0.0402578675078209,0.0396346541317675,0.0403594717717985,0.0394678924852184,0.040403858109605,0.0392210192452257,0.040968398738406,0.0412608183920902,0.0393979419402673,0.0372975975767372
903_009;19;1,903,19554_2020_12_06_steadystate_glucose_2w0p01_900m_00,0.0448440549207701,0.0451115660085357,0.0444057145748864,0.0444065948664604,0.0451565634401568,0.0440811263316563,0.0443866902443375,0.0429190514131839,0.0462605826771329,0.0444437452181307,0.0429925612539763,0.0429319672528423,0.0451599473932572,0.044294525959364,0.0442711776750332,0.044849951005008,0.0454386118144206,0.042239426166612,0.0459381050132225
903_009;1;1,903,19554_2020_12_06_steadystate_glucose_2w0p01_900m_00,0.0466610460745567,0.0497252184155087,0.0475278325339232,0.0474896880843992,0.0448512386249025,0.0443997272106856,0.0438322765247773,0.0439612092162058,0.0458417084884408,0.0434047030614442,0.0469099234391622,0.0451823462926714,0.0453357371657754,0.0460834297592125,0.0456879819205569,0.0477389603611989,0.0449084970079314,0.0441102897623227,0.0469475553936417
903_009;22;1,903,19554_2020_12_06_steadystate_glucose_2w0p01_900m_00,0.0423157353929252,0.045098728059343,0.0441396131401073,0.0451559777542617,0.0410766792151621,0.0440692244482093,0.0438883143460485,0.0412664122960306,0.0443355267502596,0.0407129274463142,0.043826128146074,0.0417279940718101,0.0442708014328065,0.0450811454691458,0.0442209663409258,0.0444349497052213,0.042965063498535,0.0415066734868407,0.0428275935024698
903_009;25;1,903,19554_2020_12_06_steadystate_glucose_2w0p01_900m_00,0.0469358337265032,0.0453943411970844,0.0454128452725649,0.0443592460381433,0.0440555167614122,0.0447267966925474,0.0467137986870068,0.0417319589200708,0.0433668379069274,0.0433705959739415,0.0454353409728158,0.0445907628222064,0.0446436332079794,0.0486715389343034,0.045239688599854,0.0457677760276238,0.0458285560067098,0.0482635279461556,0.0425484402886646
903_009;27;1,903,19554_2020_12_06_steadystate_glucose_2w0p01_900m_00,0.0432766504170949,0.0404075038022846,0.0410758745086538,0.0391752290071433,0.0429151248291086,0.040442512729636,0.0397646528757825,0.0407974784950456,0.0434453934291113,0.0417225985155394,0.0406123062916162,0.0415901878274407,0.0438090308976504,0.0428738987141835,0.0406580801589643,0.0412397300834302,0.0418117749623624,0.0416263861286672,0.0441138355679188
903_009;28;1,903,19554_2020_12_06_steadystate_glucose_2w0p01_900m_00,0.0411386859628677,0.0396862882250633,0.0413887403306574,0.0417381155326498,0.0400523431476455,0.0412652344344849,0.0396145292789162,0.0403957503635486,0.0397411971139265,0.0398450457231972,0.0424682118838783,0.039197578980026,0.0410737242181446,0.0406826571089935,0.0405155955634689,0.0390875779183056,0.0396919594365913,0.0406765630981629,0.0382070758443374
903_009;30;2,903,19554_2020_12_06_steadystate_glucose_2w0p01_900m_00,0.0406227041687383,0.0433012120058938,0.0445064124606614,0.0419838769433861,0.0427865276227873,0.0419539288479526,0.0408886245020098,0.0394149609905738,0.0415337015940686,0.0402399306734754,0.0420304537411453,0.0412270045423167,0.0406055606919032,0.0409391594445796,0.0380124114268515,0.0405296851786833,0.0402244878985469,0.0394090972260877,0.040053985988554
903_009;32;1,903,19554_2020_12_06_steadystate_glucose_2w0p01_900m_00,0.0459049958479236,0.0467906199887233,0.0457909943526777,0.0460577087003091,0.0470515700617303,0.0483645016122428,0.0465216736224691,0.0476210375349238,0.04596812809965,0.0476391738511232,0.0461881436121849,0.0462580367159156,0.0473454996728163,0.0438861632637801,0.0424537353631534,0.0456108277702679,0.0445792413710767,0.0438634337406127,0.0439459591134573
903_009;34;1,903,19554_2020_12_06_steadystate_glucose_2w0p01_900m_00,0.0371309690625274,0.0407316237766952,0.0391759025400133,0.0372102367448615,0.0367877035176621,0.0375256249874319,0.0389267186291726,0.0371467756402157,0.0385482514991869,0.0370992342571777,0.0380677860921307,0.0379402953427083,0.0389022746747831,0.0362939339033578,0.0366882724663355,0.0375860354894145,0.0357468180766982,0.0368493507930592,0.0360620603924143
903_009;42;2,903,19554_2020_12_06_steadystate_glucose_2w0p01_900m_00,0.0487536841524587,0.0473945962020387,0.0466627061646382,0.0467764523002679,0.0493244267824308,0.0493764631783668,0.0469703203005257,0.046972246114859,0.044911902190565,0.0424610327884607,0.0444451789827893,0.0463608375027395,0.0429409703231329,0.0428666562653733,0.0426836208247294,0.0466065191976193,0.0459134084657854,0.0460707120533444,0.0452685778112103
903_009;46;1,903,19554_2020_12_06_steadystate_glucose_2w0p01_900m_00,0.0401907461911443,0.0410003336423575,0.0417706456667248,0.0397829092836924,0.0409098303133494,0.0397788745504116,0.042357793156877,0.0426626571162597,0.0423750067546011,0.0397390573940824,0.0415332601883528,0.0415652637588325,0.042615736647255,0.0433568778507462,0.0468726695268692,0.0455789509207599,0.044154545079158,0.0430939825179594,0.0410408215710469
903_009;47;3,903,19554_2020_12_06_steadystate_glucose_2w0p01_900m_00,0.0516304696981676,0.0477932486820384,0.0484973861213088,0.0477026917054234,0.0448586032034689,0.0451206316280706,0.0459686655646589,0.0494201192201031,0.0478941561550719,0.0482063292122561,0.0472471221300844,0.0463948989898262,0.0479239327996516,0.0476200229210363,0.0483200848479212,0.0476781804996536,0.0478946357464064,0.0503520753212844,0.0450511738729973
903_009;48;1,903,19554_2020_12_06_steadystate_glucose_2w0p01_900m_00,0.0415930256065942,0.042204235280077,0.0440347668954993,0.043834473346827,0.0399515001360873,0.0428818091437875,0.0412370168569523,0.0432124138125513,0.0416179078282281,0.0419480083457611,0.0416161690375462,0.0417801578033448,0.0444648177455515,0.0387941077054275,0.0431627141671753,0.0426483190208768,0.0445228756470702,0.0414446925016788,0.0438868382993376
903_009;54;1,903,19554_2020_12_06_steadystate_glucose_2w0p01_900m_00,0.04557438946529,0.0440215684957047,0.0468769214668549,0.0451724152947246,0.0438802234949275,0.0430943504761834,0.044985653817343,0.0455984718803251,0.0450421688655631,0.0431432815284564,0.0419150426893834,0.041099035278949,0.042782534024055,0.0434766773047373,0.0443005809986326,0.0441398510239547,0.0433059192598092,0.04256921822882,0.0420564150940482
903_009;55;2,903,19554_2020_12_06_steadystate_glucose_2w0p01_900m_00,0.0400630907110457,0.0407860194895848,0.0395535082042485,0.0404508059141754,0.0402705806168098,0.041545091544959,0.0406298436828781,0.039097350553712,0.0411623903213773,0.0412910125356772,0.0402289304546034,0.0417992053714396,0.0406975847964546,0.0391615491643281,0.0395582979442859,0.0394991363263613,0.0407185972691267,0.0394499341384323,0.038947250932498
903_009;58;3,903,19554_2020_12_06_steadystate_glucose_2w0p01_900m_00,0.0452774967602626,0.0463747338291001,0.0437434165808369,0.0433196363826863,0.0452687480536855,0.0478509279750624,0.048379678815888,0.043165286971434,0.0457200387619418,0.0494857300862164,0.0472887620381289,0.0463069975509665,0.0476282875529235,0.0477894148931354,0.0466581375934485,0.0484324616697639,0.0446385578548252,0.0458541064267761,0.0471816747615518
903_009;59;3,903,19554_2020_12_06_steadystate_glucose_2w0p01_900m_00,0.0394033468295247,0.0373278255790118,0.0378966107053273,0.0382874091634928,0.036415523339169,0.036625814185648,0.0356921568518441,0.0393835212816654,0.0371215650257546,0.0379791970420821,0.0375663862536327,0.0371799146346187,0.0383451027602546,0.0360560920763043,0.0384072157348475,0.0374269609747183,0.0361535697323125,0.0359402708336538,0.0379114320886155
903_009;5;2,903,19554_2020_12_06_steadystate_glucose_2w0p01_900m_00,0.048149084744553,0.0450874209344016,0.047032608635907,0.0476924279116264,0.0441305126630273,0.043900240039434,0.0436093822511928,0.0463607443648605,0.0460317388577003,0.0438148913820174,0.0437799110902802,0.0429756633229138,0.0439973660513737,0.0481852455216489,0.0461549653849805,0.0456124897496697,0.0463156342258248,0.0466039119907074,0.0402046376458378
903_009;60;1,903,19554_2020_12_06_steadystate_glucose_2w0p01_900m_00,0.0478122739855967,0.045188046461319,0.0457031179690939,0.0480109819906277,0.0482103526966681,0.0502603129329676,0.0494544818217152,0.0465807226025565,0.0484414654437302,0.0463627654293087,0.0465494491203422,0.0482439847077425,0.0453765030998826,0.046621325103171,0.0468780713640296,0.04806049036693,0.0451468801578178,0.0460584996712456,0.0443118819443095
903_009;63;1,903,19554_2020_12_06_steadystate_glucose_2w0p01_900m_00,0.0400902005908087,0.0394442906514623,0.0388946701294996,0.0386740924715408,0.0411759309192298,0.0383301507451971,0.039887520293927,0.0400644908145083,0.0407784024535159,0.0399956976562029,0.0426680160310018,0.0409432379193337,0.0412738206597619,0.0401414368783979,0.0424080815608865,0.0409556188836819,0.0402186728540673,0.0406403851058991,0.040752877186469
903_009;64;1,903,19554_2020_12_06_steadystate_glucose_2w0p01_900m_00,0.040519984067822,0.0412851032980692,0.0420737647884842,0.0397067622883119,0.0421028493395423,0.0405218907803493,0.0396627075848042,0.039282343665616,0.0393248499103791,0.0430863794311562,0.0393808458170243,0.0402030474129574,0.039986358967819,0.0391462812480751,0.0396465472254246,0.040140284772414,0.0383162657522138,0.0408029831700706,0.0399101425017575
903_009;66;2,903,19554_2020_12_06_steadystate_glucose_2w0p01_900m_00,0.0407387645012359,0.0399246740907863,0.0429234127375783,0.037928843118637,0.0384070032106277,0.0404119275875618,0.0395185732723409,0.0387470101609393,0.0415213770497416,0.0397512261024315,0.0410301578518612,0.0396659323948401,0.0396308364437217,0.0420804036587076,0.0439465287547997,0.0430918933532238,0.0439143617777076,0.0442438225257066,0.0429488810001315
903_009;67;3,903,19554_2020_12_06_steadystate_glucose_2w0p01_900m_00,0.0482083097242596,0.04553171959463,0.0506484614508008,0.0500088155341984,0.0475587572149899,0.0484199713719267,0.0476301330136339,0.0505433125382466,0.0503125090711417,0.050030754187598,0.0491852627046186,0.0509416028316457,0.0481879837508926,0.0499401724234106,0.0524075860305237,0.0512203668134607,0.0480616405682901,0.0488077416211692,0.0512842129998691
903_009;68;2,903,19554_2020_12_06_steadystate_glucose_2w0p01_900m_00,0.041768935023706,0.0422824243365758,0.0424154945501823,0.0397790633643859,0.0432097742578839,0.0414198079871411,0.0430960534214521,0.0422187353836508,0.0412296985740506,0.0414324379693491,0.042657876740355,0.0431566722411308,0.0416412555524133,0.0431557715123479,0.0414286999036392,0.0407498336621799,0.0409977623687909,0.0425201017481601,0.0400274122533204
903_009;6;1,903,19554_2020_12_06_steadystate_glucose_2w0p01_900m_00,0.0392889350203855,0.0406714425911932,0.0424116956397374,0.0398677318484262,0.0408172907553479,0.0391686511633329,0.0396095488718708,0.040348668968809,0.0393108385819558,0.038961756076837,0.0397532763375473,0.0388673935065052,0.0383640519906947,0.0409683260286977,0.0392371176055558,0.0395763233634618,0.04182539414416,0.037546691905492,0.0397672613758839
903_009;70;1,903,19554_2020_12_06_steadystate_glucose_2w0p01_900m_00,0.0445860401982189,0.0446982812040082,0.044593339594465,0.0449936431772479,0.0436470613431014,0.0450182024430019,0.0447846625852572,0.0437441458184476,0.0451502023914268,0.0462880351755326,0.044704174800025,0.0435450803086225,0.0436075996258459,0.0426352874938352,0.0432070915668324,0.0418082764752654,0.0411066160221817,0.0418385757896587,0.0419995225221232
903_009;72;1,903,19554_2020_12_06_steadystate_glucose_2w0p01_900m_00,0.0422638338653884,0.0378182733539362,0.0386761106215387,0.0408462246433034,0.0384876369578934,0.0402198793964095,0.0402668209016263,0.0393748284255008,0.0395204135287645,0.0375716968298689,0.0392668316224495,0.0394611916172109,0.0381344959437421,0.0401631618330178,0.0373526995977879,0.039266358011027,0.0377721745464173,0.0403159625553224,0.0374317299293113
903_009;74;1,903,19554_2020_12_06_steadystate_glucose_2w0p01_900m_00,0.0487089080398229,0.0446824703784262,0.0458601280163731,0.0458048645203167,0.0437652590132063,0.0426630745486098,0.0389761579210323,0.0425747906373674,0.0433454165351976,0.0451072587929522,0.0414874367768297,0.0433003820309791,0.0439481884961075,0.042151103488047,0.0435011788241654,0.0426092593174957,0.0418445224068059,0.0417557521236448,0.042587545110892
903_009;79;1,903,19554_2020_12_06_steadystate_glucose_2w0p01_900m_00,0.0426104411187847,0.0474647342243604,0.0444000988946554,0.0426408043864434,0.0442753119723755,0.0430593002764165,0.0429093417509456,0.0424515994740675,0.0435519477645821,0.0446996894401278,0.0434036695832211,0.0441261370210238,0.0411574324216842,0.0434159413247438,0.0427918104647998,0.043326163178831,0.0427269580589164,0.041586442016361,0.0440145836769618
903_009;80;2,903,19554_2020_12_06_steadystate_glucose_2w0p01_900m_00,0.0468547556220166,0.0452341509464037,0.0436988541237257,0.045450299963888,0.0423171940446715,0.0437148253608234,0.0417537376882086,0.0436250660783464,0.0426128653624704,0.044104679434193,0.0454633760328526,0.0435375897053868,0.0432958952871313,0.0439115816862745,0.0433036409480063,0.0467642421276306,0.0443576143360506,0.0436865872914975,0.0437859338319867
903_009;81;1,903,19554_2020_12_06_steadystate_glucose_2w0p01_900m_00,0.0401623359995963,0.0403328266491432,0.0415922473369928,0.040251276890024,0.0388473262997882,0.0408727190536374,0.0384964890197971,0.0406890320179531,0.0389416231773011,0.0424815384036616,0.0396724336188037,0.0425289444827498,0.0414030783205484,0.0414300068062463,0.0428430755794481,0.038748273940037,0.0406299162867753,0.0402914228889788,0.0386075020590602
903_009;82;3,903,19554_2020_12_06_steadystate_glucose_2w0p01_900m_00,0.0449763511926174,0.0436030927739242,0.0474115610268121,0.0460845752957898,0.0466432422582839,0.04690622034422,0.0445516684022756,0.0440298495085751,0.0447146956311599,0.0423248887516855,0.042858923579278,0.0427224135829779,0.0437145000803394,0.0402457497906949,0.0437561550479116,0.0429618743122363,0.0445544709505426,0.0418463279825562,0.0426331968597329
903_009;83;2,903,19554_2020_12_06_steadystate_glucose_2w0p01_900m_00,0.0412415600674358,0.0426057132666235,0.0403748230442455,0.0405948954121647,0.0405370128729786,0.0396186591796497,0.0384767982324236,0.0406590430489576,0.0419167890944201,0.0408812980698597,0.0416071740074425,0.0419799273726189,0.0418535624762732,0.0424990002399233,0.0401193194324862,0.0441930925312109,0.043079632865876,0.0421098588750009,0.043148640790606
903_009;85;1,903,19554_2020_12_06_steadystate_glucose_2w0p01_900m_00,0.0391638160711486,0.0381183957842413,0.0356891534837697,0.0372395246474239,0.0360611317835461,0.0372914524380485,0.0363664088417465,0.0388558624208347,0.0359707314712772,0.0387132129709251,0.0366166850534674,0.0384401542864509,0.0368843594092265,0.0390834984846028,0.0389541633356094,0.0370014943065992,0.0365817947300832,0.0380323964242446,0.0350053176923987
903_009;88;1,903,19554_2020_12_06_steadystate_glucose_2w0p01_900m_00,0.0389062858080213,0.039429762535886,0.0399341699186953,0.0404514645761953,0.0375814713070083,0.0391267156759587,0.0437546264973336,0.0437775887188631,0.0394149795864888,0.0405223740746422,0.0437731096408344,0.0414457511597666,0.0425624286127745,0.0415043018435183,0.0425578166665372,0.0393323523972505,0.0418609104427661,0.0451243280089092,0.0409117519125311
903_009;89;2,903,19554_2020_12_06_steadystate_glucose_2w0p01_900m_00,0.041353668463193,0.0437357008354196,0.0426817098408806,0.0428613055391315,0.0428499862656811,0.0442814000851585,0.045014735325213,0.0420704133436609,0.0436130933854987,0.0446920117043124,0.0434341396483446,0.0427691274653002,0.0436929868568984,0.0465946457893772,0.0441880361687444,0.0437653670510139,0.0435293726223855,0.0448389173270529,0.0418139719159668
903_009;91;1,903,19554_2020_12_06_steadystate_glucose_2w0p01_900m_00,0.04238889257537198,0.0423333750354465,0.0441857313647301,0.043005405621493,0.0422498493404061,0.0440024502388059,0.0447842914358475,0.0434678746737945,0.0438509486465734,0.0445149102002752,0.0405466788873774,0.0425822401088094,0.0431540263948032,0.0448353861038499,0.0447647809625936,0.0419648906627452,0.0433800007875619,0.0428666185033314,0.0423056630731571
903_009;92;5,903,19554_2020_12_06_steadystate_glucose_2w0p01_900m_00,0.04418409881512,0.0462125313588638,0.0457547591878532,0.0476786221674623,0.0471808834165861,0.0448591675859758,0.0459884226021666,0.0468310643528883,0.0457255369093622,0.0490107298109764,0.047540163660327,0.0454511743277207,0.0469332015590531,0.0445716827493878,0.0457421021510465,0.0476620731405468,0.0439934161226437,0.0454474114756172,0.043353132505594
903_009;93;4,903,19554_2020_12_06_steadystate_glucose_2w0p01_900m_00,0.0452757822314877,0.043855347717449,0.0428960645451285,0.0455120419901213,0.0434543412864466,0.0441670509913175,0.0443108590666122,0.0414208549294596,0.045957133251044,0.04666522342988,0.0445565949750106,0.0430228342976957,0.0466261503324922,0.0449496199942795,0.0438973341244977,0.0448808004360294,0.044733742759695,0.0427142015516571,0.0437364825627979
903_009;96;7,903,19554_2020_12_06_steadystate_glucose_2w0p01_900m_00,0.0425977813220926,0.0410356403446506,0.0402534490870231,0.038880355275317,0.0397136558073563,0.0415405791879512,0.0390279146479072,0.0405911365223756,0.0409732514594176,0.0385136999287768,0.0376749461564551,0.0410851211510587,0.0375028159858727,0.0403280637842601,0.0397566970437713,0.0392584368455218,0.0393047675184142,0.0413845728635782,0.0404674486261204
903_009;97;1,903,19554_2020_12_06_steadystate_glucose_2w0p01_900m_00,0.0456191532903254,0.0441346985856727,0.0435469553889478,0.0447058142267739,0.0431521065350401,0.0429432190274327,0.0440571060210044,0.0421622576023909,0.0429741211219375,0.0441526726463487,0.0442258632207897,0.0404812527550852,0.0414687572161085,0.0445090735700288,0.0441533313815974,0.0400718326186352,0.040804647323706,0.0441469674891577,0.0432400475181736
