epoch,train_loss,val_loss,lr,eval_epoch,eval/knn_val_acc,eval/svm_val_acc,eval/knn_train_acc,eval/svm_train_acc
1,8.90588092803955,6.124847499295372,0.0,10.0,0.6486781174920561,0.6976391149345114,0.7437731237934554,0.6985176285848791
2,8.907332420349121,6.120995820704945,0.014285714285714284,20.0,0.656586646516314,0.7095956366736417,0.7299750792251575,0.693304534238222
3,8.904325485229492,6.108573287983701,0.028571428571428567,30.0,0.6966243315508022,0.7059724482678447,0.7531426242405285,0.7217397860367832
4,8.886348724365234,6.077731813053944,0.04285714285714285,40.0,0.6867002828799503,0.7168420134852359,0.7709249280417563,0.7117876607804665
5,8.850828647613525,6.028016152373633,0.057142857142857134,50.0,0.7388737115399518,0.7373968263194607,0.7893421231394332,0.7597234860333079
6,8.787225723266602,5.962805231274517,0.07142857142857142,60.0,0.6905884290475083,0.7482368441447725,0.7718954480684227,0.7496983282938866
7,8.725132465362549,5.915311926159124,0.0857142857142857,70.0,0.7625431101294273,0.7678955475470821,0.8094925403550678,0.7699022600101736
8,8.692474365234375,5.900662281277688,0.09999999999999999,80.0,0.7575878671626753,0.7745674455552972,0.8143813644736385,0.7684377083313588
9,8.682208061218262,5.895005261050973,0.11428571428571427,90.0,0.7812422498643726,0.8045425482445943,0.7961360555824116,0.789622096788972
10,8.677265167236328,5.8946974306420605,0.12857142857142856,100.0,0.7635607998139967,0.8030041463225607,0.7711017352126204,0.807590820624133
11,8.670390129089355,5.889323790936991,0.14285714285714285,110.0,0.7800366193908393,0.7733138611175695,0.7995199887520812,0.8034457730258482
12,8.666050910949707,5.8885462934884085,0.15714285714285714,120.0,0.8143464698132217,0.833027202976052,0.8080245447910445,0.8095042780005244
13,8.663862705230713,5.881804524509291,0.1714285714285714,130.0,0.7796345811051694,0.7960905409594669,0.789612270657782,0.8023743376840029
14,8.656628131866455,5.879017853241033,0.18571428571428572,140.0,0.7626666279159885,0.8245538828179493,0.8001603697279331,0.7796953188437393
15,8.652313232421875,5.877899384581237,0.19999999999999998,150.0,0.7789511160195303,0.7636286135007363,0.7692366818008044,0.784256104997425
16,8.6544508934021,5.876640930126197,0.21428571428571427,160.0,0.7959999612493219,0.8092822405642098,0.8411040653643093,0.8294265141246685
17,8.649139881134033,5.873741628392317,0.22857142857142854,170.0,0.8246924164922885,0.8193695264667132,0.8307019364745359,0.8080001058441785
18,8.65016794204712,5.8710738453542755,0.24285714285714285,180.0,0.8063967681934434,0.8156770712237464,0.8108281991007984,0.8161864658470853
19,8.653395652770996,5.869307491560329,0.2571428571428571,190.0,0.8164099434240099,0.8033863248856856,0.8264100103316556,0.8041533729538108
20,8.649637699127197,5.8673191182121665,0.2714285714285714,200.0,0.8158664651631403,0.7996924164922886,0.8112109047939514,0.8091917059237984
21,8.64370346069336,5.860866468948549,0.2857142857142857,210.0,0.7754466015655274,0.7779319731845308,0.7968430315036508,0.808913019781803
22,8.645432472229004,5.858014777380218,0.3,220.0,0.791429803146555,0.7982218282569945,0.8260819170750354,0.8216655450343283
23,8.641695976257324,5.872419096568222,0.3142857142857143,230.0,0.8001419243586761,0.8057283189955825,0.8129634948167946,0.825211064350101
24,8.653099536895752,5.853976106106511,0.32857142857142857,240.0,0.8035461714330001,0.8122616833294583,0.8081405468510566,0.8208274803082435
25,8.643129348754883,5.849662513005671,0.3428571428571428,250.0,0.8464281562427343,0.8145358637526156,0.832030059746669,0.8600582616910423
26,8.637223243713379,5.8474907379216505,0.35714285714285715,260.0,0.8072681740680462,0.8292625745950554,0.8212099964297336,0.8219900996199087
27,8.64092493057251,5.849704757513578,0.37142857142857144,270.0,0.8310625435945128,0.7924460396806944,0.8460955267406627,0.8543513805556345
28,8.631546974182129,5.843124154122285,0.38571428571428573,280.0,0.809183426334961,0.8362255870727737,0.8061734801881814,0.8495264262897981
29,8.626895904541016,5.837983570437704,0.39999999999999997,290.0,0.8154135666124156,0.8314166279159886,0.8382020312603672,0.8430728539697886
30,8.62226390838623,5.841397973858918,0.41428571428571426,300.0,0.8058683058203518,0.8230619817096799,0.8261951940423944,0.83894561820899
31,8.619191646575928,5.829129426896675,0.42857142857142855,310.0,0.8102984770983491,0.830398938231419,0.8335171388580837,0.8517607258067065
32,8.614603996276855,5.826829377658652,0.4428571428571429,320.0,0.7906426799968999,0.7808668526699217,0.8039118270600909,0.8247405237865045
33,8.619675636291504,5.821957518570964,0.4571428571428571,330.0,0.8150778888630551,0.8211879020382856,0.8071674913033999,0.8506868497297025
34,8.61430311203003,5.818008922414928,0.4714285714285714,340.0,0.8207858637526156,0.813801538401922,0.8273686979270338,0.8347668742476375
35,8.613378524780273,5.809995040116732,0.4857142857142857,350.0,0.8160263117104548,0.8175153065178641,0.8500159161208583,0.8495120583375196
36,8.6107759475708,5.808248065993112,0.5,360.0,0.8217129737270402,0.8215419863597613,0.8328354154620966,0.8409770839454919
37,8.599666118621826,5.846389861412644,0.5142857142857142,370.0,0.7908664651631403,0.8134537510656435,0.8257898661308108,0.8343262228162134
38,8.633176803588867,5.803097228450214,0.5285714285714286,380.0,0.8118102379291637,0.7998818104316824,0.8207170232193692,0.8470396015203647
39,8.609899520874023,5.865309538213178,0.5428571428571428,390.0,0.7956657366503913,0.798954700457258,0.8172061086308817,0.8248444485518306
40,8.631357669830322,5.831106363177506,0.5571428571428572,400.0,0.7963492017360304,0.8014613849492367,0.8361674612878867,0.8428849173625528
41,8.620010375976562,5.789716640419522,0.5714285714285714,410.0,0.7978890568084941,0.8294025614198248,0.8303485906926632,0.8569003532351983
42,8.58743953704834,5.769014706024884,0.5857142857142856,420.0,0.7653641594977912,0.8401335929628768,0.8382271889997884,0.8519506687140406
43,8.563663482666016,5.753894384027147,0.6,430.0,0.7936332635821127,0.8105338874680307,0.8452446659273373,0.8467731822447181
44,8.543137073516846,5.729649846640576,0.6142857142857142,440.0,0.8181309579167634,0.8247616833294583,0.8177071465357358,0.8343124235789233
45,8.518557071685791,5.703890214139915,0.6285714285714286,450.0,0.7829777958614276,0.8242889250561886,0.8350331039516213,0.8601950692410499
46,8.501128196716309,5.732649804607834,0.6428571428571428,460.0,0.8204777958614277,0.8095854646206307,0.8398059260101801,0.8614689592199758
47,8.50271463394165,5.788464344766772,0.6571428571428571,470.0,0.773363268232194,0.8362454467953189,0.8458271959507493,0.8459912623261076
48,8.681082725524902,6.077947034166425,0.6714285714285714,480.0,0.7721576377586609,0.8371032899325739,0.83355327595631,0.857881094334019
49,8.856912612915039,6.078136334592796,0.6857142857142856,490.0,0.8294534216848795,0.8171612221963884,0.8439218032688474,0.8439211792621238
50,8.865463256835938,6.06352423857155,0.7000000000000001,500.0,0.8174474928311245,0.8361960396806944,0.8304868358277805,0.8571892999434444
51,8.837790489196777,6.007132378153413,0.7142857142857143,510.0,0.8205964698132218,0.8377853018677826,0.8382382631444253,0.8543477470987638
52,8.775022506713867,5.93216281829715,0.7285714285714285,520.0,0.8180403782066187,0.8195787801286523,0.8452855344183151,0.8460790971965512
53,8.715411186218262,5.893559947790678,0.7428571428571429,530.0,0.807429473765791,0.8351090831589553,0.8300208370852724,0.8513174440684607
54,8.691445350646973,5.899444797010108,0.7571428571428571,540.0,0.8021806944121522,0.8131195264667133,0.847555726170052,0.8411791989333435
55,8.694902420043945,5.882439424094955,0.7714285714285715,550.0,0.7917591839107185,0.7811715298767729,0.8362948218500298,0.8526569258427251
56,8.664506912231445,5.867266089912097,0.7857142857142857,560.0,0.7900086220258854,0.8331444237774162,0.853247615346458,0.83648304281476
57,8.654863357543945,5.8633730570613,0.7999999999999999,570.0,0.798746899945749,0.8449130047275828,0.8500301892873053,0.8449164778848858
58,8.64780569076538,5.828512217804299,0.8142857142857143,580.0,0.7943152755173215,0.7802739672944276,0.82640819360322,0.844955908790754
59,8.61134147644043,5.802787635520591,0.8285714285714285,590.0,0.8036464388126793,0.838190246454313,0.8401817992246517,0.8522781379639371
60,8.58608627319336,5.768061117448261,0.8428571428571427,600.0,0.7952423854917461,0.8200728512748974,0.8261929981706335,0.8504871201852747
61,8.568410873413086,5.744481893304729,0.8571428571428571,610.0,0.8241305316593039,0.8238161667829186,0.8363574989810522,0.8625922424116044
62,8.542567729949951,5.721387320829223,0.8714285714285713,620.0,0.801777202976052,0.8268958769278462,0.839866596841104,0.8545125322666768
63,8.531884670257568,5.712124204718261,0.8857142857142858,630.0,0.7757546694567155,0.8108419553592188,0.8353856361551074,0.8612042618869332
64,8.525503158569336,5.701609523498826,0.8999999999999999,640.0,0.7967623808416647,0.8340235797876464,0.8328585669014196,0.8547163691971323
65,8.504595279693604,5.682174929299842,0.9142857142857141,650.0,0.814940808339146,0.8212586220258854,0.8413435101720994,0.8599781518658592
66,8.49028205871582,5.681077267929421,0.9285714285714286,660.0,0.8142030923041154,0.8444896535689375,0.833239171508643,0.863084307257751
67,8.484389305114746,5.672344225324832,0.9428571428571428,670.0,0.7787651127644734,0.8067246958071767,0.8413565906168344,0.8621500586092391
68,8.464768409729004,5.664134596414748,0.9571428571428572,680.0,0.7819848097341704,0.8215235797876463,0.8491612480766375,0.8623920389380196
69,8.458841800689697,5.64709971351888,0.9714285714285714,690.0,0.8103493373634039,0.8433532899325739,0.8551928733692886,0.8536539464080909
70,8.454885482788086,5.6398601932790084,0.9857142857142857,700.0,0.7842836937146399,0.7941258815779276,0.8422140785395399,0.8556346227365933
71,8.442213535308838,5.640055700852511,1.0,710.0,0.8058978532124312,0.8225892234364102,0.8355848364786431,0.8552438523489508
72,8.432904243469238,5.625172242341463,1.0142857142857142,720.0,0.7901088894055647,0.8061318104316825,0.8443344770823659,0.8443608275434987
73,8.418695449829102,5.609866821579958,1.0285714285714285,730.0,0.8006359955049213,0.8129252886925521,0.838125175748729,0.8507478997039524
74,8.408282279968262,5.595006632846191,1.042857142857143,740.0,0.7775594822909401,0.7977490699837246,0.8301445641905448,0.8532873306098204
75,8.386181354522705,5.562823675017629,1.0571428571428572,750.0,0.7746677129349764,0.8210692280864915,0.8338435101720995,0.8591820535666329
76,8.36623477935791,5.536655799355003,1.0714285714285714,760.0,0.7670687049523366,0.8149887623033404,0.8277492077484259,0.8425062242695961
77,8.336410522460938,5.532623628189906,1.0857142857142856,770.0,0.8074590211578702,0.8030719600093001,0.8436535672647653,0.865559678739222
78,8.345946311950684,5.525417135327899,1.0999999999999999,780.0,0.7891125125939703,0.8068646826319461,0.8375565397484382,0.8521255248765415
79,8.3141770362854,5.494927716420469,1.1142857142857143,790.0,0.8021559908548399,0.8194896535689374,0.8342222980508872,0.8523782397007295
80,8.31757926940918,5.4674204655082015,1.1285714285714286,800.0,0.7917393241881733,0.7965681430675037,0.8459132140927572,0.8454358015563833
81,8.283640384674072,5.5075446482960855,1.1428571428571428,810.0,0.7818661357823761,0.8204317794311401,0.8332400798728606,0.8470013633362085
82,8.302936553955078,5.439475615474959,1.157142857142857,820.0,0.7863457141749981,0.8119090521584128,0.8256111869397763,0.8396023734372186
83,8.27920150756836,5.45568544261377,1.1714285714285713,830.0,0.7960261179570641,0.8068646826319461,0.8393250300945013,0.853957885075339
84,8.278100967407227,5.438608788534921,1.1857142857142857,840.0,0.7624079671394249,0.8098058591025343,0.8334038618907246,0.8413062751379924
85,8.255805015563965,5.407660675214109,1.2,850.0,0.8143726265209642,0.8362963070603735,0.8347547021671199,0.8548396223732476
86,8.232288837432861,5.407258930094734,1.2142857142857142,860.0,0.7747679803146555,0.8120785863752616,0.8334272029017104,0.8537425948569209
87,8.229707717895508,5.365058872687341,1.2285714285714284,870.0,0.8251220646361311,0.8088787491281098,0.8330502317513577,0.8459768943738291
88,8.187729835510254,5.350944695480981,1.2428571428571429,880.0,0.8037651127644733,0.8284110284429977,0.8414715895267975,0.857063850895568
89,8.173064231872559,5.345796892093414,1.2571428571428571,890.0,0.7542378710377431,0.8082151437650159,0.8357766909002443,0.8656486115455463
90,8.199343204498291,5.343886803299757,1.2714285714285714,900.0,0.8016323723165155,0.8107726885220492,0.8419514822924269,0.8524799685942946
91,8.16002368927002,5.429544183988918,1.2857142857142856,910.0,0.8124326706967372,0.8388325389444314,0.8495008894070514,0.8496912114577114
92,8.212228775024414,5.399462407858367,1.2999999999999998,920.0,0.7904382701697279,0.8303049678369371,0.8396535972802784,0.8618627390577656
93,8.255502700805664,5.571903408503409,1.3142857142857143,930.0,0.8027784236224135,0.8395160040300705,0.825032290373235,0.860081073481136
94,8.275624752044678,5.4246632951591005,1.3285714285714285,940.0,0.8131359955049212,0.8086845113539486,0.8507747793859775,0.8691821483524643
95,8.265833377838135,5.498994731407231,1.3428571428571427,950.0,0.7656722273889792,0.7839480159652794,0.829867789562816,0.850294167827793
96,8.26378345489502,5.423305397843571,1.357142857142857,960.0,0.8281523676664341,0.851472525769201,0.8283544547761,0.8628970894430701
97,8.239548206329346,5.426358756097598,1.3714285714285712,970.0,0.802065411144695,0.8412437998914982,0.8469626512228952,0.8680477910161989
98,8.220085144042969,5.431890534776129,1.3857142857142855,980.0,0.7636184414477253,0.8103987444780283,0.8288080918664278,0.8623902222095842
99,8.24519681930542,5.321042315798781,1.4000000000000001,990.0,0.8341931140044951,0.8274887623033402,0.8403473979709513,0.8770236064113136
100,8.184085845947266,5.312452262877591,1.4142857142857144,1000.0,0.7789050995892427,0.8231079981399674,0.8427342157894238,0.8573042040675759
101,8.15530014038086,5.386624097824097,1.4285714285714286,1010.0,0.7959553979694644,0.8276088894055645,0.8296173653962206,0.8594246026104018
102,8.170543670654297,5.280397571145558,1.4428571428571428,1020.0,0.7826484150972641,0.7948883011702704,0.8283657184923997,0.8561920898064158
103,8.128061771392822,5.28691039176293,1.457142857142857,1030.0,0.802748876230334,0.8169485778501123,0.8303221454456988,0.8584628107790447
104,8.116142749786377,5.318716968985942,1.4714285714285715,1040.0,0.8100446601565526,0.8021346779818647,0.8410302193028188,0.8622133597469851
105,8.126863479614258,5.251245299389705,1.4857142857142858,1050.0,0.8011397543207006,0.786052662171588,0.8432148273476082,0.8704606749383101
106,8.088891983032227,5.235066326073592,1.5,1060.0,0.8366949546617065,0.8339281562427342,0.8581878528797514,0.8564709655200741
107,8.076862812042236,5.225441209571613,1.5142857142857142,1070.0,0.7923617569557467,0.7952719328838254,0.8426565466993994,0.8726042249204587
108,8.077972412109375,5.26074448295028,1.5285714285714285,1080.0,0.7922813492986127,0.8144254243199255,0.8353979978072877,0.88131634613258
109,8.092124938964844,5.278713474860431,1.542857142857143,1090.0,0.7820046694567154,0.7964480159652795,0.8276728261659446,0.8595124374808454
110,8.09744930267334,5.257276028033146,1.5571428571428572,1100.0,0.8046922227388981,0.8323190343331008,0.8332655219697761,0.8806347175224248
111,8.094797134399414,5.269168281472535,1.5714285714285714,1110.0,0.8177143881267922,0.8102786173758041,0.8423547091180811,0.8584385614038413
112,8.103888511657715,5.239881957837572,1.5857142857142856,1120.0,0.7751913314733008,0.7995984460978067,0.8409281112659279,0.8610145085512618
113,8.089847087860107,5.241953259530885,1.5999999999999999,1130.0,0.7798322095636673,0.8056096450437882,0.8106303810706376,0.8507013124678124
114,8.06550931930542,5.244371254274709,1.6142857142857143,1140.0,0.7884290475083314,0.8241503913818491,0.8264728770343407,0.8710650136017667
115,8.06508207321167,5.212485422501325,1.6285714285714286,1150.0,0.8104893241881732,0.8110313492986126,0.8358767926370366,0.8756356258866425
116,8.041085720062256,5.2051678964128945,1.6428571428571428,1160.0,0.8264725257692009,0.8390417926063707,0.8367119426988054,0.8799152851631739
117,8.033818244934082,5.216533711919339,1.657142857142857,1170.0,0.8021559908548399,0.8190861621328374,0.8345659519814977,0.8886637330451843
118,8.078174591064453,5.33289262853834,1.6714285714285713,1180.0,0.7912157056498489,0.8172319421839882,0.8191998654041194,0.8504736605972139
119,8.18287467956543,5.399778229731621,1.6857142857142855,1190.0,0.8149902154537704,0.8128361621328373,0.8300342966733333,0.8744356767550387
120,8.149199485778809,5.376779487062781,1.7,1200.0,0.7911464388126793,0.8154629737270401,0.8560897921978623,0.8635014281065265
121,8.148877143859863,5.287444728705871,1.7142857142857142,1210.0,0.8160359993799892,0.796991494226149,0.8493738132024026,0.8611021538500424
122,8.12398910522461,5.315563704876594,1.7285714285714284,1220.0,0.7838787491281098,0.8331260172053011,0.8457515331608231,0.8697413373648907
123,8.104248523712158,5.319833272664551,1.7428571428571427,1230.0,0.7930205184840734,0.8212189025807951,0.8376070447989434,0.8695244199897
124,8.145222187042236,5.25813431405112,1.757142857142857,1240.0,0.7828426528714253,0.8040087576532589,0.8402970824921091,0.876506194254083
125,8.072237968444824,5.239508351172277,1.7714285714285716,1250.0,0.8171922227388979,0.8143958769278462,0.8501322025383645,0.8849022047184386
126,8.057747840881348,5.21040184906905,1.7857142857142858,1260.0,0.8166884639231187,0.8265815120514609,0.8308037601539322,0.8531230746627995
127,8.036656379699707,5.231970519292292,1.7999999999999998,1270.0,0.778430888165543,0.8057777261102069,0.8418634578503205,0.8753689222535016
128,8.05909252166748,5.452277059158378,1.814285714285714,1280.0,0.7919485778501124,0.8266372161512826,0.8496294426909067,0.8632616989412423
129,8.185941696166992,5.341273200987117,1.8285714285714283,1290.0,0.7904828334495853,0.8024393551887158,0.841498753566317,0.875659685690183
130,8.250342845916748,5.330721432662712,1.842857142857143,1300.0,0.8068462760598311,0.8143266100906765,0.8487294196263542,0.874713359746985
131,8.299348831176758,5.521963603161857,1.8571428571428572,1310.0,0.7743891924358676,0.7890616523289157,0.8457887681949302,0.8817698884370765
132,8.270235061645508,5.432678690402925,1.8714285714285714,1320.0,0.7884489072308765,0.8010380337905914,0.8519138681149941,0.8775274641946522
133,8.232781410217285,5.358518037473721,1.8857142857142857,1330.0,0.7815861621328373,0.81505802914051,0.8558394628170981,0.8783124883492416
134,8.191580772399902,5.3771854860117365,1.9,1340.0,0.8284371851507402,0.8305883321708131,0.8535543738921906,0.8753949883571405
135,8.158302307128906,5.29115007303823,1.9142857142857144,1350.0,0.8182099124234674,0.8154629737270401,0.8376574550636171,0.8541346527521066
136,8.110223293304443,5.231947955990168,1.9285714285714286,1360.0,0.8337387623033403,0.7984804890335581,0.8203498782002066,0.830170195859123
137,8.080795764923096,5.331856272042934,1.9428571428571428,1370.0,0.7912849724870185,0.7996183058203519,0.8314603258104979,0.8548023873391405
138,8.155359268188477,5.346923612226027,1.957142857142857,,,,,
139,8.090828895568848,5.267692836773044,1.9714285714285713,,,,,
140,8.099400043487549,5.2380319721157464,1.9857142857142855,,,,,
141,8.076407432556152,5.215041854352637,2.0,,,,,
142,8.022772789001465,5.254268037797673,2.0142857142857142,,,,,
143,8.01785659790039,5.276638707110539,2.0285714285714285,,,,,
144,8.10483169555664,5.148975478921027,2.0428571428571427,,,,,
145,7.986969470977783,5.332431384864258,2.057142857142857,,,,,
146,8.434007167816162,5.766829400583198,2.0714285714285716,,,,,
147,8.531693458557129,5.924611822571251,2.085714285714286,,,,,
148,8.742228507995605,5.840646058269349,2.1,,,,,
149,8.47916316986084,5.436918417130641,2.1142857142857143,,,,,
150,8.37817096710205,5.705358737469546,2.1285714285714286,,,,,
151,8.481559753417969,5.553995865263187,2.142857142857143,,,,,
152,8.371667861938477,5.46298509743226,2.157142857142857,,,,,
153,8.286238670349121,5.4925739558565345,2.1714285714285713,,,,,
154,8.252776145935059,5.355612600696769,2.1857142857142855,,,,,
155,8.163468837738037,5.276294993362559,2.1999999999999997,,,,,
156,8.122641563415527,5.269133190141806,2.2142857142857144,,,,,
157,8.07984447479248,5.225904863463324,2.2285714285714286,,,,,
158,8.051420211791992,5.177489919203819,2.242857142857143,,,,,
159,8.008110523223877,5.212721978357801,2.257142857142857,,,,,
160,8.00718879699707,5.1775239503569574,2.2714285714285714,,,,,
161,7.995405435562134,5.177851708757609,2.2857142857142856,,,,,
162,7.979579448699951,5.125799064619702,2.3,,,,,
163,7.96133017539978,5.111670420529317,2.314285714285714,,,,,
164,7.932429790496826,5.130662566661008,2.3285714285714283,,,,,
165,7.925193786621094,5.066326735751055,2.3428571428571425,,,,,
166,7.913103103637695,5.062081207125811,2.3571428571428568,,,,,
167,7.8930888175964355,5.143049181230767,2.3714285714285714,,,,,
168,7.918099880218506,5.119614073474031,2.3857142857142857,,,,,
169,7.990436553955078,5.441633068502879,2.4,,,,,
170,8.153306484222412,5.360941759118588,2.414285714285714,,,,,
171,8.101770401000977,5.216786518460543,2.4285714285714284,,,,,
172,8.064310550689697,5.157115182905511,2.4428571428571426,,,,,
173,8.003880500793457,5.247037713821054,2.457142857142857,,,,,
174,8.01495909690857,5.216146627786461,2.471428571428571,,,,,
175,7.98626971244812,5.188236699980301,2.4857142857142858,,,,,
176,7.949954271316528,5.158903236405688,2.5,,,,,
177,7.9844160079956055,5.131629204419498,2.5142857142857142,,,,,
178,7.948223829269409,5.104389943944313,2.5285714285714285,,,,,
179,7.906330108642578,5.075213453592006,2.5428571428571427,,,,,
180,7.905262231826782,5.067954063518829,2.557142857142857,,,,,
181,7.899890899658203,5.113850792731115,2.571428571428571,,,,,
182,7.89693546295166,5.049618452012642,2.5857142857142854,,,,,
183,7.8636252880096436,5.017902083785323,2.5999999999999996,,,,,
184,7.872653961181641,5.014210604092484,2.614285714285714,,,,,
185,7.847391366958618,5.017222170193439,2.6285714285714286,,,,,
186,7.8347649574279785,4.99984004592565,2.642857142857143,,,,,
187,7.852147340774536,5.001844210889145,2.657142857142857,,,,,
188,7.831142902374268,4.9838326614692265,2.6714285714285713,,,,,
189,7.8094801902771,4.986466721604147,2.6857142857142855,,,,,
190,7.81694769859314,4.991199892356449,2.6999999999999997,,,,,
191,7.818241834640503,5.001483271812029,2.714285714285714,,,,,
192,7.834364891052246,5.014509361682773,2.728571428571428,,,,,
193,7.81742787361145,4.978259962600893,2.7428571428571424,,,,,
194,7.805003643035889,4.977958360619107,2.7571428571428567,,,,,
195,7.7881059646606445,5.019891521856318,2.771428571428571,,,,,
196,7.847224235534668,5.061368009556517,2.785714285714286,,,,,
197,7.8743157386779785,5.1736376694624715,2.8000000000000003,,,,,
198,7.952819585800171,5.096610579788169,2.8142857142857145,,,,,
199,7.881967067718506,5.031240353757835,2.8285714285714287,,,,,
200,7.8547844886779785,5.05433184393977,2.842857142857143,,,,,
201,7.87001895904541,5.015658378807676,2.857142857142857,,,,,
202,7.842650651931763,5.000885579780235,2.8714285714285714,,,,,
203,7.80982232093811,4.99516933629583,2.8857142857142857,,,,,
204,7.8254454135894775,5.134848380006165,2.9,,,,,
205,7.899143218994141,5.161608938431202,2.914285714285714,,,,,
206,7.962790012359619,5.035005607472756,2.928571428571429,,,,,
207,7.944238662719727,5.234510578357161,2.942857142857143,,,,,
208,8.010555267333984,5.201924453368426,2.9571428571428573,,,,,
209,8.04040002822876,5.2526917354279625,2.9714285714285715,,,,,
210,8.017783164978027,5.206167724558138,2.9857142857142858,,,,,
211,7.946066856384277,5.113931268918452,3.0,,,,,
212,7.905807018280029,5.056118980437465,3.0142857142857142,,,,,
213,7.883300304412842,5.045806238101715,3.0285714285714285,,,,,
214,7.833109617233276,5.065885645884575,3.0428571428571427,,,,,
215,7.841527938842773,4.976814032117457,3.057142857142857,,,,,
216,7.795290946960449,5.005338579571227,3.071428571428571,,,,,
217,7.794104099273682,4.961222308863801,3.085714285714286,,,,,
218,7.751925945281982,4.934959905193005,3.1,,,,,
219,7.749796152114868,4.952102461348787,3.1142857142857143,,,,,
220,7.80228853225708,4.968404296365933,3.1285714285714286,,,,,
221,7.759551048278809,4.957560064267864,3.142857142857143,,,,,
222,7.743533134460449,4.9551060061314285,3.157142857142857,,,,,
223,7.7500715255737305,4.9384995893134604,3.1714285714285713,,,,,
224,7.741676568984985,4.922460536506395,3.1857142857142855,,,,,
225,7.729132652282715,5.011994230272038,3.1999999999999997,,,,,
226,7.783053398132324,5.038752606877835,3.214285714285714,,,,,
227,7.962477445602417,5.064431667947686,3.2285714285714286,,,,,
228,7.908421993255615,5.037281596061469,3.242857142857143,,,,,
229,7.8682050704956055,5.149680084744194,3.257142857142857,,,,,
230,7.921367645263672,5.121014091336335,3.2714285714285714,,,,,
231,7.880504131317139,4.986444532974548,3.2857142857142856,,,,,
232,7.888270616531372,5.192253795405608,3.3,,,,,
233,7.984814882278442,5.097510944825937,3.314285714285714,,,,,
234,7.9464592933654785,5.051405796145236,3.3285714285714283,,,,,
235,7.87257981300354,5.053584506648045,3.3428571428571425,,,,,
236,7.921825170516968,5.06340692981277,3.3571428571428568,,,,,
237,7.841290473937988,4.998674812618534,3.371428571428571,,,,,
238,7.790171146392822,4.9679733170793625,3.3857142857142857,,,,,
239,7.7881104946136475,4.941074276507624,3.4,,,,,
240,7.75924015045166,4.935730889517059,3.414285714285714,,,,,
241,7.780402421951294,4.906794915269525,3.4285714285714284,,,,,
242,7.716918468475342,4.903100281902161,3.4428571428571426,,,,,
243,7.7163989543914795,4.913028273466762,3.457142857142857,,,,,
244,7.7128002643585205,4.878410186470071,3.471428571428571,,,,,
245,7.70272159576416,4.8840701979822265,3.4857142857142853,,,,,
246,7.7298805713653564,4.954178055919436,3.4999999999999996,,,,,
247,7.767634868621826,5.011232066815606,3.514285714285714,,,,,
248,7.823658466339111,4.951248188417541,3.528571428571429,,,,,
249,7.765110731124878,5.008177520084216,3.542857142857143,,,,,
250,7.78542685508728,5.005897700476687,3.5571428571428574,,,,,
251,7.84258508682251,5.244142740190132,3.5714285714285716,,,,,
252,7.994320392608643,5.106868134834118,3.585714285714286,,,,,
253,7.9291486740112305,5.122714555656063,3.5999999999999996,,,,,
254,7.950212478637695,5.034635134028397,3.614285714285714,,,,,
255,7.848686456680298,5.035405419418262,3.628571428571428,,,,,
256,7.819153547286987,4.994295616290391,3.6428571428571423,,,,,
257,7.804262638092041,4.944807241653033,3.6571428571428566,,,,,
258,7.741007328033447,4.910263642591248,3.671428571428571,,,,,
259,7.732675313949585,4.919414178854051,3.685714285714286,,,,,
260,7.724933385848999,4.8715489561471,3.7,,,,,
261,7.701921701431274,4.9011060901283185,3.7142857142857144,,,,,
262,7.701757907867432,4.885933874384783,3.7285714285714286,,,,,
263,7.713443040847778,4.901629883453793,3.742857142857143,,,,,
264,7.694811820983887,4.818769022331701,3.757142857142857,,,,,
265,7.676109075546265,4.829526937813651,3.7714285714285714,,,,,
266,7.6465277671813965,4.8763944015965714,3.7857142857142856,,,,,
267,7.672318935394287,4.818514834656872,3.8,,,,,
268,7.653123617172241,4.805010588164966,3.814285714285714,,,,,
269,7.666876316070557,4.845314232997299,3.8285714285714287,,,,,
270,7.729764938354492,4.956307436399278,3.842857142857143,,,,,
271,7.7601683139801025,4.916225367030403,3.857142857142857,,,,,
272,7.7975754737854,4.979817248712999,3.8714285714285714,,,,,
273,7.754142761230469,4.943872357261863,3.8857142857142857,,,,,
274,7.7262842655181885,5.000332682343455,3.9,,,,,
275,7.786691188812256,4.907182976939236,3.914285714285714,,,,,
276,7.748671531677246,4.836929510742994,3.9285714285714284,,,,,
277,7.739651679992676,4.922845345849181,3.9428571428571426,,,,,
278,7.761618137359619,4.952701543604687,3.957142857142857,,,,,
279,7.767611742019653,4.852283239364624,3.971428571428571,,,,,
280,7.6677820682525635,4.893880479153975,3.9857142857142858,,,,,
281,7.71342658996582,4.812284343370738,4.0,,,,,
282,7.665807247161865,4.889312304491806,4.014285714285714,,,,,
283,7.701262474060059,4.845344618918371,4.0285714285714285,,,,,
284,7.70348596572876,4.841620461366412,4.042857142857143,,,,,
285,7.723733425140381,4.877861305167398,4.057142857142857,,,,,
286,7.741217136383057,4.8978230298288565,4.071428571428571,,,,,
287,7.756030082702637,4.851129151506275,4.085714285714285,,,,,
288,7.690478801727295,4.84944321956337,4.1,,,,,
289,7.692796230316162,4.8174216943555725,4.114285714285714,,,,,
290,7.642507076263428,4.826023017719672,4.128571428571429,,,,,
291,7.638802766799927,4.769519845988969,4.142857142857143,,,,,
292,7.609090089797974,4.798471064563434,4.1571428571428575,,,,,
293,7.6200854778289795,4.834360527826967,4.171428571428572,,,,,
294,7.646334171295166,4.8319441657545665,4.185714285714286,,,,,
295,7.696254014968872,4.918929111399725,4.2,,,,,
296,7.726672172546387,4.93505015044733,4.214285714285714,,,,,
297,7.769827365875244,4.852987249192993,4.228571428571429,,,,,
298,7.700522184371948,4.85056411104351,4.242857142857143,,,,,
299,7.683286428451538,4.869571000389251,4.257142857142857,,,,,
300,7.69218897819519,4.853835796152905,4.271428571428571,,,,,
301,7.692338705062866,4.817303297941152,4.285714285714286,,,,,
302,7.658788204193115,4.839864083447944,4.3,,,,,
303,7.663632869720459,4.81380859879935,4.314285714285714,,,,,
304,7.658438444137573,4.793069027325516,4.328571428571428,,,,,
305,7.63388466835022,4.834340671319482,4.3428571428571425,,,,,
306,7.680513620376587,4.849109808741657,4.357142857142857,,,,,
307,7.717996120452881,4.840953933407571,4.371428571428571,,,,,
308,7.671371221542358,4.908579788133631,4.385714285714285,,,,,
309,7.713149547576904,4.951105368250991,4.3999999999999995,,,,,
310,7.73532772064209,4.904658169225762,4.414285714285714,,,,,
311,7.716171503067017,4.837129925214645,4.428571428571429,,,,,
312,7.696298599243164,4.8669782197248175,4.442857142857143,,,,,
313,7.701440334320068,4.837931244584055,4.457142857142857,,,,,
314,7.637692928314209,4.813137709784549,4.4714285714285715,,,,,
315,7.611428737640381,4.803433056100816,4.485714285714286,,,,,
316,7.644582033157349,4.831438907924103,4.5,,,,,
317,7.648514986038208,4.798460173544892,4.514285714285714,,,,,
318,7.655849933624268,4.836764679211265,4.5285714285714285,,,,,
319,7.717846870422363,4.884436090184663,4.542857142857143,,,,,
320,7.776002407073975,5.120452342248252,4.557142857142857,,,,,
321,7.984385251998901,4.906351320355149,4.571428571428571,,,,,
322,7.964956760406494,5.218509811669123,4.585714285714285,,,,,
323,8.087304592132568,5.0957252959651385,4.6,,,,,
324,8.010262966156006,5.3263216197387395,4.614285714285714,,,,,
325,8.117451667785645,5.267231233198474,4.628571428571428,,,,,
326,8.024741172790527,5.139443971978523,4.642857142857142,,,,,
327,7.960224151611328,5.049178457549375,4.657142857142857,,,,,
328,7.888041734695435,4.943172744386531,4.671428571428571,,,,,
329,7.771932363510132,4.937891834530095,4.685714285714285,,,,,
330,7.785787105560303,5.011407919318465,4.699999999999999,,,,,
331,7.817072868347168,4.9766336904654676,4.7142857142857135,,,,,
332,7.7819812297821045,4.930350594028856,4.728571428571429,,,,,
333,7.748159646987915,4.9024623535328145,4.742857142857143,,,,,
334,7.713938236236572,4.9342630934260745,4.757142857142857,,,,,
335,7.745827674865723,4.869046055154949,4.771428571428571,,,,,
336,7.704408645629883,4.855334261881003,4.785714285714286,,,,,
337,7.6929097175598145,4.827614950555243,4.8,,,,,
338,7.676863431930542,4.830463639733283,4.799998704858026,,,,,
339,7.6462788581848145,4.847069261598835,4.7999948194335,,,,,
340,7.642919301986694,4.807933832991681,4.799988343730616,,,,,
341,7.631899833679199,4.797957769506312,4.799979277756365,,,,,
342,7.615654468536377,4.83913905730074,4.79996762152053,,,,,
343,7.675949573516846,4.762660293376632,4.799953375035691,,,,,
344,7.685796737670898,5.161700343755131,4.799936538317226,,,,,
345,7.9020140171051025,4.995291949454792,4.799917111383304,,,,,
346,7.791199684143066,4.855593147062966,4.799895094254895,,,,,
347,7.744471549987793,4.975900617587918,4.799870486955759,,,,,
348,7.746873378753662,5.034116462157132,4.799843289512456,,,,,
349,7.844684839248657,4.969205315646101,4.799813501954339,,,,,
350,7.837823867797852,5.022078093044473,4.799781124313559,,,,,
351,7.842774391174316,5.004579378785873,4.799746156625058,,,,,
352,7.784877300262451,4.83811776859095,4.7997085989265775,,,,,
353,7.695192337036133,4.900632488872191,4.799668451258653,,,,,
354,7.82472038269043,4.896716074162588,4.799625713664616,,,,,
355,7.770942687988281,4.940079027073429,4.799580386190591,,,,,
356,7.737151145935059,4.905623195386222,4.7995324688855,,,,,
357,7.715378046035767,4.862323870691931,4.79948196180106,,,,,
358,7.673311471939087,4.845888348551309,4.799428864991781,,,,,
359,7.679556131362915,4.783724430322234,4.799373178514972,,,,,
360,7.627939939498901,4.810438893903273,4.799314902430732,,,,,
361,7.628573417663574,4.757320091154175,4.799254036801959,,,,,
362,7.605563402175903,4.751763287821923,4.799190581694344,,,,,
363,7.57347297668457,4.828971490754618,4.799124537176373,,,,,
364,7.709266901016235,4.868108547952807,4.799055903319327,,,,,
365,7.698127508163452,4.836793517116037,4.7989846801972815,,,,,
366,7.674877643585205,4.881252693551459,4.798910867887106,,,,,
367,7.728116273880005,4.847953833471758,4.798834466468466,,,,,
368,7.707176685333252,4.840408367135495,4.79875547602382,,,,,
369,7.689449310302734,4.810390857311427,4.798673896638421,,,,,
370,7.689924001693726,4.971882026158338,4.798589728400317,,,,,
371,7.876310348510742,4.909149389333081,4.798502971400349,,,,,
372,7.744901657104492,5.004233196145327,4.798413625732152,,,,,
373,7.767096996307373,4.9001215906552265,4.7983216914921565,,,,,
374,7.7530083656311035,4.8606708792507956,4.798227168779586,,,,,
375,7.693391561508179,4.850292125649014,4.798130057696455,,,,,
376,7.703644275665283,4.943205858537188,4.798030358347576,,,,,
377,7.735326290130615,4.9318459476094105,4.797928070840554,,,,,
378,7.720891714096069,4.845463829395882,4.797823195285784,,,,,
379,7.678194999694824,4.804013167861429,4.797715731796459,,,,,
380,7.634520769119263,4.772479413183764,4.7976056804885605,,,,,
381,7.607241868972778,4.8235131729413565,4.797493041480866,,,,,
382,7.6758081912994385,4.878559656738202,4.797377814894945,,,,,
383,7.668547630310059,4.8458962352684924,4.797260000855162,,,,,
384,7.674422740936279,4.749945791796547,4.797139599488668,,,,,
385,7.626899242401123,4.81607887908119,4.7970166109254135,,,,,
386,7.613600254058838,4.851492845826174,4.796891035298136,,,,,
387,7.637742519378662,4.776245851037407,4.79676287274237,,,,,
388,7.636871576309204,4.7820066907790135,4.796632123396438,,,,,
389,7.608187675476074,4.856800455671043,4.796498787401455,,,,,
390,7.702349901199341,5.027156118297081,4.796362864901329,,,,,
391,7.777996063232422,4.923319222608926,4.796224356042759,,,,,
392,7.723897218704224,4.897223551620437,4.796083260975237,,,,,
393,7.725665092468262,4.881446535293936,4.795939579851043,,,,,
394,7.698915719985962,4.82456566731686,4.795793312825251,,,,,
395,7.66158652305603,4.803779603187092,4.795644460055724,,,,,
396,7.640411138534546,4.829445533983836,4.795493021703118,,,,,
397,7.634357690811157,4.7989335312173935,4.795338997930877,,,,,
398,7.641303539276123,4.83110110856838,4.795182388905236,,,,,
399,7.687312602996826,4.778339985338406,4.79502319479522,,,,,
400,7.592249870300293,4.7813186084067185,4.794861415772648,,,,,
401,7.6154656410217285,4.747773711974741,4.794697052012124,,,,,
402,7.582526683807373,4.741745483627352,4.794530103691042,,,,,
403,7.555243253707886,4.763631129285492,4.794360570989589,,,,,
404,7.582815170288086,4.739382861805128,4.794188454090738,,,,,
405,7.572380781173706,4.705914211438475,4.794013753180252,,,,,
406,7.539900302886963,4.698087169351363,4.793836468446684,,,,,
407,7.542418479919434,4.6828041168598,4.793656600081373,,,,,
408,7.525359153747559,4.733955626574505,4.793474148278451,,,,,
409,7.569691896438599,4.692776262656861,4.793289113234832,,,,,
410,7.524249076843262,4.712382575668124,4.793101495150224,,,,,
411,7.545810222625732,4.690669916841352,4.79291129422712,,,,,
412,7.5135626792907715,4.684781732964144,4.7927185106708015,,,,,
413,7.516068458557129,4.787240764193973,4.792523144689335,,,,,
414,7.607682943344116,4.791499561412289,4.792325196493578,,,,,
415,7.612815618515015,4.741345581706723,4.792124666297172,,,,,
416,7.575894832611084,4.704838527757126,4.791921554316547,,,,,
417,7.546261310577393,4.741782665201035,4.791715860770917,,,,,
418,7.560915470123291,4.711761726353776,4.791507585882286,,,,,
419,7.5392677783966064,4.668477076591611,4.79129672987544,,,,,
420,7.522998094558716,4.725595114342674,4.791083292977955,,,,,
421,7.606211185455322,4.74615209793714,4.790867275420189,,,,,
422,7.574946880340576,4.758406934643122,4.7906486774352866,,,,,
423,7.550094127655029,4.731918751263742,4.790427499259176,,,,,
424,7.562176465988159,4.689265415924674,4.790203741130575,,,,,
425,7.510155439376831,4.7499653500742065,4.789977403290979,,,,,
426,7.531036138534546,4.73171411013066,4.7897484859846715,,,,,
427,7.584648370742798,4.77652896111718,4.789516989458721,,,,,
428,7.569642543792725,4.730264513135163,4.789282913962977,,,,,
429,7.601802349090576,4.723780261271955,4.789046259750075,,,,,
430,7.583825588226318,4.769390833129916,4.78880702707543,,,,,
431,7.607297897338867,4.9227803902154985,4.788565216197245,,,,,
432,7.659644842147827,4.740540141146146,4.7883208273765,,,,,
433,7.591753721237183,4.735437783872647,4.788073860876963,,,,,
434,7.567659616470337,4.742968348014706,4.787824316965179,,,,,
435,7.628246068954468,4.841613049265417,4.787572195910479,,,,,
436,7.597663402557373,4.729006226389205,4.787317497984971,,,,,
437,7.615620851516724,4.73006270348096,4.78706022346355,,,,,
438,7.6049017906188965,4.716148602487309,4.786800372623886,,,,,
439,7.587357759475708,4.773997405062929,4.786537945746431,,,,,
440,7.5996973514556885,4.793453704959599,4.7862729431144215,,,,,
441,7.567431449890137,4.785959734453899,4.786005365013868,,,,,
442,7.573737621307373,4.703575284373615,4.7857352117335665,,,,,
443,7.525237321853638,4.708896529013404,4.785462483565088,,,,,
444,7.526945114135742,4.674109700544248,4.785187180802782,,,,,
445,7.513797283172607,4.700943798085019,4.784909303743782,,,,,
446,7.522168397903442,4.706079299982954,4.7846288526879945,,,,,
447,7.510378360748291,4.708187407802668,4.784345827938106,,,,,
448,7.483185768127441,4.682802167570983,4.784060229799581,,,,,
449,7.48568058013916,4.678945113974179,4.783772058580663,,,,,
450,7.498039960861206,4.677978122255005,4.783481314592369,,,,,
451,7.478314399719238,4.659092150641479,4.783187998148494,,,,,
452,7.458890438079834,4.657495246602923,4.782892109565613,,,,,
453,7.494788408279419,4.6833185606234204,4.782593649163071,,,,,
454,7.544725656509399,4.662428713547295,4.782292617262994,,,,,
455,7.493472576141357,4.655480963415249,4.781989014190279,,,,,
456,7.475100040435791,4.692021707883121,4.781682840272603,,,,,
457,7.490715503692627,4.717725464128332,4.781374095840413,,,,,
458,7.493072509765625,4.665021926112977,4.781062781226932,,,,,
459,7.4905993938446045,4.7021773129546665,4.780748896768158,,,,,
460,7.4800591468811035,4.736597870571774,4.780432442802863,,,,,
461,7.523258924484253,4.643935317441537,4.780113419672588,,,,,
462,7.483961820602417,4.663820528075021,4.7797918277216525,,,,,
463,7.466053247451782,4.693997030448252,4.779467667297145,,,,,
464,7.478974342346191,4.615610485783483,4.7791409387489265,,,,,
465,7.427957057952881,4.6002614455785045,4.7788116424296305,,,,,
466,7.433380842208862,4.615314095179378,4.778479778694662,,,,,
467,7.451586484909058,4.599955194021222,4.778145347902195,,,,,
468,7.450620889663696,4.603013737621093,4.777808350413179,,,,,
469,7.450645446777344,4.684130530216872,4.777468786591326,,,,,
470,7.461832761764526,4.674852172671406,4.777126656803126,,,,,
471,7.505840301513672,4.694001893650102,4.776781961417832,,,,,
472,7.497151613235474,4.73915397232492,4.776434700807469,,,,,
473,7.613759279251099,4.809884442613691,4.7760848753468315,,,,,
474,7.69776177406311,4.861792409957179,4.775732485413479,,,,,
475,7.628236770629883,4.937919137072935,4.7753775313877425,,,,,
476,7.761897802352905,4.895457565061347,4.775020013652717,,,,,
477,7.713098526000977,4.870526985341177,4.7746599325942665,,,,,
478,7.693401098251343,4.849711972568023,4.774297288601022,,,,,
479,7.649625778198242,4.801177340322392,4.773932082064378,,,,,
480,7.602205276489258,4.784150829761446,4.773564313378498,,,,,
481,7.575612545013428,4.775402375688999,4.773193982940308,,,,,
482,7.556923866271973,4.727439193419815,4.772821091149502,,,,,
483,7.527429103851318,4.780480051681115,4.772445638408533,,,,,
484,7.630085706710815,4.813992164422156,4.7720676251226255,,,,,
485,7.627163410186768,4.7159357098814105,4.771687051699762,,,,,
486,7.551062345504761,4.699529906699315,4.7713039185506885,,,,,
487,7.545036792755127,4.745434644420597,4.770918226088915,,,,,
488,7.55082368850708,4.728759046030623,4.7705299747307155,,,,,
489,7.5058753490448,4.676734433946824,4.770139164895122,,,,,
490,7.497100353240967,4.69217634438642,4.769745797003931,,,,,
491,7.495418548583984,4.697881200078042,4.7693498714816975,,,,,
492,7.511093616485596,4.679249158455139,4.768951388755738,,,,,
493,7.488382816314697,4.708625359644716,4.76855034925613,,,,,
494,7.542987823486328,4.73099817322693,4.768146753415709,,,,,
495,7.544573545455933,4.674740133087185,4.767740601670069,,,,,
496,7.489264011383057,4.653837636448895,4.767331894457565,,,,,
497,7.482682704925537,4.673042050319073,4.766920632219308,,,,,
498,7.493446588516235,4.651331668813266,4.766506815399166,,,,,
499,7.475996017456055,4.6511875853794695,4.7660904444437655,,,,,
500,7.470170497894287,4.610190846736137,4.765671519802491,,,,,
501,7.441143035888672,4.631647186583002,4.765250041927481,,,,,
502,7.42358660697937,4.615830660847692,4.7648260112736285,,,,,
503,7.493690013885498,4.609885562540547,4.764399428298586,,,,,
504,7.4277496337890625,4.7268929934997495,4.763970293462757,,,,,
505,7.524308443069458,4.65970953746313,4.763538607229299,,,,,
506,7.480962514877319,4.653099657757856,4.763104370064126,,,,,
507,7.463722229003906,4.646471852652948,4.762667582435904,,,,,
508,7.449030637741089,4.639337628563314,4.7622282448160504,,,,,
509,7.451759338378906,4.634981985108691,4.761786357678735,,,,,
510,7.438122034072876,4.652580022347036,4.761341921500882,,,,,
511,7.457494497299194,4.619962178183593,4.760894936762163,,,,,
512,7.452609062194824,4.772715234260625,4.760445403945002,,,,,
513,7.515736103057861,4.749258606851204,4.759993323534575,,,,,
514,7.560612678527832,4.727293902501283,4.759538696018803,,,,,
515,7.565334320068359,4.741876385034267,4.759081521888359,,,,,
516,7.511001348495483,4.696656464703988,4.758621801636666,,,,,
517,7.502060174942017,4.592789886884094,4.758159535759892,,,,,
518,7.431544542312622,4.60291401868883,4.757694724756953,,,,,
519,7.410005331039429,4.608056793231484,4.757227369129513,,,,,
520,7.439650535583496,4.605504697282352,4.756757469381983,,,,,
521,7.422662019729614,4.601462559538863,4.756285026021518,,,,,
522,7.434328079223633,4.7842421128803565,4.7558100395580185,,,,,
523,7.522392272949219,4.786438479064036,4.755332510504131,,,,,
524,7.866692543029785,5.2449960863569585,4.754852439375243,,,,,
525,8.124401569366455,5.247376859704585,4.7543698266894925,,,,,
526,8.078704833984375,5.312924951573178,4.753884672967753,,,,,
527,8.069849014282227,5.085735084485759,4.753396978733645,,,,,
528,7.954935073852539,5.036600700697411,4.752906744513528,,,,,
529,7.839340448379517,4.925757728994823,4.752413970836505,,,,,
530,7.733976602554321,4.855149122210062,4.751918658234421,,,,,
531,7.730885982513428,4.807808194251367,4.751420807241857,,,,,
532,7.660965919494629,4.790654882607882,4.750920418396137,,,,,
533,7.606358289718628,4.754937748355304,4.7504174922373235,,,,,
534,7.564410209655762,4.724985106152513,4.749912029308217,,,,,
535,7.536912202835083,4.679312752479078,4.7494040301543565,,,,,
536,7.485267639160156,4.628140160126331,4.748893495324016,,,,,
537,7.502410173416138,4.831434668246754,4.748380425368211,,,,,
538,7.571946144104004,4.737693588025029,4.747864820840688,,,,,
539,7.513673543930054,4.696389696523676,4.747346682297931,,,,,
540,7.501943111419678,4.671736881679224,4.746826010299161,,,,,
541,7.4845921993255615,4.656882148165017,4.746302805406331,,,,,
542,7.504256725311279,4.782398592351421,4.745777068184126,,,,,
543,7.520370960235596,4.737042832674145,4.7452487991999694,,,,,
544,7.504136085510254,4.747560095849029,4.744717999024012,,,,,
545,7.5347466468811035,4.648072292527871,4.744184668229139,,,,,
546,7.4761433601379395,4.614252995680276,4.743648807390966,,,,,
547,7.458016633987427,4.617149444448679,4.7431104170878395,,,,,
548,7.443797826766968,4.621409247095085,4.7425694979008375,,,,,
549,7.44497275352478,4.600866344400667,4.742026050413764,,,,,
550,7.430311441421509,4.642357856086883,4.741480075213155,,,,,
551,7.495407819747925,4.6390012727866345,4.740931572888273,,,,,
552,7.477584600448608,4.575807461679705,4.740380544031107,,,,,
553,7.41222882270813,4.646408858187691,4.739826989236376,,,,,
554,7.435104846954346,4.605166030043746,4.739270909101523,,,,,
555,7.416996240615845,4.60287528052487,4.738712304226717,,,,,
556,7.420084476470947,4.615964852415503,4.738151175214852,,,,,
557,7.400850296020508,4.599925913058699,4.737587522671545,,,,,
558,7.408837795257568,4.590273868583104,4.737021347205138,,,,,
559,7.423439025878906,4.569762372035708,4.736452649426695,,,,,
560,7.422969579696655,4.619301137157701,4.735881429950006,,,,,
561,7.409515380859375,4.591937397133746,4.735307689391577,,,,,
562,7.420644044876099,4.6189803872612565,4.7347314283706385,,,,,
563,7.456955671310425,4.6606434038493205,4.7341526475091396,,,,,
564,7.4665749073028564,4.577703577806879,4.73357134743175,,,,,
565,7.417222023010254,4.69665460487379,4.732987528765858,,,,,
566,7.4741363525390625,4.5906707753703335,4.732401192141572,,,,,
567,7.442509174346924,4.711738237836745,4.731812338191715,,,,,
568,7.503369331359863,4.6629268371304775,4.731220967551827,,,,,
569,7.459360599517822,4.637292426008492,4.730627080860168,,,,,
570,7.452918767929077,4.708251417406304,4.730030678757709,,,,,
571,7.491113662719727,4.650020647916678,4.729431761888138,,,,,
572,7.518506288528442,4.658236504014278,4.728830330897858,,,,,
573,7.477177381515503,4.667384652630709,4.728226386435984,,,,,
574,7.460911989212036,4.615709496639424,4.7276199291543435,,,,,
575,7.4183268547058105,4.665728777724494,4.727010959707478,,,,,
576,7.4310479164123535,4.606951920318852,4.726399478752638,,,,,
577,7.429827690124512,4.591952962881564,4.725785486949787,,,,,
578,7.415944814682007,4.576048006527965,4.725168984961596,,,,,
579,7.409211874008179,4.602044226572667,4.724549973453446,,,,,
580,7.43353009223938,4.637949292384979,4.723928453093428,,,,,
581,7.438418626785278,4.6017594758931235,4.723304424552338,,,,,
582,7.390788793563843,4.5846307666090995,4.722677888503682,,,,,
583,7.3956568241119385,4.638340030013999,4.722048845623671,,,,,
584,7.4133076667785645,4.61618182641588,4.721417296591221,,,,,
585,7.4735071659088135,4.685794500172448,4.720783242087953,,,,,
586,7.525890350341797,4.680072329176567,4.720146682798194,,,,,
587,7.47193169593811,4.619945640063988,4.719507619408971,,,,,
588,7.463947057723999,4.575854977350715,4.718866052610016,,,,,
589,7.377758741378784,4.576831654049908,4.7182219830937635,,,,,
590,7.389949321746826,4.56408363931927,4.717575411555347,,,,,
591,7.3752875328063965,4.585884323772979,4.716926338692603,,,,,
592,7.367586374282837,4.566178686516537,4.716274765206063,,,,,
593,7.3872294425964355,4.637485683945684,4.715620691798963,,,,,
594,7.453843355178833,4.628553397888947,4.714964119177235,,,,,
595,7.437666893005371,4.656474786573307,4.714305048049506,,,,,
596,7.485924243927002,4.855182278197601,4.713643479127103,,,,,
597,7.606897592544556,4.8880217518508955,4.712979413124047,,,,,
598,7.678847312927246,4.606870808055951,4.712312850757053,,,,,
599,7.485125780105591,4.920042668151277,4.711643792745535,,,,,
600,7.898638963699341,4.981632827782755,4.710972239811594,,,,,
601,7.763769149780273,5.0490893579025204,4.710298192680028,,,,,
602,7.815924167633057,4.976026237010956,4.709621652078328,,,,,
603,7.733383655548096,4.90600090201434,4.708942618736671,,,,,
604,7.658615589141846,4.748106111738463,4.70826109338793,,,,,
605,7.571638345718384,4.710081457885134,4.707577076767664,,,,,
606,7.537613391876221,4.696683289686563,4.706890569614121,,,,,
607,7.49191427230835,4.678673996462566,4.706201572668239,,,,,
608,7.480282545089722,4.6688966690151075,4.705510086673641,,,,,
609,7.472320079803467,4.658140692285277,4.70481611237664,,,,,
610,7.460576057434082,4.610285871466896,4.704119650526229,,,,,
611,7.429559707641602,4.591223328582542,4.70342070187409,,,,,
612,7.413212776184082,4.600830990169036,4.702719267174587,,,,,
613,7.44464111328125,4.6332543329101705,4.70201534718477,,,,,
614,7.418442249298096,4.607089434225803,4.701308942664369,,,,,
615,7.409403324127197,4.6471287553397165,4.700600054375793,,,,,
616,7.40505313873291,4.610136587863572,4.699888683084137,,,,,
617,7.4370598793029785,4.640635721088489,4.699174829557173,,,,,
618,7.465871810913086,4.681566346249506,4.698458494565352,,,,,
619,7.479517936706543,4.649527036363785,4.6977396788818035,,,,,
620,7.421625137329102,4.594905033888395,4.697018383282334,,,,,
621,7.3947594165802,4.6476059622119985,4.696294608545428,,,,,
622,7.461770534515381,4.606533101206223,4.695568355452244,,,,,
623,7.437443256378174,4.629456750080118,4.694839624786617,,,,,
624,7.415585994720459,4.615811222347478,4.6941084173350545,,,,,
625,7.390057802200317,4.621692970524214,4.6933747338867375,,,,,
626,7.4185566902160645,4.586481479208019,4.69263857523352,,,,,
627,7.378434181213379,4.550108463527631,4.6918999421699255,,,,,
628,7.357314825057983,4.547825714796007,4.691158835493152,,,,,
629,7.36879563331604,4.5366395043283445,4.690415256003063,,,,,
630,7.354382514953613,4.524741149134611,4.689669204502193,,,,,
631,7.3272716999053955,4.548340516290797,4.688920681795744,,,,,
632,7.389870643615723,4.6150660833256705,4.688169688691587,,,,,
633,7.403373718261719,4.581890365021687,4.687416226000255,,,,,
634,7.397686004638672,4.595263859376543,4.686660294534951,,,,,
635,7.373823642730713,4.586898668593302,4.68590189511154,,,,,
636,7.391282320022583,4.6843511520060135,4.68514102854855,,,,,
637,7.446706295013428,4.676076378344043,4.684377695667174,,,,,
638,7.4199113845825195,4.686078050675797,4.683611897291264,,,,,
639,7.508220195770264,4.631978339349376,4.682843634247338,,,,,
640,7.402853727340698,4.640594215802138,4.682072907364568,,,,,
641,7.454843521118164,4.608894878181676,4.68129971747479,,,,,
642,7.4183735847473145,4.57237867987755,4.680524065412493,,,,,
643,7.39548921585083,4.635772954963109,4.67974595201483,,,,,
644,7.4147820472717285,4.592352462599967,4.678965378121606,,,,,
645,7.3943190574646,4.6719438536431594,4.678182344575281,,,,,
646,7.474358797073364,4.641429335834455,4.677396852220974,,,,,
647,7.434154987335205,4.655009670522019,4.6766089019064525,,,,,
648,7.439594507217407,4.61036950814662,4.675818494482143,,,,,
649,7.4385175704956055,4.59399721610071,4.675025630801116,,,,,
650,7.42374587059021,4.674913836723803,4.6742303117191,,,,,
651,7.452695846557617,4.599157167937562,4.673432538094471,,,,,
652,7.394345998764038,4.572960726309897,4.672632310788254,,,,,
653,7.402532577514648,4.572796474709667,4.671829630664121,,,,,
654,7.409298896789551,4.62269899703601,4.671024498588393,,,,,
655,7.426536321640015,4.602271120304458,4.670216915430038,,,,,
656,7.4015045166015625,4.611682836992902,4.669406882060668,,,,,
657,7.413741588592529,4.548539110625637,4.668594399354539,,,,,
658,7.37518572807312,4.588656396293557,4.667779468188552,,,,,
659,7.4301135540008545,4.664591213859347,4.666962089442252,,,,,
660,7.4174299240112305,4.577258008140006,4.666142263997819,,,,,
661,7.362099885940552,4.566989013779928,4.665319992740082,,,,,
662,7.3799827098846436,4.678155890990378,4.664495276556505,,,,,
663,7.437445640563965,4.620940117943432,4.663668116337191,,,,,
664,7.405178546905518,4.65492561423386,4.662838512974882,,,,,
665,7.474238395690918,4.794931720303084,4.662006467364958,,,,,
666,7.561927080154419,4.764856821536191,4.661171980405431,,,,,
667,7.5217461585998535,4.8177248601070515,4.6603350529969525,,,,,
668,7.544001579284668,4.730110196038384,4.659495686042803,,,,,
669,7.520685195922852,4.692419459542947,4.6586538804489015,,,,,
670,7.484934091567993,4.675100140802988,4.657809637123793,,,,,
671,7.469850063323975,4.625366962658471,4.65696295697866,,,,,
672,7.413012742996216,4.5984895327992,4.6561138409273095,,,,,
673,7.439093351364136,4.708018027555902,4.65526228988618,,,,,
674,7.4830403327941895,4.694923235287493,4.654408304774338,,,,,
675,7.435563087463379,4.583546718082147,4.653551886513477,,,,,
676,7.442903518676758,4.605397235376169,4.652693036027916,,,,,
677,7.428792953491211,4.608393200865238,4.6518317542446,,,,,
678,7.409588575363159,4.5745951380948675,4.650968042093097,,,,,
679,7.376485824584961,4.721646332916396,4.650101900505598,,,,,
680,7.493899822235107,4.627855613595278,4.6492333304169176,,,,,
681,7.430983066558838,4.6052771727175195,4.64836233276449,,,,,
682,7.379976272583008,4.64356571947268,4.64748890848837,,,,,
683,7.40688157081604,4.593854391440568,4.646613058531231,,,,,
684,7.422447204589844,4.5625557193154895,4.645734783838366,,,,,
685,7.384950876235962,4.602809818923164,4.644854085357681,,,,,
686,7.3938422203063965,4.591711409996866,4.6439709640397036,,,,,
687,7.370808839797974,4.547718689207188,4.643085420837572,,,,,
688,7.353207588195801,4.539805046710439,4.642197456707039,,,,,
689,7.372312545776367,4.544276816592886,4.641307072606472,,,,,
690,7.335195302963257,4.611770842837709,4.6404142694968495,,,,,
691,7.4041829109191895,4.558648605745422,4.639519048341759,,,,,
692,7.342409372329712,4.529865312101109,4.638621410107401,,,,,
693,7.340100049972534,4.549474959150344,4.637721355762581,,,,,
694,7.336721897125244,4.526124791137267,4.636818886278717,,,,,
695,7.316133260726929,4.5248552204934525,4.635914002629827,,,,,
696,7.333061218261719,4.553530659584693,4.635006705792541,,,,,
697,7.321925163269043,4.556636302785196,4.63409699674609,,,,,
698,7.3252270221710205,4.541807110894284,4.63318487647231,,,,,
699,7.327472448348999,4.520649977738564,4.632270345955637,,,,,
700,7.304991245269775,4.532346418040257,4.631353406183113,,,,,
701,7.3337390422821045,4.541515456018662,4.630434058144373,,,,,
702,7.315475225448608,4.514073791986322,4.62951230283166,,,,,
703,7.303761720657349,4.561201686565756,4.628588141239808,,,,,
704,7.3739635944366455,4.563542398257726,4.627661574366252,,,,,
705,7.370702266693115,4.56745906515076,4.62673260321102,,,,,
706,7.337125778198242,4.611656363853342,4.62580122877674,,,,,
707,7.440652132034302,4.621978771593583,4.624867452068626,,,,,
708,7.41892147064209,4.663142742689189,4.623931274094493,,,,,
709,7.3799889087677,4.622481664090677,4.622992695864741,,,,,
710,7.392948389053345,4.59224417299497,4.622051718392365,,,,,
711,7.413958549499512,4.667750686665341,4.621108342692947,,,,,
712,7.4207611083984375,4.660944130381431,4.62016256978466,,,,,
713,7.447539329528809,4.601316993968945,4.61921440068826,,,,,
714,7.420274496078491,4.588216659514495,4.618263836427093,,,,,
715,7.425239324569702,4.562125094996788,4.617310878027088,,,,,
716,7.425978660583496,4.601809855918537,4.6163555265167595,,,,,
717,7.438374042510986,4.567755638313459,4.615397782927205,,,,,
718,7.373144865036011,4.5196771412777945,4.6144376482921,,,,,
719,7.363653898239136,4.549329308176371,4.613475123647706,,,,,
720,7.344254970550537,4.538589585901753,4.61251021003286,,,,,
721,7.326410293579102,4.548730751309073,4.611542908488978,,,,,
722,7.347974538803101,4.520894157514622,4.610573220060056,,,,,
723,7.319345951080322,4.556848859327298,4.609601145792664,,,,,
724,7.315972328186035,4.519855719840919,4.6086266867359456,,,,,
725,7.305669784545898,4.5129363241910525,4.60764984394162,,,,,
726,7.309509754180908,4.585643438573933,4.606670618463981,,,,,
727,7.3605170249938965,4.487778818121816,4.605689011359889,,,,,
728,7.321280479431152,4.5475480887567565,4.604705023688781,,,,,
729,7.3655760288238525,4.53662064304798,4.603718656512657,,,,,
730,7.33107590675354,4.512151332956253,4.602729910896091,,,,,
731,7.289204835891724,4.493465178063466,4.6017387879062195,,,,,
732,7.2981812953948975,4.489269746754777,4.600745288612747,,,,,
733,7.2834532260894775,4.500198486049626,4.599749414087943,,,,,
734,7.312050104141235,4.6175085240055,4.598751165406639,,,,,
735,7.376283168792725,4.547921185993446,4.597750543646231,,,,,
736,7.33140754699707,4.583660735621196,4.596747549886673,,,,,
737,7.385065078735352,4.561095428399652,4.595742185210483,,,,,
738,7.442692279815674,4.8549529499982835,4.5947344507027355,,,,,
739,7.615637302398682,4.647334612841416,4.593724347451063,,,,,
740,7.502726316452026,4.648917239630657,4.592711876545655,,,,,
741,7.502372741699219,4.731912782845092,4.591697039079256,,,,,
742,7.528683185577393,4.769182926963892,4.590679836147165,,,,,
743,7.498331546783447,4.683128673111958,4.589660268847234,,,,,
744,7.451601982116699,4.6034703034410445,4.588638338279865,,,,,
745,7.4543678760528564,4.634285144417497,4.587614045548015,,,,,
746,7.445792198181152,4.575552833297223,4.586587391757186,,,,,
747,7.396635055541992,4.575607136692497,4.58555837801543,,,,,
748,7.419594049453735,4.59375867309562,4.5845270054333485,,,,,
749,7.3845860958099365,4.578728394140611,4.5834932751240824,,,,,
750,7.356705904006958,4.542990963809205,4.582457188203324,,,,,
751,7.305424690246582,4.572087441821239,4.581418745789306,,,,,
752,7.352252006530762,4.531457602538723,4.580377949002803,,,,,
753,7.312341690063477,4.526255893232091,4.579334798967132,,,,,
754,7.316174507141113,4.493169405457259,4.578289296808149,,,,,
755,7.282766342163086,4.545366171586038,4.577241443654248,,,,,
756,7.370675563812256,4.624851715781659,4.576191240636363,,,,,
757,7.366809844970703,4.568309218776081,4.57513868888796,,,,,
758,7.320058584213257,4.565744201841553,4.5740837895450435,,,,,
759,7.4144110679626465,4.533244438869701,4.573026543746151,,,,,
760,7.361608028411865,4.558092881684907,4.571966952632351,,,,,
761,7.346929311752319,4.619309416676725,4.570905017347246,,,,,
762,7.377507209777832,4.583255163769994,4.569840739036965,,,,,
763,7.309936046600342,4.525469681651588,4.568774118850168,,,,,
764,7.29731559753418,4.486391783638678,4.567705157938042,,,,,
765,7.273818731307983,4.482728909991643,4.566633857454301,,,,,
766,7.275289297103882,4.527678681721514,4.565560218555183,,,,,
767,7.3668532371521,4.59690461771327,4.564484242399452,,,,,
768,7.387831926345825,4.621332190194824,4.563405930148391,,,,,
769,7.390855550765991,4.574352575030236,4.562325282965806,,,,,
770,7.366458177566528,4.557883521480618,4.561242302018024,,,,,
771,7.348027467727661,4.577651398279018,4.56015698847389,,,,,
772,7.391525506973267,4.60026490027198,4.559069343504768,,,,,
773,7.36806845664978,4.591771985618865,4.557979368284535,,,,,
774,7.391536474227905,4.587394384283127,4.556887063989585,,,,,
775,7.373641490936279,4.661481067176708,4.555792431798825,,,,,
776,7.382251024246216,4.590057410441816,4.554695472893679,,,,,
777,7.348969459533691,4.52933338997269,4.553596188458074,,,,,
778,7.30618953704834,4.511950328765337,4.552494579678451,,,,,
779,7.283392906188965,4.5242590201660295,4.551390647743764,,,,,
780,7.282056093215942,4.525989712446773,4.550284393845466,,,,,
781,7.301368474960327,4.519451078550448,4.549175819177522,,,,,
782,7.278052568435669,4.592743144885506,4.5480649249364005,,,,,
783,7.3387627601623535,4.590076969907437,4.546951712321071,,,,,
784,7.336265563964844,4.576916791847302,4.54583618253301,,,,,
785,7.355160713195801,4.666637328509855,4.54471833677619,,,,,
786,7.37278413772583,4.51645816852253,4.543598176257084,,,,,
787,7.296654462814331,4.527460547574059,4.542475702184667,,,,,
788,7.297561407089233,4.53933657563745,4.541350915770408,,,,,
789,7.292131662368774,4.6235439597630625,4.540223818228271,,,,,
790,7.413522243499756,4.54065426538474,4.539094410774716,,,,,
791,7.336300849914551,4.557243733875053,4.537962694628695,,,,,
792,7.328258752822876,4.57745392568913,4.536828671011653,,,,,
793,7.3727569580078125,4.786479611330677,4.5356923411475245,,,,,
794,7.498032808303833,4.674932990371665,4.534553706262733,,,,,
795,7.4827680587768555,4.682985115609094,4.5334127675861895,,,,,
796,7.453927993774414,4.641690069096134,4.532269526349293,,,,,
797,7.471329212188721,4.663340006275441,4.5311239837859265,,,,,
798,7.435783863067627,4.590969948617796,4.529976141132456,,,,,
799,7.382596492767334,4.6424158399398445,4.528825999627732,,,,,
800,7.3702569007873535,4.535911031906692,4.527673560513084,,,,,
801,7.337430477142334,4.506855835947668,4.526518825032323,,,,,
802,7.313763856887817,4.558474008658936,4.525361794431736,,,,,
803,7.308486461639404,4.5079261213282775,4.524202469960091,,,,,
804,7.2986297607421875,4.532721321958809,4.523040852868628,,,,,
805,7.266964673995972,4.506860608864492,4.521876944411063,,,,,
806,7.31295108795166,4.5034192335151095,4.520710745843586,,,,,
807,7.275999546051025,4.513108183286012,4.519542258424857,,,,,
808,7.251684188842773,4.528927927555927,4.518371483416005,,,,,
809,7.274831771850586,4.508337379070047,4.517198422080634,,,,,
810,7.326173305511475,4.586264408337182,4.516023075684807,,,,,
811,7.333441257476807,4.532514127742893,4.514845445497062,,,,,
812,7.318342685699463,4.546068772389529,4.513665532788394,,,,,
813,7.294061660766602,4.543251462009585,4.512483338832266,,,,,
814,7.316657781600952,4.519306487056784,4.511298864904604,,,,,
815,7.263864755630493,4.5538216836531,4.510112112283791,,,,,
816,7.329953670501709,4.565847745904477,4.508923082250671,,,,,
817,7.322922706604004,4.501225768280195,4.507731776088549,,,,,
818,7.2779011726379395,4.554175152987294,4.50653819508318,,,,,
819,7.301270246505737,4.568013435529878,4.50534234052278,,,,,
820,7.342787265777588,4.5082867930496375,4.5041442136980185,,,,,
821,7.317829847335815,4.523978836175887,4.502943815902013,,,,,
822,7.294572353363037,4.536887449346341,4.5017411484303365,,,,,
823,7.290499687194824,4.503596927589726,4.500536212581009,,,,,
824,7.319703102111816,4.494419688885092,4.4993290096545,,,,,
825,7.3111724853515625,4.542045381907987,4.498119540953725,,,,,
826,7.308330774307251,4.514685505700896,4.496907807784047,,,,,
827,7.326247215270996,4.522257185271543,4.49569381145327,,,,,
828,7.272096633911133,4.498367169442582,4.494477553271642,,,,,
829,7.270471811294556,4.521213890774824,4.493259034551853,,,,,
830,7.282452821731567,4.50242344911115,4.492038256609031,,,,,
831,7.289844274520874,4.479060165416223,4.4908152207607435,,,,,
832,7.280157089233398,4.544986019178941,4.489589928326995,,,,,
833,7.300120830535889,4.522482811526575,4.488362380630226,,,,,
834,7.260743856430054,4.553570782084606,4.487132578995309,,,,,
835,7.403230428695679,4.5807985131414135,4.485900524749551,,,,,
836,7.364113092422485,4.589748546894336,4.48466621922269,,,,,
837,7.352849006652832,4.565339283962803,4.483429663746892,,,,,
838,7.349575996398926,4.59439311317286,4.482190859656755,,,,,
839,7.358200788497925,4.521025479046476,4.4809498082893,,,,,
840,7.30964994430542,4.502344555055248,4.479706510983975,,,,,
841,7.2734215259552,4.493878949504585,4.478460969082653,,,,,
842,7.26488471031189,4.494476896689711,4.477213183929628,,,,,
843,7.285194635391235,4.534025385252731,4.475963156871615,,,,,
844,7.32666015625,4.651053938543362,4.474710889257753,,,,,
845,7.391623497009277,4.542869413074629,4.473456382439591,,,,,
846,7.332947254180908,4.55960158995987,4.4721996377711015,,,,,
847,7.314152240753174,4.550801444727688,4.470940656608671,,,,,
848,7.343717098236084,4.571623773777299,4.469679440311097,,,,,
849,7.335200786590576,4.686998793516353,4.468415990239594,,,,,
850,7.471018314361572,4.634226311456599,4.467150307757781,,,,,
851,7.4637510776519775,4.635102079377431,4.465882394231693,,,,,
852,7.414060831069946,4.551750695736404,4.464612251029769,,,,,
853,7.354667901992798,4.541039591516324,4.463339879522857,,,,,
854,7.317263603210449,4.504207050288984,4.462065281084206,,,,,
855,7.313825607299805,4.5316807722714785,4.460788457089472,,,,,
856,7.309449672698975,4.553639772239963,4.459509408916711,,,,,
857,7.294687032699585,4.538220111222573,4.458228137946382,,,,,
858,7.311628103256226,4.5456275674457975,4.456944645561342,,,,,
859,7.324834823608398,4.554154909152919,4.455658933146844,,,,,
860,7.281511306762695,4.554360308850659,4.454371002090537,,,,,
861,7.288888692855835,4.551037045347422,4.453080853782467,,,,,
862,7.270729303359985,4.498028941904445,4.451788489615072,,,,,
863,7.279783248901367,4.522707521528058,4.450493910983179,,,,,
864,7.298840045928955,4.505227660492347,4.449197119284012,,,,,
865,7.288293361663818,4.503623025152877,4.447898115917173,,,,,
866,7.281171083450317,4.49423020063178,4.446596902284661,,,,,
867,7.270970821380615,4.474959772964698,4.4452934797908545,,,,,
868,7.250153064727783,4.562925752826952,4.443987849842518,,,,,
869,7.347909450531006,4.490515800525452,4.442680013848799,,,,,
870,7.274110794067383,4.539187596823561,4.441369973221224,,,,,
871,7.286458969116211,4.5340187780468675,4.440057729373701,,,,,
872,7.3000404834747314,4.496253281392712,4.438743283722516,,,,,
873,7.253964185714722,4.541426322192109,4.43742663768633,,,,,
874,7.305988788604736,4.583570395872332,4.436107792686177,,,,,
875,7.30110239982605,4.531727550631999,4.434786750145469,,,,,
876,7.278533697128296,4.543820116559182,4.433463511489987,,,,,
877,7.280359745025635,4.504819034703683,4.432138078147882,,,,,
878,7.28587794303894,4.511737273486276,4.430810451549674,,,,,
879,7.275306701660156,4.512835707676886,4.429480633128252,,,,,
880,7.256920576095581,4.524037553233125,4.428148624318868,,,,,
881,7.331971883773804,4.512897654154065,4.4268144265591385,,,,,
882,7.284999847412109,4.545020486494491,4.425478041289044,,,,,
883,7.278407335281372,4.513835410091968,4.4241394699509256,,,,,
884,7.297776937484741,4.439388110278178,4.422798713989482,,,,,
885,7.258863925933838,4.541829160222561,4.421455774851771,,,,,
886,7.286829233169556,4.523884104793985,4.420110653987208,,,,,
887,7.276465654373169,4.464544685450956,4.41876335284756,,,,,
888,7.248879671096802,4.526921660392392,4.41741387288695,,,,,
889,7.260848045349121,4.518310452871141,4.416062215561852,,,,,
890,7.3051536083221436,4.6284528168070045,4.414708382331088,,,,,
891,7.4160566329956055,4.941115790522904,4.41335237465583,,,,,
892,7.630324602127075,4.72363394602126,4.411994193999598,,,,,
893,7.543136119842529,4.647992020928054,4.410633841828253,,,,,
894,7.517081260681152,4.662052364190282,4.409271319610007,,,,,
895,7.456359148025513,4.613305233922533,4.407906628815407,,,,,
896,7.4021995067596436,4.609354974285568,4.406539770917344,,,,,
897,7.354357004165649,4.637591368507471,4.405170747391048,,,,,
898,7.42891526222229,4.594545606801374,4.403799559714083,,,,,
899,7.411972284317017,4.55197382784179,4.402426209366354,,,,,
900,7.331772565841675,4.561306357616155,4.401050697830096,,,,,
901,7.387662649154663,4.653058146712478,4.399673026589877,,,,,
902,7.409235715866089,4.6350346775257405,4.398293197132599,,,,,
903,7.41337251663208,4.521582089429092,4.396911210947491,,,,,
904,7.392313718795776,4.530580812919904,4.395527069526109,,,,,
905,7.298633337020874,4.583429629251077,4.394140774362335,,,,,
906,7.330594778060913,4.556469128904557,4.392752326952379,,,,,
907,7.346631765365601,4.504989733005933,4.39136172879477,,,,,
908,7.323916912078857,4.550814414561518,4.38996898139036,,,,,
909,7.2797322273254395,4.53893147264341,4.388574086242319,,,,,
910,7.287163496017456,4.501041291594712,4.3871770448561405,,,,,
911,7.249441623687744,4.484542425547564,4.385777858739625,,,,,
912,7.247490167617798,4.477127038885031,4.384376529402896,,,,,
913,7.254054307937622,4.505881681986657,4.382973058358387,,,,,
914,7.266792058944702,4.458832249058284,4.381567447120844,,,,,
915,7.233469009399414,4.534086037369081,4.380159697207319,,,,,
916,7.284226179122925,4.524526556272647,4.378749810137179,,,,,
917,7.2790000438690186,4.517312233689752,4.377337787432091,,,,,
918,7.26897931098938,4.499179553944275,4.375923630616033,,,,,
919,7.264971733093262,4.451290684966838,4.3745073412152795,,,,,
920,7.222537517547607,4.453790759180303,4.373088920758414,,,,,
921,7.213186264038086,4.51498190739694,4.371668370776313,,,,,
922,7.302754878997803,4.6950290634634175,4.370245692802158,,,,,
923,7.395219564437866,4.560138996632405,4.368820888371421,,,,,
924,7.331910133361816,4.510328227521745,4.367393959021874,,,,,
925,7.2767109870910645,4.513308763142475,4.365964906293581,,,,,
926,7.266543388366699,4.547129039696226,4.364533731728894,,,,,
927,7.296334743499756,4.509168510575435,4.363100436872461,,,,,
928,7.273757696151733,4.511303915308088,4.361665023271215,,,,,
929,7.2557761669158936,4.4838047455770305,4.360227492474376,,,,,
930,7.209380388259888,4.442557929745477,4.358787846033449,,,,,
931,7.192505359649658,4.494285546753239,4.357346085502225,,,,,
932,7.2682576179504395,4.471562674414347,4.355902212436771,,,,,
933,7.222151279449463,4.519664865587572,4.35445622839544,,,,,
934,7.237221717834473,4.458163586863199,4.35300813493886,,,,,
935,7.240667343139648,4.4808530550921395,4.351557933629937,,,,,
936,7.221029043197632,4.444233246341322,4.350105626033851,,,,,
937,7.221171140670776,4.524107901021141,4.348651213718056,,,,,
938,7.278014183044434,4.550740805549783,4.3471946982522764,,,,,
939,7.33261251449585,4.504683875257675,4.34573608120851,,,,,
940,7.336490631103516,4.515514385994633,4.3442753641610174,,,,,
941,7.2615556716918945,4.634726898457396,4.34281254868633,,,,,
942,7.426109552383423,4.655243103926682,4.341347636363242,,,,,
943,7.491994142532349,4.56333358420553,4.339880628772812,,,,,
944,7.329629421234131,4.63067659554903,4.3384115274983595,,,,,
945,7.396101951599121,4.590320618380914,4.336940334125463,,,,,
946,7.363243341445923,4.5371823120261805,4.3354670502419586,,,,,
947,7.313758373260498,4.544381857796393,4.33399167743794,,,,,
948,7.2849440574646,4.564226612500343,4.3325142173057545,,,,,
949,7.319384336471558,4.544741622909929,4.331034671440004,,,,,
950,7.335325717926025,4.596095245570409,4.329553041437539,,,,,
951,7.318495750427246,4.558441217272079,4.3280693288974605,,,,,
952,7.3041441440582275,4.481957821411111,4.3265835354211175,,,,,
953,7.255948781967163,4.5040403997051035,4.325095662612105,,,,,
954,7.275761365890503,4.510146342721514,4.323605712076261,,,,,
955,7.271279573440552,4.4777617087810455,4.322113685421667,,,,,
956,7.249141693115234,4.533284423230426,4.320619584258645,,,,,
957,7.252063512802124,4.473122888049385,4.319123410199755,,,,,
958,7.258439064025879,4.501170606428251,4.317625164859797,,,,,
959,7.3472113609313965,4.530910050125221,4.316124849855804,,,,,
960,7.2936670780181885,4.464499781150338,4.314622466807044,,,,,
961,7.252132177352905,4.4506328955576775,4.313118017335014,,,,,
962,7.2307655811309814,4.459510339685495,4.311611503063445,,,,,
963,7.230224370956421,4.518522923286081,4.310102925618297,,,,,
964,7.265165090560913,4.531649771425712,4.3085922866277535,,,,,
965,7.278338432312012,4.604984011817433,4.3070795877222245,,,,,
966,7.297404766082764,4.535495805859153,4.305564830534343,,,,,
967,7.287906885147095,4.549028924125629,4.304048016698964,,,,,
968,7.320602178573608,4.535625573744807,4.3025291478531615,,,,,
969,7.272439956665039,4.460196390063655,4.301008225636229,,,,,
970,7.279550313949585,4.50752900842984,4.299485251689674,,,,,
971,7.2613232135772705,4.529117845760681,4.297960227657219,,,,,
972,7.272860288619995,4.5684969100836454,4.2964331551848005,,,,,
973,7.330727577209473,4.536938370100547,4.294904035920565,,,,,
974,7.302188158035278,4.5339228986944855,4.293372871514867,,,,,
975,7.272928237915039,4.474532886952214,4.2918396636202685,,,,,
976,7.252902507781982,4.518921359805342,4.2903044138915405,,,,,
977,7.282144784927368,4.532679450573913,4.288767123985654,,,,,
978,7.266231060028076,4.508898603544285,4.287227795561781,,,,,
979,7.316188812255859,4.492833147713175,4.285686430281297,,,,,
980,7.253670692443848,4.4697748795797345,4.284143029807773,,,,,
981,7.231835842132568,4.528173522374866,4.2825975958069815,,,,,
982,7.276732683181763,4.505040786760105,4.281050129946883,,,,,
983,7.26641583442688,4.479165065058699,4.279500633897635,,,,,
984,7.234190940856934,4.415763488132991,4.277949109331585,,,,,
985,7.174422740936279,4.473869032912486,4.276395557923272,,,,,
986,7.2335381507873535,4.525035031436841,4.274839981349418,,,,,
987,7.287756443023682,4.5406213426507325,4.273282381288935,,,,,
988,7.307397842407227,4.494153080511341,4.271722759422916,,,,,
989,7.260148763656616,4.4998161447471725,4.27016111743464,,,,,
990,7.274259090423584,4.523641228365939,4.268597457009561,,,,,
991,7.2726733684539795,4.506448502453815,4.267031779835316,,,,,
992,7.33685302734375,4.476324927817184,4.265464087601716,,,,,
993,7.241626739501953,4.500359220252706,4.263894382000748,,,,,
994,7.268219709396362,4.4920281942423745,4.262322664726572,,,,,
995,7.248246192932129,4.469171922324642,4.260748937475518,,,,,
996,7.249233722686768,4.557966606171747,4.259173201946087,,,,,
997,7.313635587692261,4.5108405359386365,4.257595459838946,,,,,
998,7.261442422866821,4.476974550524865,4.256015712856929,,,,,
999,7.22321081161499,4.432298098915164,4.254433962705033,,,,,
1000,7.224888324737549,4.452451272895059,4.252850211090417,,,,,
1001,7.197780609130859,4.457117127354678,4.2512644597224,,,,,
1002,7.200826644897461,4.431864157577321,4.2496767103124595,,,,,
1003,7.174105644226074,4.482135489273112,4.248086964574231,,,,,
1004,7.265373945236206,4.454392806257233,4.2464952242235015,,,,,
1005,7.215667247772217,4.433701199393855,4.244901490978214,,,,,
1006,7.184953927993774,4.416445532797527,4.24330576655846,,,,,
1007,7.17928671836853,4.465347860654109,4.241708052686481,,,,,
1008,7.192783832550049,4.559604063965832,4.240108351086665,,,,,
1009,7.3145270347595215,4.5140599335706835,4.238506663485547,,,,,
1010,7.224098205566406,4.471851696962397,4.236902991611804,,,,,
1011,7.184189796447754,4.438808346590095,4.235297337196254,,,,,
1012,7.168697118759155,4.447396980401652,4.233689701971858,,,,,
1013,7.186413764953613,4.491765213694482,4.23208008767371,,,,,
1014,7.2704198360443115,4.4514190591742615,4.230468496039044,,,,,
1015,7.215806484222412,4.525151461672742,4.228854928807226,,,,,
1016,7.219043731689453,4.535418434588293,4.227239387719755,,,,,
1017,7.302455425262451,4.485628673480743,4.22562187452026,,,,,
1018,7.271378993988037,4.492384083091283,4.2240023909544995,,,,,
1019,7.232790470123291,4.463340159434586,4.222380938770358,,,,,
1020,7.284927606582642,4.565693289067345,4.220757519717843,,,,,
1021,7.375304698944092,4.660734610396407,4.219132135549087,,,,,
1022,7.397936105728149,4.684083268485408,4.217504788018343,,,,,
1023,7.554277658462524,4.729197117340213,4.2158754788819826,,,,,
1024,7.525193929672241,4.616136753708899,4.214244209898495,,,,,
1025,7.416145324707031,4.584185986626293,4.212610982828484,,,,,
1026,7.409485816955566,4.769449885837747,4.210975799434666,,,,,
1027,7.505019664764404,4.707696973760991,4.209338661481872,,,,,
1028,7.443379640579224,4.5977187999871205,4.207699570737039,,,,,
1029,7.329487323760986,4.610433377622525,4.206058528969212,,,,,
1030,7.332054853439331,4.5151473498633665,4.204415537949545,,,,,
1031,7.307787179946899,4.568291091939606,4.202770599451293,,,,,
1032,7.292304992675781,4.4934783895311154,4.201123715249813,,,,,
1033,7.2463202476501465,4.492911430563216,4.199474887122562,,,,,
1034,7.274528741836548,4.654085900537683,4.1978241168490955,,,,,
1035,7.367199897766113,4.589346488179119,4.196171406211066,,,,,
1036,7.366831302642822,4.532096759801927,4.1945167569922175,,,,,
1037,7.365819931030273,4.5325255564945,4.19286017097839,,,,,
1038,7.338125228881836,4.513080396468346,4.191201649957511,,,,,
1039,7.335494041442871,4.482057275867132,4.189541195719597,,,,,
1040,7.304874658584595,4.539733501767782,4.187878810056753,,,,,
1041,7.283264636993408,4.5555077689462555,4.186214494763163,,,,,
1042,7.301104545593262,4.526765317073418,4.1845482516351025,,,,,
1043,7.26170802116394,4.5321399858495806,4.182880082470919,,,,,
1044,7.261112689971924,4.522731268710652,4.181209989071044,,,,,
1045,7.256401777267456,4.476770278486057,4.179537973237983,,,,,
1046,7.1963934898376465,4.522707145280194,4.17786403677632,,,,,
1047,7.24634861946106,4.4670436589412095,4.176188181492707,,,,,
1048,7.211585283279419,4.49268839762028,4.174510409195871,,,,,
1049,7.229856491088867,4.526807456511352,4.172830721696606,,,,,
1050,7.234158992767334,4.453425307756539,4.171149120807772,,,,,
1051,7.220426797866821,4.466852627991597,4.169465608344297,,,,,
1052,7.19599723815918,4.477119695324212,4.167780186123172,,,,,
1053,7.237136125564575,4.5084963483764975,4.166092855963445,,,,,
1054,7.2488853931427,4.474817259369525,4.164403619686229,,,,,
1055,7.2805821895599365,4.583813794538301,4.162712479114688,,,,,
1056,7.284526348114014,4.541883263368954,4.1610194360740484,,,,,
1057,7.264960289001465,4.46720474767313,4.159324492391582,,,,,
1058,7.247738838195801,4.57402414977034,4.157627649896621,,,,,
1059,7.284305572509766,4.475117450053812,4.1559289104205375,,,,,
1060,7.24653172492981,4.507670211445934,4.154228275796759,,,,,
1061,7.237117528915405,4.44340698857448,4.152525747860751,,,,,
1062,7.204251766204834,4.520161554578892,4.1508213284500295,,,,,
1063,7.251698970794678,4.451875075026443,4.149115019404148,,,,,
1064,7.238218307495117,4.4882288665819,4.1474068225647,,,,,
1065,7.241637468338013,4.461412508214987,4.145696739775317,,,,,
1066,7.204359769821167,4.49251882699633,4.143984772881665,,,,,
1067,7.199504375457764,4.525044843838574,4.142270923731444,,,,,
1068,7.409043788909912,4.535904775097631,4.140555194174387,,,,,
1069,7.307035207748413,4.519799388544811,4.138837586062254,,,,,
1070,7.272186756134033,4.508293633960975,4.137118101248834,,,,,
1071,7.2194952964782715,4.518852535925767,4.1353967415899415,,,,,
1072,7.276278972625732,4.511815622190669,4.133673508943413,,,,,
1073,7.2504870891571045,4.494547474528929,4.131948405169109,,,,,
1074,7.227994203567505,4.481958187897036,4.130221432128907,,,,,
1075,7.2171008586883545,4.491088497266819,4.128492591686704,,,,,
1076,7.223559617996216,4.4795703105434805,4.126761885708411,,,,,
1077,7.206130266189575,4.455920990459634,4.125029316061951,,,,,
1078,7.22560453414917,4.477623015977894,4.123294884617265,,,,,
1079,7.202090501785278,4.478200508982098,4.121558593246294,,,,,
1080,7.221810579299927,4.480349955425002,4.119820443822995,,,,,
1081,7.250387668609619,4.475442216161839,4.118080438223324,,,,,
1082,7.2116539478302,4.496911087549538,4.116338578325244,,,,,
1083,7.327008247375488,4.511431314606394,4.114594866008718,,,,,
1084,7.303518295288086,4.478535711455386,4.112849303155709,,,,,
1085,7.2562336921691895,4.4818282285430815,4.1111018916501765,,,,,
1086,7.258616209030151,4.467935281155221,4.109352633378075,,,,,
1087,7.235983848571777,4.436130172671489,4.1076015302273525,,,,,
1088,7.256048917770386,4.575539100521358,4.105848584087949,,,,,
1089,7.302451133728027,4.471606297421704,4.104093796851792,,,,,
1090,7.220285415649414,4.565753179468357,4.1023371704128,,,,,
1091,7.3704845905303955,4.734853780662166,4.100578706666869,,,,,
1092,7.511739253997803,4.765690811662782,4.098818407511886,,,,,
1093,7.609157085418701,4.6727186067472095,4.097056274847714,,,,,
1094,7.433343410491943,4.8704652185043384,4.0952923105761965,,,,,
1095,7.526293992996216,4.636152180579961,4.093526516601154,,,,,
1096,7.406641960144043,4.583517024793906,4.09175889482838,,,,,
1097,7.328099727630615,4.563469766020981,4.089989447165644,,,,,
1098,7.304025888442993,4.5371487610416565,4.088218175522684,,,,,
1099,7.301246643066406,4.489392783395959,4.086445081811206,,,,,
1100,7.297969102859497,4.755846256890578,4.084670167944883,,,,,
1101,7.39532470703125,4.715827945200162,4.082893435839354,,,,,
1102,7.41316294670105,4.611068957522383,4.08111488741222,,,,,
1103,7.344322919845581,4.618861851183959,4.0793345245830395,,,,,
1104,7.329039096832275,4.572321076533616,4.077552349273333,,,,,
1105,7.292863607406616,4.493742322113423,4.075768363406574,,,,,
1106,7.271146297454834,4.44388433862187,4.073982568908194,,,,,
1107,7.225645303726196,4.504068118731525,4.072194967705571,,,,,
1108,7.218997001647949,4.5169184204300725,4.07040556172804,,,,,
1109,7.243255853652954,4.528306439854656,4.068614352906877,,,,,
1110,7.282088756561279,4.55491309211407,4.066821343175307,,,,,
1111,7.318914175033569,4.539578146341562,4.0650265344685,,,,,
1112,7.314937114715576,4.601806969690157,4.0632299287235645,,,,,
1113,7.3097920417785645,4.477286978006569,4.0614315278795505,,,,,
1114,7.214248180389404,4.490316093407016,4.059631333877447,,,,,
1115,7.239938735961914,4.477162100749164,4.057829348660173,,,,,
1116,7.193984508514404,4.486584457563982,4.056025574172586,,,,,
1117,7.213198661804199,4.4742856525155865,4.054220012361473,,,,,
1118,7.20800256729126,4.447393896907206,4.052412665175549,,,,,
1119,7.162948846817017,4.442165933549404,4.0506035345654565,,,,,
1120,7.155168771743774,4.43131527593892,4.048792622483764,,,,,
1121,7.160195589065552,4.473173050200195,4.0469799308849606,,,,,
1122,7.211199998855591,4.466216429383647,4.045165461725458,,,,,
1123,7.179019212722778,4.586080038826428,4.043349216963584,,,,,
1124,7.330239295959473,4.542267769471818,4.0415311985595865,,,,,
1125,7.331356048583984,4.509226557119157,4.039711408475624,,,,,
1126,7.282232761383057,4.5294023646845565,4.037889848675769,,,,,
1127,7.256051063537598,4.486102639247164,4.036066521126003,,,,,
1128,7.228109359741211,4.49288708648194,4.034241427794217,,,,,
1129,7.214367389678955,4.49981178969558,4.032414570650206,,,,,
1130,7.22350287437439,4.489693460873033,4.030585951665671,,,,,
1131,7.2129065990448,4.425668227894674,4.0287555728142115,,,,,
1132,7.181774616241455,4.506561674461724,4.0269234360713275,,,,,
1133,7.2645745277404785,4.463716391080173,4.025089543414418,,,,,
1134,7.200519323348999,4.445369712775976,4.023253896822775,,,,,
1135,7.204516410827637,4.54359521459872,4.021416498277585,,,,,
1136,7.287179708480835,4.517386251850702,4.019577349761923,,,,,
1137,7.233958721160889,4.499643384119047,4.017736453260756,,,,,
1138,7.250842809677124,4.5391870045734235,4.015893810760937,,,,,
1139,7.257664918899536,4.5217975602328675,4.014049424251199,,,,,
1140,7.260016679763794,4.507955959909297,4.012203295722164,,,,,
1141,7.245401620864868,4.47375765417023,4.010355427166328,,,,,
1142,7.214969158172607,4.463345905136401,4.00850582057807,,,,,
1143,7.193114757537842,4.421194874098851,4.006654477953641,,,,,
1144,7.185170412063599,4.476913116949786,4.004801401291169,,,,,
1145,7.249815464019775,4.4648032921238885,4.002946592590649,,,,,
1146,7.190298795700073,4.518213689146464,4.001090053853952,,,,,
1147,7.226679801940918,4.449792513142839,3.9992317870848093,,,,,
1148,7.165194034576416,4.418819930301123,3.9973717942888216,,,,,
1149,7.194766283035278,4.4728463200700554,3.99551007747345,,,,,
1150,7.2104058265686035,4.427373718438053,3.99364663864802,,,,,
1151,7.164911508560181,4.4209447692130635,3.9917814798237106,,,,,
1152,7.132328748703003,4.489933056553481,3.989914603013561,,,,,
1153,7.232554197311401,4.472121202346564,3.9880460102324626,,,,,
1154,7.176235198974609,4.483053400286149,3.9861757034971603,,,,,
1155,7.203679323196411,4.464681664388142,3.984303684826247,,,,,
1156,7.181302785873413,4.475052415963062,3.982429956240165,,,,,
1157,7.312469005584717,4.4733125056096545,3.980554519761202,,,,,
1158,7.261353015899658,4.48920025938615,3.9786773774134874,,,,,
1159,7.224145889282227,4.433135894751838,3.976798531222993,,,,,
1160,7.19711971282959,4.453717329537745,3.9749179832175296,,,,,
1161,7.171772480010986,4.521068046163232,3.9730357354267443,,,,,
1162,7.2335944175720215,4.523994414603896,3.9711517898821187,,,,,
1163,7.239418983459473,4.498958746600812,3.969266148616967,,,,,
1164,7.2253172397613525,4.455276361087166,3.967378813666434,,,,,
1165,7.189097881317139,4.448212136790492,3.9654897870674906,,,,,
1166,7.170970916748047,4.456728557909176,3.963599070858936,,,,,
1167,7.19457483291626,4.533995910730065,3.9617066670813923,,,,,
1168,7.230677366256714,4.465848125388242,3.9598125777773,,,,,
1169,7.188634872436523,4.532259654079401,3.9579168049909246,,,,,
1170,7.2744433879852295,4.493425534182653,3.9560193507683423,,,,,
1171,7.2005555629730225,4.559115709991968,3.954120217157449,,,,,
1172,7.209770202636719,4.495571036272693,3.9522194062079503,,,,,
1173,7.216524362564087,4.555918301386272,3.950316919971362,,,,,
1174,7.242738962173462,4.559881359751964,3.9484127605010104,,,,,
1175,7.27891206741333,4.458272361582342,3.946506929852026,,,,,
1176,7.2076544761657715,4.482011431644136,3.9445994300813414,,,,,
1177,7.310344696044922,4.507953586880008,3.942690263247694,,,,,
1178,7.315607070922852,4.679807724221327,3.9407794314116193,,,,,
1179,7.376216888427734,4.638007440641394,3.9388669366354487,,,,,
1180,7.310118675231934,4.5573283247455985,3.936952780983309,,,,,
1181,7.298198461532593,4.504775225341423,3.93503696652112,,,,,
1182,7.244175672531128,4.498922560512503,3.9331194953165918,,,,,
1183,7.2573487758636475,4.543991605888413,3.9312003694392206,,,,,
1184,7.260765314102173,4.479791975104003,3.929279590960292,,,,,
1185,7.191557168960571,4.453855887068309,3.9273571619528727,,,,,
1186,7.160175323486328,4.439351772414956,3.925433084491811,,,,,
1187,7.1569764614105225,4.550361317858435,3.9235073606537347,,,,,
1188,7.2226715087890625,4.433464323214063,3.9215799925170503,,,,,
1189,7.219182729721069,4.559564768125269,3.9196509821619356,,,,,
1190,7.266510009765625,4.471697847728506,3.917720331670342,,,,,
1191,7.212977409362793,4.458387544911284,3.915788043125994,,,,,
1192,7.203063011169434,4.437344726543079,3.91385411861438,,,,,
1193,7.1556243896484375,4.422049280391615,3.911918560222755,,,,,
1194,7.154738903045654,4.432948479567698,3.9099813700401396,,,,,
1195,7.148764610290527,4.493555545961836,3.9080425501573135,,,,,
1196,7.260990619659424,4.457205108291045,3.906102102666815,,,,,
1197,7.173514127731323,4.452474063291397,3.9041600296629406,,,,,
1198,7.1820900440216064,4.416312221237547,3.902216333241742,,,,,
1199,7.167618751525879,4.483954257139714,3.900271015501019,,,,,
1200,7.200795412063599,4.457905937999849,3.898324078540325,,,,,
1201,7.208340406417847,4.4737081280820705,3.8963755244609604,,,,,
1202,7.167625904083252,4.454958591519805,3.8944253553659696,,,,,
1203,7.169153451919556,4.454254007680371,3.8924735733601405,,,,,
1204,7.168792486190796,4.459316495773697,3.8905201805500034,,,,,
1205,7.175536155700684,4.494979185973854,3.8885651790438236,,,,,
1206,7.182973861694336,4.467861735312013,3.8866085709516076,,,,,
1207,7.176623582839966,4.4764515324213265,3.8846503583850915,,,,,
1208,7.1926655769348145,4.5457792058199695,3.882690543457745,,,,,
1209,7.245945930480957,4.555759008644565,3.8807291282847665,,,,,
1210,7.204560041427612,4.492890434852919,3.8787661149830823,,,,,
1211,7.185779094696045,4.45490052089405,3.876801505671343,,,,,
1212,7.178479433059692,4.423703644831424,3.874835302469922,,,,,
1213,7.145167112350464,4.428793174012902,3.8728675075009136,,,,,
1214,7.1449830532073975,4.450423758380128,3.8708981228881285,,,,,
1215,7.162756443023682,4.476812974206031,3.8689271507570946,,,,,
1216,7.1586151123046875,4.404856114030091,3.8669545932350515,,,,,
1217,7.122692823410034,4.447867303854258,3.8649804524509515,,,,,
1218,7.106890439987183,4.454536810388185,3.863004730535455,,,,,
1219,7.187340259552002,4.47004551392055,3.8610274296209295,,,,,
1220,7.1381378173828125,4.396173615912476,3.859048551841445,,,,,
1221,7.125655174255371,4.423381805445747,3.857068099332776,,,,,
1222,7.150622129440308,4.444537324169118,3.8550860742323945,,,,,
1223,7.120938301086426,4.414137904677521,3.8531024786794696,,,,,
1224,7.103494167327881,4.502552513104171,3.851117314814868,,,,,
1225,7.232100009918213,4.433542949794767,3.8491305847811454,,,,,
1226,7.163448810577393,4.448958726351244,3.8471422907225508,,,,,
1227,7.136749744415283,4.4555796156258065,3.8451524347850192,,,,,
1228,7.18740701675415,4.510600932678482,3.843161019116174,,,,,
1229,7.224544525146484,4.49170736005236,3.8411680458653183,,,,,
1230,7.2683939933776855,4.551517026831414,3.8391735171834385,,,,,
1231,7.296247959136963,4.53420512344643,3.8371774352232006,,,,,
1232,7.247848749160767,4.539928444440071,3.8351798021389443,,,,,
1233,7.2353832721710205,4.511118327478912,3.8331806200866865,,,,,
1234,7.1783506870269775,4.601568364213823,3.8311798912241137,,,,,
1235,7.309980392456055,4.576483993224502,3.8291776177105827,,,,,
1236,7.308289527893066,4.5266769988336435,3.827173801707116,,,,,
1237,7.249382495880127,4.480519205899958,3.8251684453764034,,,,,
1238,7.227899074554443,4.445836845081642,3.823161550882796,,,,,
1239,7.183545827865601,4.484230267887925,3.821153120392305,,,,,
1240,7.20559024810791,4.49775617190054,3.819143156072598,,,,,
1241,7.185538291931152,4.42564299064761,3.817131660092999,,,,,
1242,7.17535924911499,4.600695640481427,3.815118634624488,,,,,
1243,7.268067836761475,4.4500725516723385,3.813104081839691,,,,,
1244,7.172948360443115,4.570266292222245,3.8110880039128854,,,,,
1245,7.283142805099487,4.502525023250894,3.8090704030199936,,,,,
1246,7.213317632675171,4.449938815597128,3.8070512813385817,,,,,
1247,7.25276517868042,4.579612240531002,3.8050306410478574,,,,,
1248,7.358001470565796,4.582610934249656,3.8030084843286676,,,,,
1249,7.3212010860443115,4.5171850430464415,3.800984813363496,,,,,
1250,7.244291305541992,4.512244903106417,3.7989596303364594,,,,,
1251,7.273322582244873,4.496945692048742,3.7969329374333083,,,,,
1252,7.230094909667969,4.587388782970207,3.7949047368414215,,,,,
1253,7.307629108428955,4.591993203945135,3.792875030749805,,,,,
1254,7.284678220748901,4.508765627725285,3.790843821349092,,,,,
1255,7.371961832046509,4.766458560007284,3.788811110831534,,,,,
1256,7.551081418991089,4.820442123987439,3.7867769013910055,,,,,
1257,7.633669853210449,5.065262335218631,3.784741195222999,,,,,
1258,7.9021501541137695,5.0524235665281685,3.7827039945246206,,,,,
1259,7.807911157608032,4.90414537848385,3.7806653014945915,,,,,
1260,7.677948236465454,4.828745112365412,3.7786251183332418,,,,,
1261,7.678410053253174,4.734541101720139,3.77658344724251,,,,,
1262,7.531898498535156,4.709573668561734,3.774540290425943,,,,,
1263,7.529454469680786,4.760839639028189,3.772495650088686,,,,,
1264,7.631746053695679,4.7536541781867605,3.770449528437492,,,,,
1265,7.581559181213379,4.7131315387101065,3.768401927680708,,,,,
1266,7.4984166622161865,4.653550449080855,3.766352850028278,,,,,
1267,7.428513526916504,4.564188986358134,3.7643022976917417,,,,,
1268,7.346367359161377,4.646470546412509,3.762250272884229,,,,,
1269,7.393989562988281,4.539449237093355,3.7601967778204592,,,,,
1270,7.346747875213623,4.534946400820693,3.7581418147167387,,,,,
1271,7.303623199462891,4.608811964531085,3.7560853857909597,,,,,
1272,7.315533876419067,4.546630554792166,3.754027493262593,,,,,
1273,7.296313047409058,4.52093987139765,3.7519681393526927,,,,,
1274,7.2767486572265625,4.4961116360419755,3.7499073262838873,,,,,
1275,7.315593004226685,4.521564609940895,3.747845056280383,,,,,
1276,7.2949347496032715,4.503055952967143,3.745781331567955,,,,,
1277,7.233389854431152,4.457552452357018,3.743716154373951,,,,,
1278,7.218011856079102,4.482849848900552,3.741649526927287,,,,,
1279,7.283912658691406,4.685736028015923,3.7395814514584416,,,,,
1280,7.42726993560791,4.579700732974907,3.737511930199457,,,,,
1281,7.314297676086426,4.537854841046771,3.7354409653839387,,,,,
1282,7.295036554336548,4.5217449946048145,3.733368559247045,,,,,
1283,7.279959201812744,4.48478337013174,3.7312947140254953,,,,,
1284,7.262276887893677,4.50991032650917,3.7292194319575582,,,,,
1285,7.263746023178101,4.486574154534415,3.7271427152830543,,,,,
1286,7.196791648864746,4.4544413391778335,3.7250645662433537,,,,,
1287,7.223763942718506,4.4298666959153925,3.722984987081371,,,,,
1288,7.196751594543457,4.490219090256575,3.720903980041565,,,,,
1289,7.206870794296265,4.433134663791963,3.7188215473699344,,,,,
1290,7.161364316940308,4.450882897258735,3.716737691314018,,,,,
1291,7.154613494873047,4.4679907928358125,3.714652414122891,,,,,
1292,7.173520088195801,4.584757203555809,3.712565718047161,,,,,
1293,7.363304615020752,4.522331793035543,3.7104776053389683,,,,,
1294,7.22057580947876,4.451120105628537,3.708388078251981,,,,,
1295,7.169365406036377,4.473955953219321,3.706297139041394,,,,,
1296,7.175196647644043,4.448698958656403,3.704204789963928,,,,,
1297,7.276259183883667,4.558138935415129,3.7021110332778226,,,,,
1298,7.308783054351807,4.495190756263105,3.7000158712428384,,,,,
1299,7.233061790466309,4.472167413998105,3.697919306120252,,,,,
1300,7.189112424850464,4.461848750787963,3.6958213401728557,,,,,
1301,7.204683303833008,4.527878864230895,3.693721975664951,,,,,
1302,7.239437580108643,4.496720762674792,3.6916212148623515,,,,,
1303,7.198254823684692,4.460676391626768,3.6895190600323775,,,,,
1304,7.21410870552063,4.4449915667960305,3.687415513443851,,,,,
1305,7.174212217330933,4.493857764107929,3.6853105773671,,,,,
1306,7.193533897399902,4.451249710556953,3.68320425407395,,,,,
1307,7.147887229919434,4.4448745215321335,3.681096545837724,,,,,
1308,7.222127676010132,4.499205819035733,3.67898745493324,,,,,
1309,7.215362548828125,4.462834852936466,3.6768769836368076,,,,,
1310,7.192040920257568,4.463341757745532,3.6747651342262273,,,,,
1311,7.170103549957275,4.477444823063019,3.6726519089807863,,,,,
1312,7.184882164001465,4.4164321426838065,3.670537310181256,,,,,
1313,7.13458514213562,4.468749796432577,3.6684213401098926,,,,,
1314,7.163941860198975,4.462722618926955,3.6663040010504306,,,,,
1315,7.1441264152526855,4.419603097183143,3.6641852952880813,,,,,
1316,7.139568090438843,4.563221363005336,3.662065225109533,,,,,
1317,7.244248151779175,4.454323047161929,3.659943792802944,,,,,
1318,7.176817178726196,4.440144040090786,3.657821000657946,,,,,
1319,7.165402889251709,4.511964317178757,3.655696850965637,,,,,
1320,7.222506523132324,4.576349632217318,3.653571346018578,,,,,
1321,7.266412019729614,4.48114517979014,3.651444488110795,,,,,
1322,7.265019655227661,4.476311822775331,3.649316279537775,,,,,
1323,7.196095943450928,4.486210491107954,3.6471867225964605,,,,,
1324,7.1804704666137695,4.471681943360193,3.6450558195852514,,,,,
1325,7.148837566375732,4.48224023888388,3.6429235728039977,,,,,
1326,7.194955587387085,4.457718319196635,3.6407899845540026,,,,,
1327,7.140943765640259,4.44615957843369,3.6386550571380156,,,,,
1328,7.139623641967773,4.424476564647162,3.636518792860232,,,,,
1329,7.139525890350342,4.402384730775807,3.6343811940262887,,,,,
1330,7.096673488616943,4.416426284267749,3.6322422629432647,,,,,
1331,7.139279842376709,4.505873022462198,3.6301020019196764,,,,,
1332,7.160998344421387,4.406465771687144,3.627960413265475,,,,,
1333,7.1319496631622314,4.474531336553537,3.6258174992920456,,,,,
1334,7.224522352218628,4.46213603205656,3.623673262312202,,,,,
1335,7.14821720123291,4.541267206960162,3.621527704640188,,,,,
1336,7.281917095184326,4.495473375740869,3.6193808285916704,,,,,
1337,7.222399950027466,4.435078309619706,3.6172326364837417,,,,,
1338,7.193368911743164,4.471820786543694,3.6150831306349134,,,,,
1339,7.187557935714722,4.480290639312677,3.612932313365114,,,,,
1340,7.163741588592529,4.4404294846944214,3.6107801869956884,,,,,
1341,7.1493308544158936,4.508546590107772,3.608626753849394,,,,,
1342,7.241463661193848,4.471827052430325,3.6064720162504003,,,,,
1343,7.180405616760254,4.440384154303235,3.6043159765242825,,,,,
1344,7.202916145324707,4.464397062926813,3.60215863699802,,,,,
1345,7.159124135971069,4.44157701276204,3.5999999999999996,,,,,
1346,7.167608976364136,4.423066259243976,3.5978400678600053,,,,,
1347,7.140475749969482,4.4789759839402326,3.595678842909218,,,,,
1348,7.172548055648804,4.509926467694897,3.593516327480217,,,,,
1349,7.176928281784058,4.430831606921125,3.591352523906971,,,,,
1350,7.119465351104736,4.410956165716181,3.5891874345248413,,,,,
1351,7.114506006240845,4.482047158947127,3.5870210616705775,,,,,
1352,7.220862865447998,4.446984706927523,3.584853407682312,,,,,
1353,7.19196081161499,4.485807113155748,3.5826844748995623,,,,,
1354,7.2225072383880615,4.557694492348352,3.5805142656632243,,,,,
1355,7.396287202835083,4.668015798311713,3.578342782315572,,,,,
1356,7.567031145095825,5.285115275783803,3.576170027200254,,,,,
1357,8.173661231994629,5.102462137282618,3.5739960026622946,,,,,
1358,7.82299542427063,4.9344732446831685,3.5718207110480837,,,,,
1359,7.733131170272827,4.8277133723892,3.5696441547053817,,,,,
1360,7.628052234649658,4.83750893565563,3.5674663359833128,,,,,
1361,7.634305238723755,4.677503380969657,3.565287257232365,,,,,
1362,7.452220439910889,4.656616862456555,3.5631069208043846,,,,,
1363,7.453409194946289,4.605149454735801,3.5609253290525755,,,,,
1364,7.3622705936431885,4.596907774745075,3.5587424843314976,,,,,
1365,7.3242127895355225,4.522902045185893,3.556558388997062,,,,,
1366,7.28354024887085,4.531038442248901,3.5543730454065305,,,,,
1367,7.268258094787598,4.524131871643678,3.552186455918511,,,,,
1368,7.2403106689453125,4.54001447666869,3.549998622892957,,,,,
1369,7.268013954162598,4.481697175077177,3.5478095486911636,,,,,
1370,7.21717095375061,4.47149452732382,3.545619235675766,,,,,
